{"type":"FeatureCollection","features":[{"type":"Feature","properties":{"id":"aAA0W000000h4IT","address":"37 Souster Ave","oz":"Y"},"geometry":{"type":"Point","coordinates":[-88.278887,42.021536]}},{"type":"Feature","properties":{"id":"aAA0W000000h4HF","address":"700 Wellington Ave","oz":"N"},"geometry":{"type":"Point","coordinates":[-88.274345,42.022007]}},{"type":"Feature","properties":{"id":"aAA0W000000hCjI","address":"654 Wellington Ave","oz":"N"},"geometry":{"type":"Point","coordinates":[-88.274189,42.022523]}},{"type":"Feature","properties":{"id":"aAA0W000000hD0r","address":"646 Wellington Ave","oz":"N"},"geometry":{"type":"Point","coordinates":[-88.274185,42.022681]}},{"type":"Feature","properties":{"id":"aAA0W000000hBKC","address":"642 Wellington Ave","oz":"N"},"geometry":{"type":"Point","coordinates":[-88.274173,42.022864]}},{"type":"Feature","properties":{"id":"aAA0W000000hD0M","address":"634 Wellington Ave","oz":"N"},"geometry":{"type":"Point","coordinates":[-88.274126,42.023029]}},{"type":"Feature","properties":{"id":"aAA0W000000hFZM","address":"628 Wellington Ave","oz":"N"},"geometry":{"type":"Point","coordinates":[-88.274095,42.023218]}},{"type":"Feature","properties":{"id":"aAA0W000000hDKZ","address":"622 Wellington Ave","oz":"N"},"geometry":{"type":"Point","coordinates":[-88.27408,42.023408]}},{"type":"Feature","properties":{"id":"aAA0W000000hCyu","address":"618 Wellington Ave","oz":"N"},"geometry":{"type":"Point","coordinates":[-88.274059,42.023573]}},{"type":"Feature","properties":{"id":"aAA0W000000hChV","address":"606 Wellington Ave","oz":"N"},"geometry":{"type":"Point","coordinates":[-88.274069,42.023954]}},{"type":"Feature","properties":{"id":"aAA0W000000h8Ia","address":"600 Wellington Ave","oz":"N"},"geometry":{"type":"Point","coordinates":[-88.274068,42.024144]}},{"type":"Feature","properties":{"id":"aAA0W000000h3k8","address":"562 Wellington Ave","oz":"N"},"geometry":{"type":"Point","coordinates":[-88.274135,42.024314]}},{"type":"Feature","properties":{"id":"aAA0W000000h8hj","address":"556 Wellington Ave","hd_name":"Elgin National Watch","oz":"N"},"geometry":{"type":"Point","coordinates":[-88.274178,42.024502]}},{"type":"Feature","properties":{"id":"aAA0W000000h9EU","address":"554 Wellington Ave","hd_name":"Elgin National Watch","oz":"N"},"geometry":{"type":"Point","coordinates":[-88.27412,42.024609]}},{"type":"Feature","properties":{"id":"aAA0W000000h5QW","address":"550 Wellington Ave","hd_name":"Elgin National Watch","oz":"N"},"geometry":{"type":"Point","coordinates":[-88.274092,42.024874]}},{"type":"Feature","properties":{"id":"aAA0W000000hAqC","address":"546 Wellington Ave","hd_name":"Elgin National Watch","oz":"N"},"geometry":{"type":"Point","coordinates":[-88.274171,42.024958]}},{"type":"Feature","properties":{"id":"aAA0W000000h5EH","address":"540 Wellington Ave","hd_name":"Elgin National Watch","oz":"N"},"geometry":{"type":"Point","coordinates":[-88.27423,42.02514]}},{"type":"Feature","properties":{"id":"aAA0W000000h5EJ","address":"536 Wellington Ave","hd_name":"Elgin National Watch","oz":"N"},"geometry":{"type":"Point","coordinates":[-88.27422,42.025251]}},{"type":"Feature","properties":{"id":"aAA0W000000h9Pr","address":"534 Wellington Ave","hd_name":"Elgin National Watch","oz":"N"},"geometry":{"type":"Point","coordinates":[-88.274257,42.025408]}},{"type":"Feature","properties":{"id":"aAA0W000000hIVc","address":"269 Lessenden Pl","hd_name":"Elgin National Watch","oz":"N"},"geometry":{"type":"Point","coordinates":[-88.275095,42.025491]}},{"type":"Feature","properties":{"id":"aAA0W000000hDBp","address":"271 Lessenden Pl","hd_name":"Elgin National Watch","oz":"N"},"geometry":{"type":"Point","coordinates":[-88.274946,42.025502]}},{"type":"Feature","properties":{"id":"aAA0W000000h8zP","address":"277 Lessenden Pl","hd_name":"Elgin National Watch","oz":"N"},"geometry":{"type":"Point","coordinates":[-88.274728,42.025506]}},{"type":"Feature","properties":{"id":"aAA0W000000h5E8","address":"265 Lessenden Pl","hd_name":"Elgin National Watch","oz":"N"},"geometry":{"type":"Point","coordinates":[-88.275315,42.025512]}},{"type":"Feature","properties":{"id":"aAA0W000000hClh","address":"532 Wellington Ave","hd_name":"Elgin National Watch","oz":"N"},"geometry":{"type":"Point","coordinates":[-88.274279,42.025557]}},{"type":"Feature","properties":{"id":"aAA0W000000hGNr","address":"528 Wellington Ave","hd_name":"Elgin National Watch","oz":"N"},"geometry":{"type":"Point","coordinates":[-88.274355,42.02575]}},{"type":"Feature","properties":{"id":"aAA0W000000hC5r","address":"266 Lessenden Pl","hd_name":"Elgin National Watch","oz":"N"},"geometry":{"type":"Point","coordinates":[-88.27536,42.025874]}},{"type":"Feature","properties":{"id":"aAA0W000000h6J8","address":"522 Wellington Ave","hd_name":"Elgin National Watch","oz":"N"},"geometry":{"type":"Point","coordinates":[-88.274389,42.025905]}},{"type":"Feature","properties":{"id":"aAA0W000000hFTR","address":"270 Lessenden Pl","hd_name":"Elgin National Watch","oz":"N"},"geometry":{"type":"Point","coordinates":[-88.275101,42.025929]}},{"type":"Feature","properties":{"id":"aAA0W000000hCcA","address":"272 Lessenden Pl","hd_name":"Elgin National Watch","oz":"N"},"geometry":{"type":"Point","coordinates":[-88.274832,42.025929]}},{"type":"Feature","properties":{"id":"aAA0W000000hBLv","address":"518 Wellington Ave","hd_name":"Elgin National Watch","oz":"N"},"geometry":{"type":"Point","coordinates":[-88.274461,42.026016]}},{"type":"Feature","properties":{"id":"aAA0W000000hC1I","address":"514 Wellington Ave","hd_name":"Elgin National Watch","oz":"N"},"geometry":{"type":"Point","coordinates":[-88.274494,42.026156]}},{"type":"Feature","properties":{"id":"aAA0W000000h5tp","address":"510 Wellington Ave","hd_name":"Elgin National Watch","oz":"N"},"geometry":{"type":"Point","coordinates":[-88.274604,42.02631]}},{"type":"Feature","properties":{"id":"aAA0W000000hGNo","address":"504 Wellington Ave","hd_name":"Elgin National Watch","oz":"N"},"geometry":{"type":"Point","coordinates":[-88.274654,42.026539]}},{"type":"Feature","properties":{"id":"aAA0W000000hAGM","address":"502 Wellington Ave","hd_name":"Elgin National Watch","oz":"N"},"geometry":{"type":"Point","coordinates":[-88.274648,42.026629]}},{"type":"Feature","properties":{"id":"aAA0W000000h7S0","address":"5 Times Sq Unit 113","oz":"N"},"geometry":{"type":"Point","coordinates":[-88.27474,42.0269]}},{"type":"Feature","properties":{"id":"aAA0W000000h7S1","address":"4 Times Sq Unit 313","oz":"N"},"geometry":{"type":"Point","coordinates":[-88.27509,42.026912]}},{"type":"Feature","properties":{"id":"aAA0W000000h3Yq","address":"4 Times Sq Unit 307","oz":"N"},"geometry":{"type":"Point","coordinates":[-88.275377,42.026914]}},{"type":"Feature","properties":{"id":"aAA0W000000h3Yr","address":"4 Times Sq Unit 311","oz":"N"},"geometry":{"type":"Point","coordinates":[-88.275224,42.026915]}},{"type":"Feature","properties":{"id":"aAA0W000000h3Ys","address":"4 Times Sq Unit 301","oz":"N"},"geometry":{"type":"Point","coordinates":[-88.275618,42.026915]}},{"type":"Feature","properties":{"id":"aAA0W000000h3Yt","address":"5 Times Sq Unit 212","oz":"N"},"geometry":{"type":"Point","coordinates":[-88.274683,42.026916]}},{"type":"Feature","properties":{"id":"aAA0W000000h8S6","address":"5 Times Sq Unit 309","oz":"N"},"geometry":{"type":"Point","coordinates":[-88.274614,42.026933]}},{"type":"Feature","properties":{"id":"aAA0W000000hDgD","address":"4 Times Sq","oz":"N"},"geometry":{"type":"Point","coordinates":[-88.275356,42.026953]}},{"type":"Feature","properties":{"id":"aAA0W000000h8S7","address":"4 Times Sq Unit 201","oz":"N"},"geometry":{"type":"Point","coordinates":[-88.275426,42.026955]}},{"type":"Feature","properties":{"id":"aAA0W000000h8S9","address":"5 Times Sq Unit 112","oz":"N"},"geometry":{"type":"Point","coordinates":[-88.274756,42.026993]}},{"type":"Feature","properties":{"id":"aAA0W000000h8SA","address":"4 Times Sq Unit 109","oz":"N"},"geometry":{"type":"Point","coordinates":[-88.275377,42.026995]}},{"type":"Feature","properties":{"id":"aAA0W000000h6xL","address":"4 Times Sq Unit 110","oz":"N"},"geometry":{"type":"Point","coordinates":[-88.275225,42.026996]}},{"type":"Feature","properties":{"id":"aAA0W000000h6xM","address":"5 Times Sq Unit 211","oz":"N"},"geometry":{"type":"Point","coordinates":[-88.274703,42.026997]}},{"type":"Feature","properties":{"id":"aAA0W000000h6xN","address":"4 Times Sq Unit 112","oz":"N"},"geometry":{"type":"Point","coordinates":[-88.275085,42.026997]}},{"type":"Feature","properties":{"id":"aAA0W000000h6xO","address":"4 Times Sq Unit 101","oz":"N"},"geometry":{"type":"Point","coordinates":[-88.275626,42.027001]}},{"type":"Feature","properties":{"id":"aAA0W000000h47q","address":"5 Times Sq Unit 308","oz":"N"},"geometry":{"type":"Point","coordinates":[-88.274632,42.027009]}},{"type":"Feature","properties":{"id":"aAA0W000000h47u","address":"5 Times Sq Unit 207","oz":"N"},"geometry":{"type":"Point","coordinates":[-88.274714,42.027039]}},{"type":"Feature","properties":{"id":"aAA0W000000h9Wu","address":"5 Times Sq Unit 304","oz":"N"},"geometry":{"type":"Point","coordinates":[-88.274646,42.027071]}},{"type":"Feature","properties":{"id":"aAA0W000000h9Wv","address":"5 Times Sq Unit 109","oz":"N"},"geometry":{"type":"Point","coordinates":[-88.274773,42.027079]}},{"type":"Feature","properties":{"id":"aAA0W000000hCCf","address":"5 Times Sq","oz":"N"},"geometry":{"type":"Point","coordinates":[-88.274722,42.027086]}},{"type":"Feature","properties":{"id":"aAA0W000000h9Wx","address":"5 Times Sq Unit 206","oz":"N"},"geometry":{"type":"Point","coordinates":[-88.274731,42.027109]}},{"type":"Feature","properties":{"id":"aAA0W000000h9Wy","address":"5 Times Sq Unit 303","oz":"N"},"geometry":{"type":"Point","coordinates":[-88.274665,42.027119]}},{"type":"Feature","properties":{"id":"aAA0W000000h9Wz","address":"5 Times Sq Unit 106","oz":"N"},"geometry":{"type":"Point","coordinates":[-88.274797,42.027148]}},{"type":"Feature","properties":{"id":"aAA0W000000hCKb","address":"85 National St","oz":"N"},"geometry":{"type":"Point","coordinates":[-88.27912,42.027154]}},{"type":"Feature","properties":{"id":"aAA0W000000h9X0","address":"5 Times Sq Unit 202","oz":"N"},"geometry":{"type":"Point","coordinates":[-88.274749,42.027166]}},{"type":"Feature","properties":{"id":"aAA0W000000h9X1","address":"5 Times Sq Unit 302","oz":"N"},"geometry":{"type":"Point","coordinates":[-88.274682,42.027183]}},{"type":"Feature","properties":{"id":"aAA0W000000h9X4","address":"5 Times Sq Unit 101","oz":"N"},"geometry":{"type":"Point","coordinates":[-88.274817,42.027221]}},{"type":"Feature","properties":{"id":"aAA0W000000h6kY","address":"5 Times Sq Unit 201","oz":"N"},"geometry":{"type":"Point","coordinates":[-88.274758,42.027236]}},{"type":"Feature","properties":{"id":"aAA0W000000h6kZ","address":"5 Times Sq Unit 301","oz":"N"},"geometry":{"type":"Point","coordinates":[-88.274698,42.027245]}},{"type":"Feature","properties":{"id":"aAA0W000000h6RY","address":"3 Times Sq Unit 217","oz":"N"},"geometry":{"type":"Point","coordinates":[-88.275447,42.027357]}},{"type":"Feature","properties":{"id":"aAA0W000000h6ka","address":"3 Times Sq Unit 117","oz":"N"},"geometry":{"type":"Point","coordinates":[-88.275497,42.02736]}},{"type":"Feature","properties":{"id":"aAA0W000000h6kc","address":"3 Times Sq Unit 215","oz":"N"},"geometry":{"type":"Point","coordinates":[-88.275454,42.027387]}},{"type":"Feature","properties":{"id":"aAA0W000000h6kh","address":"3 Times Sq Unit 114","oz":"N"},"geometry":{"type":"Point","coordinates":[-88.275501,42.027406]}},{"type":"Feature","properties":{"id":"aAA0W000000h4Nw","address":"3 Times Sq Unit 214","oz":"N"},"geometry":{"type":"Point","coordinates":[-88.275457,42.027416]}},{"type":"Feature","properties":{"id":"aAA0W000000h4O0","address":"3 Times Sq Unit 213","oz":"N"},"geometry":{"type":"Point","coordinates":[-88.275461,42.027445]}},{"type":"Feature","properties":{"id":"aAA0W000000h4O2","address":"3 Times Sq Unit 112","oz":"N"},"geometry":{"type":"Point","coordinates":[-88.27551,42.027452]}},{"type":"Feature","properties":{"id":"aAA0W000000h4X8","address":"3 Times Sq Unit 315","oz":"N"},"geometry":{"type":"Point","coordinates":[-88.275416,42.027464]}},{"type":"Feature","properties":{"id":"aAA0W000000h7Ew","address":"3 Times Sq Unit 212","oz":"N"},"geometry":{"type":"Point","coordinates":[-88.275468,42.027478]}},{"type":"Feature","properties":{"id":"aAA0W000000hF1Y","address":"3 Times Sq Unit 110","oz":"N"},"geometry":{"type":"Point","coordinates":[-88.275524,42.027503]}},{"type":"Feature","properties":{"id":"aAA0W000000hGHk","address":"3 Times Sq Unit 210","oz":"N"},"geometry":{"type":"Point","coordinates":[-88.275475,42.027508]}},{"type":"Feature","properties":{"id":"aAA0W000000hGHr","address":"3 Times Sq Unit 313","oz":"N"},"geometry":{"type":"Point","coordinates":[-88.275428,42.027519]}},{"type":"Feature","properties":{"id":"aAA0W000000h8jK","address":"3 Times Sq Unit 108","oz":"N"},"geometry":{"type":"Point","coordinates":[-88.275534,42.027547]}},{"type":"Feature","properties":{"id":"aAA0W000000hGLA","address":"3 Times Sq Unit 209","oz":"N"},"geometry":{"type":"Point","coordinates":[-88.275485,42.027551]}},{"type":"Feature","properties":{"id":"aAA0W000000h6RZ","address":"2 Times Sq Unit 216","oz":"N"},"geometry":{"type":"Point","coordinates":[-88.274889,42.027561]}},{"type":"Feature","properties":{"id":"aAA0W000000hGLD","address":"2 Times Sq Unit 316","oz":"N"},"geometry":{"type":"Point","coordinates":[-88.274963,42.027566]}},{"type":"Feature","properties":{"id":"aAA0W000000hGLG","address":"3 Times Sq Unit 312","oz":"N"},"geometry":{"type":"Point","coordinates":[-88.27544,42.027571]}},{"type":"Feature","properties":{"id":"aAA0W000000hGLJ","address":"2 Times Sq Unit 213","oz":"N"},"geometry":{"type":"Point","coordinates":[-88.274896,42.027585]}},{"type":"Feature","properties":{"id":"aAA0W000000h4OV","address":"3 Times Sq Unit 106","oz":"N"},"geometry":{"type":"Point","coordinates":[-88.275544,42.02759]}},{"type":"Feature","properties":{"id":"aAA0W000000h5Ar","address":"3 Times Sq","oz":"N"},"geometry":{"type":"Point","coordinates":[-88.275495,42.02759]}},{"type":"Feature","properties":{"id":"aAA0W000000h4OY","address":"3 Times Sq Unit 208","oz":"N"},"geometry":{"type":"Point","coordinates":[-88.275499,42.027601]}},{"type":"Feature","properties":{"id":"aAA0W000000hChH","address":"2 Times Sq Unit 314","oz":"N"},"geometry":{"type":"Point","coordinates":[-88.274987,42.027604]}},{"type":"Feature","properties":{"id":"aAA0W000000h4Oa","address":"3 Times Sq Unit 306","oz":"N"},"geometry":{"type":"Point","coordinates":[-88.275451,42.02761]}},{"type":"Feature","properties":{"id":"aAA0W000000h4Ob","address":"2 Times Sq Unit 212","oz":"N"},"geometry":{"type":"Point","coordinates":[-88.274906,42.027611]}},{"type":"Feature","properties":{"id":"aAA0W000000h4Od","address":"2 Times Sq Unit 313","oz":"N"},"geometry":{"type":"Point","coordinates":[-88.275,42.027636]}},{"type":"Feature","properties":{"id":"aAA0W000000h8Ns","address":"2 Times Sq Unit 211","oz":"N"},"geometry":{"type":"Point","coordinates":[-88.274919,42.027637]}},{"type":"Feature","properties":{"id":"aAA0W000000h8Nu","address":"3 Times Sq Unit 104","oz":"N"},"geometry":{"type":"Point","coordinates":[-88.275558,42.027644]}},{"type":"Feature","properties":{"id":"aAA0W000000h8Od","address":"3 Times Sq Unit 207","oz":"N"},"geometry":{"type":"Point","coordinates":[-88.275509,42.02765]}},{"type":"Feature","properties":{"id":"aAA0W000000h8Oe","address":"3 Times Sq Unit 305","oz":"N"},"geometry":{"type":"Point","coordinates":[-88.27546,42.027651]}},{"type":"Feature","properties":{"id":"aAA0W000000h8Of","address":"2 Times Sq Unit 210","oz":"N"},"geometry":{"type":"Point","coordinates":[-88.274933,42.027663]}},{"type":"Feature","properties":{"id":"aAA0W000000h8Og","address":"2 Times Sq Unit 311","oz":"N"},"geometry":{"type":"Point","coordinates":[-88.275013,42.027667]}},{"type":"Feature","properties":{"id":"aAA0W000000h8Oh","address":"2 Times Sq Unit 115","oz":"N"},"geometry":{"type":"Point","coordinates":[-88.274887,42.027673]}},{"type":"Feature","properties":{"id":"aAA0W000000h7jm","address":"3 Times Sq Unit 304","oz":"N"},"geometry":{"type":"Point","coordinates":[-88.275465,42.027687]}},{"type":"Feature","properties":{"id":"aAA0W000000h7jn","address":"2 Times Sq Unit 209","oz":"N"},"geometry":{"type":"Point","coordinates":[-88.274952,42.027689]}},{"type":"Feature","properties":{"id":"aAA0W000000h7jp","address":"2 Times Sq Unit 309","oz":"N"},"geometry":{"type":"Point","coordinates":[-88.275031,42.0277]}},{"type":"Feature","properties":{"id":"aAA0W000000h7jr","address":"3 Times Sq Unit 103","oz":"N"},"geometry":{"type":"Point","coordinates":[-88.275571,42.027715]}},{"type":"Feature","properties":{"id":"aAA0W000000h9ck","address":"3 Times Sq Unit 203","oz":"N"},"geometry":{"type":"Point","coordinates":[-88.275521,42.027716]}},{"type":"Feature","properties":{"id":"aAA0W000000h9cm","address":"2 Times Sq Unit 208","oz":"N"},"geometry":{"type":"Point","coordinates":[-88.274977,42.027724]}},{"type":"Feature","properties":{"id":"aAA0W000000h9cn","address":"2 Times Sq Unit 308","oz":"N"},"geometry":{"type":"Point","coordinates":[-88.27505,42.027728]}},{"type":"Feature","properties":{"id":"aAA0W000000h9co","address":"3 Times Sq Unit 303","oz":"N"},"geometry":{"type":"Point","coordinates":[-88.275478,42.027735]}},{"type":"Feature","properties":{"id":"aAA0W000000h9cp","address":"2 Times Sq Unit 113","oz":"N"},"geometry":{"type":"Point","coordinates":[-88.274926,42.027738]}},{"type":"Feature","properties":{"id":"aAA0W000000h5As","address":"2 Times Sq","oz":"N"},"geometry":{"type":"Point","coordinates":[-88.275006,42.027763]}},{"type":"Feature","properties":{"id":"aAA0W000000h9cq","address":"2 Times Sq Unit 306","oz":"N"},"geometry":{"type":"Point","coordinates":[-88.275071,42.027767]}},{"type":"Feature","properties":{"id":"aAA0W000000h9cr","address":"3 Times Sq Unit 102","oz":"N"},"geometry":{"type":"Point","coordinates":[-88.275589,42.02777]}},{"type":"Feature","properties":{"id":"aAA0W000000h9cs","address":"3 Times Sq Unit 301","oz":"N"},"geometry":{"type":"Point","coordinates":[-88.275488,42.027771]}},{"type":"Feature","properties":{"id":"aAA0W000000h9ct","address":"3 Times Sq Unit 201","oz":"N"},"geometry":{"type":"Point","coordinates":[-88.275533,42.027776]}},{"type":"Feature","properties":{"id":"aAA0W000000h9cu","address":"2 Times Sq Unit 205","oz":"N"},"geometry":{"type":"Point","coordinates":[-88.275027,42.027802]}},{"type":"Feature","properties":{"id":"aAA0W000000hIR4","address":"2 Times Sq Unit 110","oz":"N"},"geometry":{"type":"Point","coordinates":[-88.274962,42.027805]}},{"type":"Feature","properties":{"id":"aAA0W000000hIR5","address":"2 Times Sq Unit 305","oz":"N"},"geometry":{"type":"Point","coordinates":[-88.27509,42.027807]}},{"type":"Feature","properties":{"id":"aAA0W000000hIR6","address":"2 Times Sq Unit 304","oz":"N"},"geometry":{"type":"Point","coordinates":[-88.275117,42.027852]}},{"type":"Feature","properties":{"id":"aAA0W000000hIR7","address":"2 Times Sq Unit 203","oz":"N"},"geometry":{"type":"Point","coordinates":[-88.275056,42.027859]}},{"type":"Feature","properties":{"id":"aAA0W000000hIR8","address":"2 Times Sq Unit 109","oz":"N"},"geometry":{"type":"Point","coordinates":[-88.274993,42.02786]}},{"type":"Feature","properties":{"id":"aAA0W000000hIXK","address":"65 National St Unit A","oz":"N"},"geometry":{"type":"Point","coordinates":[-88.280351,42.027895]}},{"type":"Feature","properties":{"id":"aAA0W000000hIR9","address":"2 Times Sq Unit 301","oz":"N"},"geometry":{"type":"Point","coordinates":[-88.27514,42.027903]}},{"type":"Feature","properties":{"id":"aAA0W000000hIRA","address":"2 Times Sq Unit 202","oz":"N"},"geometry":{"type":"Point","coordinates":[-88.275087,42.02792]}},{"type":"Feature","properties":{"id":"aAA0W000000hEoI","address":"2 Times Sq Unit 107","oz":"N"},"geometry":{"type":"Point","coordinates":[-88.275027,42.027922]}},{"type":"Feature","properties":{"id":"aAA0W000000hB5y","address":"65 National St","oz":"N"},"geometry":{"type":"Point","coordinates":[-88.280416,42.027999]}},{"type":"Feature","properties":{"id":"aAA0W000000hAiG","address":"65 National St Unit B","oz":"N"},"geometry":{"type":"Point","coordinates":[-88.280496,42.028134]}},{"type":"Feature","properties":{"id":"aAA0W000000h7S2","address":"1 Times Sq Unit 309","oz":"N"},"geometry":{"type":"Point","coordinates":[-88.275536,42.028169]}},{"type":"Feature","properties":{"id":"aAA0W000000hIRN","address":"1 Times Sq Unit 212","oz":"N"},"geometry":{"type":"Point","coordinates":[-88.275537,42.028204]}},{"type":"Feature","properties":{"id":"aAA0W000000hIRP","address":"1 Times Sq Unit 1","oz":"N"},"geometry":{"type":"Point","coordinates":[-88.275609,42.028207]}},{"type":"Feature","properties":{"id":"aAA0W000000hIRR","address":"1 Times Sq Unit 306","oz":"N"},"geometry":{"type":"Point","coordinates":[-88.27542,42.02821]}},{"type":"Feature","properties":{"id":"aAA0W000000hIRV","address":"1 Times Sq Unit 209","oz":"N"},"geometry":{"type":"Point","coordinates":[-88.275469,42.028228]}},{"type":"Feature","properties":{"id":"aAA0W000000hIRT","address":"1 Times Sq Unit 305","oz":"N"},"geometry":{"type":"Point","coordinates":[-88.275365,42.028227]}},{"type":"Feature","properties":{"id":"aAA0W000000hIRX","address":"1 Times Sq Unit 109","oz":"N"},"geometry":{"type":"Point","coordinates":[-88.275545,42.028235]}},{"type":"Feature","properties":{"id":"aAA0W000000hIRZ","address":"1 Times Sq Unit 206","oz":"N"},"geometry":{"type":"Point","coordinates":[-88.275434,42.028241]}},{"type":"Feature","properties":{"id":"aAA0W000000hIRb","address":"1 Times Sq Unit 301","oz":"N"},"geometry":{"type":"Point","coordinates":[-88.275305,42.02825]}},{"type":"Feature","properties":{"id":"aAA0W000000hIRd","address":"1 Times Sq Unit 108","oz":"N"},"geometry":{"type":"Point","coordinates":[-88.2755,42.028252]}},{"type":"Feature","properties":{"id":"aAA0W000000hIRe","address":"1 Times Sq Unit 202","oz":"N"},"geometry":{"type":"Point","coordinates":[-88.275394,42.028258]}},{"type":"Feature","properties":{"id":"aAA0W000000h3Yu","address":"1 Times Sq Unit 106","oz":"N"},"geometry":{"type":"Point","coordinates":[-88.275435,42.02827]}},{"type":"Feature","properties":{"id":"aAA0W000000hIRi","address":"1 Times Sq Unit 201","oz":"N"},"geometry":{"type":"Point","coordinates":[-88.275323,42.028277]}},{"type":"Feature","properties":{"id":"aAA0W000000hIRj","address":"1 Times Sq Unit 104","oz":"N"},"geometry":{"type":"Point","coordinates":[-88.275353,42.0283]}},{"type":"Feature","properties":{"id":"aAA0W000000hIRf","address":"1 Times Sq Unit 103","oz":"N"},"geometry":{"type":"Point","coordinates":[-88.275272,42.028336]}},{"type":"Feature","properties":{"id":"aAA0W000000hCXd","address":"1 Clock Tower Plz Unit A","oz":"N"},"geometry":{"type":"Point","coordinates":[-88.277326,42.02834]}},{"type":"Feature","properties":{"id":"aAA0W000000h7NT","address":"1 Clock Tower Plz Unit B","oz":"N"},"geometry":{"type":"Point","coordinates":[-88.277284,42.028355]}},{"type":"Feature","properties":{"id":"aAA0W000000h8DL","address":"1 Clock Tower Plz","oz":"N"},"geometry":{"type":"Point","coordinates":[-88.277258,42.028364]}},{"type":"Feature","properties":{"id":"aAA0W000000h8DM","address":"1 Clock Tower Plz Unit C","oz":"N"},"geometry":{"type":"Point","coordinates":[-88.277193,42.028392]}},{"type":"Feature","properties":{"id":"aAA0W000000h8DN","address":"1 Clock Tower Plz Unit D","oz":"N"},"geometry":{"type":"Point","coordinates":[-88.277115,42.028423]}},{"type":"Feature","properties":{"id":"aAA0W000000hCZp","address":"3 Clock Tower Plz","oz":"N"},"geometry":{"type":"Point","coordinates":[-88.27699,42.028468]}},{"type":"Feature","properties":{"id":"aAA0W000000h8DS","address":"5 Clock Tower Plz","oz":"N"},"geometry":{"type":"Point","coordinates":[-88.276735,42.028569]}},{"type":"Feature","properties":{"id":"aAA0W000000hIPs","address":"7 Clock Tower Plz","oz":"N"},"geometry":{"type":"Point","coordinates":[-88.276587,42.028616]}},{"type":"Feature","properties":{"id":"aAA0W000000hFNt","address":"325 Hendee St","oz":"N"},"geometry":{"type":"Point","coordinates":[-88.281237,42.028629]}},{"type":"Feature","properties":{"id":"aAA0W000000hAvP","address":"9 Clock Tower Plz","oz":"N"},"geometry":{"type":"Point","coordinates":[-88.276475,42.028679]}},{"type":"Feature","properties":{"id":"aAA0W000000hIQS","address":"13 Clock Tower Plz","oz":"N"},"geometry":{"type":"Point","coordinates":[-88.276283,42.02875]}},{"type":"Feature","properties":{"id":"aAA0W000000hIQ6","address":"17 Clock Tower Plz","oz":"N"},"geometry":{"type":"Point","coordinates":[-88.276079,42.028792]}},{"type":"Feature","properties":{"id":"aAA0W000000hIQ7","address":"19 Clock Tower Plz","oz":"N"},"geometry":{"type":"Point","coordinates":[-88.275844,42.028875]}},{"type":"Feature","properties":{"id":"aAA0W000000hIQT","address":"21 Clock Tower Plz","oz":"N"},"geometry":{"type":"Point","coordinates":[-88.27576,42.029039]}},{"type":"Feature","properties":{"id":"aAA0W000000hIQ8","address":"23 Clock Tower Plz","oz":"N"},"geometry":{"type":"Point","coordinates":[-88.275808,42.029098]}},{"type":"Feature","properties":{"id":"aAA0W000000hIXL","address":"75 National St","oz":"N"},"geometry":{"type":"Point","coordinates":[-88.281201,42.029154]}},{"type":"Feature","properties":{"id":"aAA0W000000h9As","address":"27 Clock Tower Plz","oz":"N"},"geometry":{"type":"Point","coordinates":[-88.275899,42.029211]}},{"type":"Feature","properties":{"id":"aAA0W000000hIPt","address":"29 Clock Tower Plz","oz":"N"},"geometry":{"type":"Point","coordinates":[-88.275931,42.029259]}},{"type":"Feature","properties":{"id":"aAA0W000000hC15","address":"271 S State St","oz":"N"},"geometry":{"type":"Point","coordinates":[-88.282658,42.029293]}},{"type":"Feature","properties":{"id":"aAA0W000000h9At","address":"31 Clock Tower Plz","oz":"N"},"geometry":{"type":"Point","coordinates":[-88.275959,42.029307]}},{"type":"Feature","properties":{"id":"aAA0W000000h4ts","address":"301 Hendee St","oz":"N"},"geometry":{"type":"Point","coordinates":[-88.281753,42.02932]}},{"type":"Feature","properties":{"id":"aAA0W000000h9Ei","address":"269 S State St","oz":"N"},"geometry":{"type":"Point","coordinates":[-88.282691,42.02935]}},{"type":"Feature","properties":{"id":"aAA0W000000hFXZ","address":"315 Hendee St","oz":"N"},"geometry":{"type":"Point","coordinates":[-88.281696,42.029354]}},{"type":"Feature","properties":{"id":"aAA0W000000h9Au","address":"33 Clock Tower Plz","oz":"N"},"geometry":{"type":"Point","coordinates":[-88.276003,42.02936]}},{"type":"Feature","properties":{"id":"aAA0W000000hC1g","address":"6 National St Unit Corner","oz":"N"},"geometry":{"type":"Point","coordinates":[-88.28248,42.029373]}},{"type":"Feature","properties":{"id":"aAA0W000000h9Av","address":"35 Clock Tower Plz","oz":"N"},"geometry":{"type":"Point","coordinates":[-88.276036,42.029403]}},{"type":"Feature","properties":{"id":"aAA0W000000hBT6","address":"267 S State St","oz":"N"},"geometry":{"type":"Point","coordinates":[-88.282681,42.029427]}},{"type":"Feature","properties":{"id":"aAA0W000000h3yC","address":"16 National St Unit 2","oz":"N"},"geometry":{"type":"Point","coordinates":[-88.282337,42.029444]}},{"type":"Feature","properties":{"id":"aAA0W000000h9Ax","address":"37 Clock Tower Plz","oz":"N"},"geometry":{"type":"Point","coordinates":[-88.276062,42.029452]}},{"type":"Feature","properties":{"id":"aAA0W000000hGNn","address":"16 National St Unit 1","oz":"N"},"geometry":{"type":"Point","coordinates":[-88.282282,42.029463]}},{"type":"Feature","properties":{"id":"aAA0W000000hBD6","address":"16 National St","oz":"N"},"geometry":{"type":"Point","coordinates":[-88.282312,42.029477]}},{"type":"Feature","properties":{"id":"aAA0W000000h6ki","address":"39 Clock Tower Plz","oz":"N"},"geometry":{"type":"Point","coordinates":[-88.276094,42.029496]}},{"type":"Feature","properties":{"id":"aAA0W000000hBkK","address":"20 National St","oz":"N"},"geometry":{"type":"Point","coordinates":[-88.282213,42.029529]}},{"type":"Feature","properties":{"id":"aAA0W000000hC06","address":"250 Watch St","hd_name":"Elgin National Watch","oz":"N"},"geometry":{"type":"Point","coordinates":[-88.275294,42.02953]}},{"type":"Feature","properties":{"id":"aAA0W000000hIQV","address":"45 Clock Tower Plz","oz":"N"},"geometry":{"type":"Point","coordinates":[-88.276226,42.029537]}},{"type":"Feature","properties":{"id":"aAA0W000000hDHu","address":"256 Watch St","hd_name":"Elgin National Watch","oz":"N"},"geometry":{"type":"Point","coordinates":[-88.275074,42.029593]}},{"type":"Feature","properties":{"id":"aAA0W000000h9Az","address":"47 Clock Tower Plz","oz":"N"},"geometry":{"type":"Point","coordinates":[-88.276325,42.029597]}},{"type":"Feature","properties":{"id":"aAA0W000000hFbs","address":"30 National St","oz":"N"},"geometry":{"type":"Point","coordinates":[-88.282108,42.029606]}},{"type":"Feature","properties":{"id":"aAA0W000000h6nZ","address":"30 National St Unit 1","oz":"N"},"geometry":{"type":"Point","coordinates":[-88.282115,42.02962]}},{"type":"Feature","properties":{"id":"aAA0W000000h4fp","address":"40 National St","oz":"N"},"geometry":{"type":"Point","coordinates":[-88.282033,42.029637]}},{"type":"Feature","properties":{"id":"aAA0W000000h5WQ","address":"54 National St Unit A","oz":"N"},"geometry":{"type":"Point","coordinates":[-88.281782,42.029638]}},{"type":"Feature","properties":{"id":"aAA0W000000hCQY","address":"54 National St","oz":"N"},"geometry":{"type":"Point","coordinates":[-88.281828,42.029644]}},{"type":"Feature","properties":{"id":"aAA0W000000h8HE","address":"54 National St Unit B","oz":"N"},"geometry":{"type":"Point","coordinates":[-88.281793,42.029658]}},{"type":"Feature","properties":{"id":"aAA0W000000hFE6","address":"257 S State St","oz":"N"},"geometry":{"type":"Point","coordinates":[-88.282719,42.029661]}},{"type":"Feature","properties":{"id":"aAA0W000000hGRF","address":"87 Clock Tower Plz","oz":"N"},"geometry":{"type":"Point","coordinates":[-88.277969,42.029668]}},{"type":"Feature","properties":{"id":"aAA0W000000h8HF","address":"54 National St Unit C","oz":"N"},"geometry":{"type":"Point","coordinates":[-88.281807,42.029678]}},{"type":"Feature","properties":{"id":"aAA0W000000hDAy","address":"260 Watch St","hd_name":"Elgin National Watch","oz":"N"},"geometry":{"type":"Point","coordinates":[-88.274945,42.029676]}},{"type":"Feature","properties":{"id":"aAA0W000000h9B0","address":"89 Clock Tower Plz","oz":"N"},"geometry":{"type":"Point","coordinates":[-88.278002,42.029717]}},{"type":"Feature","properties":{"id":"aAA0W000000h8HG","address":"52 National St","oz":"N"},"geometry":{"type":"Point","coordinates":[-88.281862,42.029729]}},{"type":"Feature","properties":{"id":"aAA0W000000hDDW","address":"262 Watch St","hd_name":"Elgin National Watch","oz":"N"},"geometry":{"type":"Point","coordinates":[-88.274819,42.02973]}},{"type":"Feature","properties":{"id":"aAA0W000000hCoj","address":"270 Watch St","hd_name":"Elgin National Watch","oz":"N"},"geometry":{"type":"Point","coordinates":[-88.274581,42.029737]}},{"type":"Feature","properties":{"id":"aAA0W000000hBKP","address":"266 Watch St","hd_name":"Elgin National Watch","oz":"N"},"geometry":{"type":"Point","coordinates":[-88.274704,42.029748]}},{"type":"Feature","properties":{"id":"aAA0W000000hIQK","address":"91 Clock Tower Plz","oz":"N"},"geometry":{"type":"Point","coordinates":[-88.278045,42.029777]}},{"type":"Feature","properties":{"id":"aAA0W000000h4zY","address":"50 National St","oz":"N"},"geometry":{"type":"Point","coordinates":[-88.281756,42.029804]}},{"type":"Feature","properties":{"id":"aAA0W000000h6mL","address":"331 Wellington Ave","hd_name":"Elgin National Watch","oz":"N"},"geometry":{"type":"Point","coordinates":[-88.275447,42.029827]}},{"type":"Feature","properties":{"id":"aAA0W000000h4c8","address":"95 Clock Tower Plz","oz":"N"},"geometry":{"type":"Point","coordinates":[-88.278084,42.02983]}},{"type":"Feature","properties":{"id":"aAA0W000000h4c9","address":"51 Clock Tower Plz","oz":"N"},"geometry":{"type":"Point","coordinates":[-88.276488,42.029833]}},{"type":"Feature","properties":{"id":"aAA0W000000hCOY","address":"346 Raymond St","hd_name":"Elgin National Watch","oz":"N"},"geometry":{"type":"Point","coordinates":[-88.274347,42.029834]}},{"type":"Feature","properties":{"id":"aAA0W000000h8yc","address":"53 Clock Tower Plz","oz":"N"},"geometry":{"type":"Point","coordinates":[-88.276427,42.029856]}},{"type":"Feature","properties":{"id":"aAA0W000000hCyJ","address":"245 S State St","oz":"N"},"geometry":{"type":"Point","coordinates":[-88.282764,42.029861]}},{"type":"Feature","properties":{"id":"aAA0W000000h4cA","address":"55 Clock Tower Plz","oz":"N"},"geometry":{"type":"Point","coordinates":[-88.27637,42.029876]}},{"type":"Feature","properties":{"id":"aAA0W000000h4pa","address":"59 Clock Tower Plz","oz":"N"},"geometry":{"type":"Point","coordinates":[-88.27628,42.02991]}},{"type":"Feature","properties":{"id":"aAA0W000000h9iJ","address":"344 Raymond St","hd_name":"Elgin National Watch","oz":"N"},"geometry":{"type":"Point","coordinates":[-88.274414,42.029934]}},{"type":"Feature","properties":{"id":"aAA0W000000hAf7","address":"342 Raymond St","hd_name":"Elgin National Watch","oz":"N"},"geometry":{"type":"Point","coordinates":[-88.274452,42.02999]}},{"type":"Feature","properties":{"id":"aAA0W000000hIX0","address":"243 S State St","oz":"N"},"geometry":{"type":"Point","coordinates":[-88.28284,42.030004]}},{"type":"Feature","properties":{"id":"aAA0W000000hCUW","address":"325 Wellington Ave","hd_name":"Elgin National Watch","oz":"N"},"geometry":{"type":"Point","coordinates":[-88.275611,42.030036]}},{"type":"Feature","properties":{"id":"aAA0W000000hIAY","address":"338 Raymond St","hd_name":"Elgin National Watch","oz":"N"},"geometry":{"type":"Point","coordinates":[-88.274506,42.030051]}},{"type":"Feature","properties":{"id":"aAA0W000000h4ey","address":"101 Standish Ct","oz":"N"},"geometry":{"type":"Point","coordinates":[-88.282129,42.030082]}},{"type":"Feature","properties":{"id":"aAA0W000000h7Zu","address":"71 Clock Tower Plz","oz":"N"},"geometry":{"type":"Point","coordinates":[-88.27682,42.030114]}},{"type":"Feature","properties":{"id":"aAA0W000000h74K","address":"330 Raymond St Unit 10","hd_name":"Elgin National Watch","oz":"N"},"geometry":{"type":"Point","coordinates":[-88.27486,42.030119]}},{"type":"Feature","properties":{"id":"aAA0W000000h5Qp","address":"334 Raymond St Unit 4","hd_name":"Elgin National Watch","oz":"N"},"geometry":{"type":"Point","coordinates":[-88.274592,42.030154]}},{"type":"Feature","properties":{"id":"aAA0W000000h8ye","address":"73 Clock Tower Plz","oz":"N"},"geometry":{"type":"Point","coordinates":[-88.27685,42.030157]}},{"type":"Feature","properties":{"id":"aAA0W000000hIXF","address":"241 S State St","oz":"N"},"geometry":{"type":"Point","coordinates":[-88.282928,42.030167]}},{"type":"Feature","properties":{"id":"aAA0W000000h6NZ","address":"328 Raymond St","hd_name":"Elgin National Watch","oz":"N"},"geometry":{"type":"Point","coordinates":[-88.275047,42.030169]}},{"type":"Feature","properties":{"id":"aAA0W000000hF6K","address":"323 Wellington Ave","hd_name":"Elgin National Watch","oz":"N"},"geometry":{"type":"Point","coordinates":[-88.275609,42.030174]}},{"type":"Feature","properties":{"id":"aAA0W000000h5FR","address":"334 Raymond St","hd_name":"Elgin National Watch","oz":"N"},"geometry":{"type":"Point","coordinates":[-88.274609,42.030174]}},{"type":"Feature","properties":{"id":"aAA0W000000h9jp","address":"105 Standish Ct","oz":"N"},"geometry":{"type":"Point","coordinates":[-88.282614,42.030193]}},{"type":"Feature","properties":{"id":"aAA0W000000h5Qq","address":"334 Raymond St Unit 1","hd_name":"Elgin National Watch","oz":"N"},"geometry":{"type":"Point","coordinates":[-88.274621,42.030195]}},{"type":"Feature","properties":{"id":"aAA0W000000h86v","address":"103 Standish Ct","oz":"N"},"geometry":{"type":"Point","coordinates":[-88.282463,42.030226]}},{"type":"Feature","properties":{"id":"aAA0W000000hGMt","address":"321 Wellington Ave","hd_name":"Elgin National Watch","oz":"N"},"geometry":{"type":"Point","coordinates":[-88.275673,42.030247]}},{"type":"Feature","properties":{"id":"aAA0W000000h8yf","address":"79 Clock Tower Plz","oz":"N"},"geometry":{"type":"Point","coordinates":[-88.276947,42.030294]}},{"type":"Feature","properties":{"id":"aAA0W000000hA6L","address":"326 Raymond St","hd_name":"Elgin National Watch","oz":"N"},"geometry":{"type":"Point","coordinates":[-88.274989,42.030302]}},{"type":"Feature","properties":{"id":"aAA0W000000hCcL","address":"317 Wellington Ave","hd_name":"Elgin National Watch","oz":"N"},"geometry":{"type":"Point","coordinates":[-88.275707,42.03032]}},{"type":"Feature","properties":{"id":"aAA0W000000h8yg","address":"81 Clock Tower Plz","oz":"N"},"geometry":{"type":"Point","coordinates":[-88.276975,42.030331]}},{"type":"Feature","properties":{"id":"aAA0W000000h8HY","address":"315 Wellington Ave","hd_name":"Elgin National Watch","oz":"N"},"geometry":{"type":"Point","coordinates":[-88.275714,42.03044]}},{"type":"Feature","properties":{"id":"aAA0W000000hFPV","address":"322 Raymond St","hd_name":"Elgin National Watch","oz":"N"},"geometry":{"type":"Point","coordinates":[-88.274866,42.030466]}},{"type":"Feature","properties":{"id":"aAA0W000000h5FS","address":"320 Raymond St","hd_name":"Elgin National Watch","oz":"N"},"geometry":{"type":"Point","coordinates":[-88.274918,42.030538]}},{"type":"Feature","properties":{"id":"aAA0W000000hIAX","address":"201 National St","hd_name":"Elgin National Watch","oz":"N"},"geometry":{"type":"Point","coordinates":[-88.276234,42.030555]}},{"type":"Feature","properties":{"id":"aAA0W000000h6R5","address":"314 Raymond St Unit 2","hd_name":"Elgin National Watch","oz":"N"},"geometry":{"type":"Point","coordinates":[-88.275046,42.030676]}},{"type":"Feature","properties":{"id":"aAA0W000000hIAq","address":"203 National St Unit 3","hd_name":"Elgin National Watch","oz":"N"},"geometry":{"type":"Point","coordinates":[-88.276025,42.030681]}},{"type":"Feature","properties":{"id":"aAA0W000000h5FT","address":"314 Raymond St","hd_name":"Elgin National Watch","oz":"N"},"geometry":{"type":"Point","coordinates":[-88.27503,42.030681]}},{"type":"Feature","properties":{"id":"aAA0W000000h5FU","address":"203 National St","hd_name":"Elgin National Watch","oz":"N"},"geometry":{"type":"Point","coordinates":[-88.276034,42.030691]}},{"type":"Feature","properties":{"id":"aAA0W000000hA7A","address":"205 National St","hd_name":"Elgin National Watch","oz":"N"},"geometry":{"type":"Point","coordinates":[-88.275957,42.030709]}},{"type":"Feature","properties":{"id":"aAA0W000000h7Gp","address":"207 National St","hd_name":"Elgin National Watch","oz":"N"},"geometry":{"type":"Point","coordinates":[-88.275891,42.030735]}},{"type":"Feature","properties":{"id":"aAA0W000000h7Gq","address":"209 National St","hd_name":"Elgin National Watch","oz":"N"},"geometry":{"type":"Point","coordinates":[-88.275826,42.030756]}},{"type":"Feature","properties":{"id":"aAA0W000000h6jP","address":"211 National St Unit 1","hd_name":"Elgin National Watch","oz":"N"},"geometry":{"type":"Point","coordinates":[-88.27573,42.030771]}},{"type":"Feature","properties":{"id":"aAA0W000000h5FV","address":"211 National St","hd_name":"Elgin National Watch","oz":"N"},"geometry":{"type":"Point","coordinates":[-88.275706,42.030779]}},{"type":"Feature","properties":{"id":"aAA0W000000hFI5","address":"213 National St","hd_name":"Elgin National Watch","oz":"N"},"geometry":{"type":"Point","coordinates":[-88.275658,42.030799]}},{"type":"Feature","properties":{"id":"aAA0W000000hD9P","address":"215 National St","hd_name":"Elgin National Watch","oz":"N"},"geometry":{"type":"Point","coordinates":[-88.275592,42.03084]}},{"type":"Feature","properties":{"id":"aAA0W000000h3wj","address":"217 National St Unit 4","hd_name":"Elgin National Watch","oz":"N"},"geometry":{"type":"Point","coordinates":[-88.275518,42.030865]}},{"type":"Feature","properties":{"id":"aAA0W000000hIAk","address":"221 National St","hd_name":"Elgin National Watch","oz":"N"},"geometry":{"type":"Point","coordinates":[-88.275307,42.03087]}},{"type":"Feature","properties":{"id":"aAA0W000000hDgk","address":"217 National St","hd_name":"Elgin National Watch","oz":"N"},"geometry":{"type":"Point","coordinates":[-88.275528,42.030877]}},{"type":"Feature","properties":{"id":"aAA0W000000h4el","address":"219 National St","hd_name":"Elgin National Watch","oz":"N"},"geometry":{"type":"Point","coordinates":[-88.275448,42.03089]}},{"type":"Feature","properties":{"id":"aAA0W000000hDR4","address":"229 National St","hd_name":"Elgin National Watch","oz":"N"},"geometry":{"type":"Point","coordinates":[-88.275123,42.030938]}},{"type":"Feature","properties":{"id":"aAA0W000000hAE7","address":"225 S State St","oz":"N"},"geometry":{"type":"Point","coordinates":[-88.283294,42.031004]}},{"type":"Feature","properties":{"id":"aAA0W000000hEm1","address":"210 National St","hd_name":"Elgin National Watch","oz":"N"},"geometry":{"type":"Point","coordinates":[-88.275756,42.03126]}},{"type":"Feature","properties":{"id":"aAA0W000000hCN1","address":"250 S Grove Ave","oz":"N"},"geometry":{"type":"Point","coordinates":[-88.279701,42.031455]}},{"type":"Feature","properties":{"id":"aAA0W000000hCxW","address":"260 National St","hd_name":"Elgin National Watch","oz":"N"},"geometry":{"type":"Point","coordinates":[-88.274914,42.03147]}},{"type":"Feature","properties":{"id":"aAA0W000000h8Nc","address":"287 Raymond St","hd_name":"Elgin National Watch","oz":"N"},"geometry":{"type":"Point","coordinates":[-88.275258,42.031511]}},{"type":"Feature","properties":{"id":"aAA0W000000h9B4","address":"283 Raymond St","hd_name":"Elgin National Watch","oz":"N"},"geometry":{"type":"Point","coordinates":[-88.2753,42.031558]}},{"type":"Feature","properties":{"id":"aAA0W000000h5zn","address":"262 National St","hd_name":"Elgin National Watch","oz":"N"},"geometry":{"type":"Point","coordinates":[-88.274779,42.031595]}},{"type":"Feature","properties":{"id":"aAA0W000000hCh2","address":"281 Raymond St","hd_name":"Elgin National Watch","oz":"N"},"geometry":{"type":"Point","coordinates":[-88.275352,42.031602]}},{"type":"Feature","properties":{"id":"aAA0W000000h74G","address":"270 National St","hd_name":"Elgin National Watch","oz":"N"},"geometry":{"type":"Point","coordinates":[-88.274549,42.031667]}},{"type":"Feature","properties":{"id":"aAA0W000000hEho","address":"272 National St","hd_name":"Elgin National Watch","oz":"N"},"geometry":{"type":"Point","coordinates":[-88.274372,42.031686]}},{"type":"Feature","properties":{"id":"aAA0W000000h4eI","address":"279 Raymond St","hd_name":"Elgin National Watch","oz":"N"},"geometry":{"type":"Point","coordinates":[-88.275372,42.031755]}},{"type":"Feature","properties":{"id":"aAA0W000000hCPi","address":"280 National St","hd_name":"Elgin National Watch","oz":"N"},"geometry":{"type":"Point","coordinates":[-88.274071,42.031763]}},{"type":"Feature","properties":{"id":"aAA0W000000h8Th","address":"279 Raymond St Unit 4","hd_name":"Elgin National Watch","oz":"N"},"geometry":{"type":"Point","coordinates":[-88.275338,42.031776]}},{"type":"Feature","properties":{"id":"aAA0W000000hCjS","address":"275 Raymond St","hd_name":"Elgin National Watch","oz":"N"},"geometry":{"type":"Point","coordinates":[-88.27544,42.031854]}},{"type":"Feature","properties":{"id":"aAA0W000000hDXV","address":"296 Villa St","hd_name":"Elgin National Watch","oz":"N"},"geometry":{"type":"Point","coordinates":[-88.273922,42.031871]}},{"type":"Feature","properties":{"id":"aAA0W000000h9XQ","address":"254 Raymond St","hd_name":"Elgin National Watch","oz":"N"},"geometry":{"type":"Point","coordinates":[-88.276637,42.03191]}},{"type":"Feature","properties":{"id":"aAA0W000000h8gc","address":"256 Michigan St Unit C","hd_name":"Elgin National Watch","oz":"N"},"geometry":{"type":"Point","coordinates":[-88.277189,42.031915]}},{"type":"Feature","properties":{"id":"aAA0W000000h4zO","address":"292 Villa St","hd_name":"Elgin National Watch","oz":"N"},"geometry":{"type":"Point","coordinates":[-88.274145,42.031927]}},{"type":"Feature","properties":{"id":"aAA0W000000hChz","address":"269 Raymond St","hd_name":"Elgin National Watch","oz":"N"},"geometry":{"type":"Point","coordinates":[-88.275631,42.031985]}},{"type":"Feature","properties":{"id":"aAA0W000000hEwK","address":"271 Raymond St","hd_name":"Elgin National Watch","oz":"N"},"geometry":{"type":"Point","coordinates":[-88.275583,42.031946]}},{"type":"Feature","properties":{"id":"aAA0W000000h8hs","address":"256 Michigan St","hd_name":"Elgin National Watch","oz":"N"},"geometry":{"type":"Point","coordinates":[-88.277222,42.031951]}},{"type":"Feature","properties":{"id":"aAA0W000000hC0u","address":"288 Villa St","hd_name":"Elgin National Watch","oz":"N"},"geometry":{"type":"Point","coordinates":[-88.274294,42.03202]}},{"type":"Feature","properties":{"id":"aAA0W000000h8ht","address":"290 Villa St","hd_name":"Elgin National Watch","oz":"N"},"geometry":{"type":"Point","coordinates":[-88.274217,42.032011]}},{"type":"Feature","properties":{"id":"aAA0W000000h8HR","address":"265 Raymond St","hd_name":"Elgin National Watch","oz":"N"},"geometry":{"type":"Point","coordinates":[-88.275715,42.032023]}},{"type":"Feature","properties":{"id":"aAA0W000000hCUX","address":"254 Michigan St","hd_name":"Elgin National Watch","oz":"N"},"geometry":{"type":"Point","coordinates":[-88.277326,42.032067]}},{"type":"Feature","properties":{"id":"aAA0W000000hCft","address":"286 Villa St","hd_name":"Elgin National Watch","oz":"N"},"geometry":{"type":"Point","coordinates":[-88.274498,42.032088]}},{"type":"Feature","properties":{"id":"aAA0W000000hAXE","address":"263 Raymond St","hd_name":"Elgin National Watch","oz":"N"},"geometry":{"type":"Point","coordinates":[-88.275759,42.032118]}},{"type":"Feature","properties":{"id":"aAA0W000000h5EV","address":"282 Villa St","hd_name":"Elgin National Watch","oz":"N"},"geometry":{"type":"Point","coordinates":[-88.274617,42.032135]}},{"type":"Feature","properties":{"id":"aAA0W000000hCiG","address":"250 Michigan St","hd_name":"Elgin National Watch","oz":"N"},"geometry":{"type":"Point","coordinates":[-88.277407,42.03214]}},{"type":"Feature","properties":{"id":"aAA0W000000h8gf","address":"278 Villa St","hd_name":"Elgin National Watch","oz":"N"},"geometry":{"type":"Point","coordinates":[-88.274797,42.032187]}},{"type":"Feature","properties":{"id":"aAA0W000000hF62","address":"257 Raymond St","hd_name":"Elgin National Watch","oz":"N"},"geometry":{"type":"Point","coordinates":[-88.275933,42.032205]}},{"type":"Feature","properties":{"id":"aAA0W000000h3ke","address":"257 Raymond St Unit Lower","hd_name":"Elgin National Watch","oz":"N"},"geometry":{"type":"Point","coordinates":[-88.275908,42.032209]}},{"type":"Feature","properties":{"id":"aAA0W000000hEvs","address":"248 Michigan St","hd_name":"Elgin National Watch","oz":"N"},"geometry":{"type":"Point","coordinates":[-88.277496,42.032213]}},{"type":"Feature","properties":{"id":"aAA0W000000hAf9","address":"257 Raymond St Unit Upper","hd_name":"Elgin National Watch","oz":"N"},"geometry":{"type":"Point","coordinates":[-88.275924,42.032227]}},{"type":"Feature","properties":{"id":"aAA0W000000hEvt","address":"242 Michigan St","hd_name":"Elgin National Watch","oz":"N"},"geometry":{"type":"Point","coordinates":[-88.277563,42.032269]}},{"type":"Feature","properties":{"id":"aAA0W000000hDSg","address":"274 Villa St","hd_name":"Elgin National Watch","oz":"N"},"geometry":{"type":"Point","coordinates":[-88.274915,42.032273]}},{"type":"Feature","properties":{"id":"aAA0W000000hDTC","address":"260 Gifford Pl","hd_name":"Elgin National Watch","oz":"N"},"geometry":{"type":"Point","coordinates":[-88.277068,42.032283]}},{"type":"Feature","properties":{"id":"aAA0W000000h7m7","address":"240 Michigan St","hd_name":"Elgin National Watch","oz":"N"},"geometry":{"type":"Point","coordinates":[-88.277579,42.032297]}},{"type":"Feature","properties":{"id":"aAA0W000000hFI0","address":"277 Gifford Pl Unit Lower","hd_name":"Elgin National Watch","oz":"N"},"geometry":{"type":"Point","coordinates":[-88.276086,42.032355]}},{"type":"Feature","properties":{"id":"aAA0W000000h5ES","address":"264 Gifford Pl","hd_name":"Elgin National Watch","oz":"N"},"geometry":{"type":"Point","coordinates":[-88.27688,42.032364]}},{"type":"Feature","properties":{"id":"aAA0W000000h4eV","address":"270 Villa St","hd_name":"Elgin National Watch","oz":"N"},"geometry":{"type":"Point","coordinates":[-88.275118,42.032368]}},{"type":"Feature","properties":{"id":"aAA0W000000hDJj","address":"277 Gifford Pl","hd_name":"Elgin National Watch","oz":"N"},"geometry":{"type":"Point","coordinates":[-88.276095,42.03237]}},{"type":"Feature","properties":{"id":"aAA0W000000h9ik","address":"277 Gifford Pl Unit Upper","hd_name":"Elgin National Watch","oz":"N"},"geometry":{"type":"Point","coordinates":[-88.276087,42.032374]}},{"type":"Feature","properties":{"id":"aAA0W000000hDC8","address":"243 Michigan St","hd_name":"Elgin National Watch","oz":"N"},"geometry":{"type":"Point","coordinates":[-88.277169,42.032388]}},{"type":"Feature","properties":{"id":"aAA0W000000hB3F","address":"236 Michigan St","hd_name":"Elgin National Watch","oz":"N"},"geometry":{"type":"Point","coordinates":[-88.277687,42.032394]}},{"type":"Feature","properties":{"id":"aAA0W000000hCUK","address":"266 Villa St","hd_name":"Elgin National Watch","oz":"N"},"geometry":{"type":"Point","coordinates":[-88.275216,42.032405]}},{"type":"Feature","properties":{"id":"aAA0W000000hCld","address":"270 Gifford Pl","hd_name":"Elgin National Watch","oz":"N"},"geometry":{"type":"Point","coordinates":[-88.276713,42.032415]}},{"type":"Feature","properties":{"id":"aAA0W000000hCY2","address":"281 Gifford Pl","hd_name":"Elgin National Watch","oz":"N"},"geometry":{"type":"Point","coordinates":[-88.276025,42.032431]}},{"type":"Feature","properties":{"id":"aAA0W000000hCr2","address":"274 Gifford Pl","hd_name":"Elgin National Watch","oz":"N"},"geometry":{"type":"Point","coordinates":[-88.276617,42.032477]}},{"type":"Feature","properties":{"id":"aAA0W000000h4eE","address":"234 Michigan St","hd_name":"Elgin National Watch","oz":"N"},"geometry":{"type":"Point","coordinates":[-88.277798,42.032483]}},{"type":"Feature","properties":{"id":"aAA0W000000hDIy","address":"264 Villa St","hd_name":"Elgin National Watch","oz":"N"},"geometry":{"type":"Point","coordinates":[-88.275339,42.032484]}},{"type":"Feature","properties":{"id":"aAA0W000000hEoM","address":"151 S State St","oz":"N"},"geometry":{"type":"Point","coordinates":[-88.284384,42.032499]}},{"type":"Feature","properties":{"id":"aAA0W000000hD9S","address":"241 Michigan St","hd_name":"Elgin National Watch","oz":"N"},"geometry":{"type":"Point","coordinates":[-88.277227,42.032498]}},{"type":"Feature","properties":{"id":"aAA0W000000hDSc","address":"285 Gifford Pl","hd_name":"Elgin National Watch","oz":"N"},"geometry":{"type":"Point","coordinates":[-88.275943,42.032509]}},{"type":"Feature","properties":{"id":"aAA0W000000hDAO","address":"278 Gifford Pl","hd_name":"Elgin National Watch","oz":"N"},"geometry":{"type":"Point","coordinates":[-88.276519,42.032533]}},{"type":"Feature","properties":{"id":"aAA0W000000hCXx","address":"262 Villa St","hd_name":"Elgin National Watch","oz":"N"},"geometry":{"type":"Point","coordinates":[-88.275415,42.032515]}},{"type":"Feature","properties":{"id":"aAA0W000000hDVa","address":"273 Villa Pl","hd_name":"Elgin National Watch","oz":"N"},"geometry":{"type":"Point","coordinates":[-88.27695,42.032561]}},{"type":"Feature","properties":{"id":"aAA0W000000hB5z","address":"149 S State St","oz":"N"},"geometry":{"type":"Point","coordinates":[-88.284458,42.032601]}},{"type":"Feature","properties":{"id":"aAA0W000000h9EX","address":"230 Michigan St","hd_name":"Elgin National Watch","oz":"N"},"geometry":{"type":"Point","coordinates":[-88.277906,42.032606]}},{"type":"Feature","properties":{"id":"aAA0W000000h84d","address":"282 Gifford Pl","hd_name":"Elgin National Watch","oz":"N"},"geometry":{"type":"Point","coordinates":[-88.27643,42.032618]}},{"type":"Feature","properties":{"id":"aAA0W000000hCdi","address":"235 Michigan St","hd_name":"Elgin National Watch","oz":"N"},"geometry":{"type":"Point","coordinates":[-88.277344,42.032621]}},{"type":"Feature","properties":{"id":"aAA0W000000hAf6","address":"237 Michigan St","hd_name":"Elgin National Watch","oz":"N"},"geometry":{"type":"Point","coordinates":[-88.277319,42.032593]}},{"type":"Feature","properties":{"id":"aAA0W000000hCMI","address":"279 Villa Pl","hd_name":"Elgin National Watch","oz":"N"},"geometry":{"type":"Point","coordinates":[-88.276868,42.032654]}},{"type":"Feature","properties":{"id":"aAA0W000000hAXD","address":"254 Villa St","hd_name":"Elgin National Watch","oz":"N"},"geometry":{"type":"Point","coordinates":[-88.275785,42.032679]}},{"type":"Feature","properties":{"id":"aAA0W000000hEwe","address":"284 Gifford Pl","hd_name":"Elgin National Watch","oz":"N"},"geometry":{"type":"Point","coordinates":[-88.276364,42.032696]}},{"type":"Feature","properties":{"id":"aAA0W000000h9EY","address":"224 Michigan St","hd_name":"Elgin National Watch","oz":"N"},"geometry":{"type":"Point","coordinates":[-88.278018,42.032705]}},{"type":"Feature","properties":{"id":"aAA0W000000hGBe","address":"281 Villa Pl","hd_name":"Elgin National Watch","oz":"N"},"geometry":{"type":"Point","coordinates":[-88.276692,42.032722]}},{"type":"Feature","properties":{"id":"aAA0W000000hEm9","address":"200 Lake St","oz":"N"},"geometry":{"type":"Point","coordinates":[-88.279694,42.032707]}},{"type":"Feature","properties":{"id":"aAA0W000000hEm3","address":"191 S Grove Ave","oz":"N"},"geometry":{"type":"Point","coordinates":[-88.279921,42.032728]}},{"type":"Feature","properties":{"id":"aAA0W000000hG8z","address":"278 Villa Pl","hd_name":"Elgin National Watch","oz":"N"},"geometry":{"type":"Point","coordinates":[-88.27713,42.032709]}},{"type":"Feature","properties":{"id":"aAA0W000000hAaC","address":"204 Lake St","oz":"N"},"geometry":{"type":"Point","coordinates":[-88.279643,42.032741]}},{"type":"Feature","properties":{"id":"aAA0W000000hDG9","address":"189 S Grove Ave","oz":"N"},"geometry":{"type":"Point","coordinates":[-88.279963,42.032767]}},{"type":"Feature","properties":{"id":"aAA0W000000hAaD","address":"208 Lake St","oz":"N"},"geometry":{"type":"Point","coordinates":[-88.279584,42.032771]}},{"type":"Feature","properties":{"id":"aAA0W000000hCCl","address":"283 Villa Pl","hd_name":"Elgin National Watch","oz":"N"},"geometry":{"type":"Point","coordinates":[-88.276693,42.032817]}},{"type":"Feature","properties":{"id":"aAA0W000000hAaF","address":"212 Lake St","oz":"N"},"geometry":{"type":"Point","coordinates":[-88.27954,42.0328]}},{"type":"Feature","properties":{"id":"aAA0W000000h77T","address":"137 S State St","oz":"N"},"geometry":{"type":"Point","coordinates":[-88.284582,42.032823]}},{"type":"Feature","properties":{"id":"aAA0W000000hCjB","address":"218 Michigan St","hd_name":"Elgin National Watch","oz":"N"},"geometry":{"type":"Point","coordinates":[-88.278144,42.032821]}},{"type":"Feature","properties":{"id":"aAA0W000000hAaE","address":"187 S Grove Ave","oz":"N"},"geometry":{"type":"Point","coordinates":[-88.280003,42.03281]}},{"type":"Feature","properties":{"id":"aAA0W000000hAaH","address":"216 Lake St","oz":"N"},"geometry":{"type":"Point","coordinates":[-88.279488,42.032828]}},{"type":"Feature","properties":{"id":"aAA0W000000hCZa","address":"246 Villa St","hd_name":"Elgin National Watch","oz":"N"},"geometry":{"type":"Point","coordinates":[-88.276257,42.032851]}},{"type":"Feature","properties":{"id":"aAA0W000000hAaG","address":"185 S Grove Ave","oz":"N"},"geometry":{"type":"Point","coordinates":[-88.280039,42.032844]}},{"type":"Feature","properties":{"id":"aAA0W000000h7wZ","address":"225 Michigan St","hd_name":"Elgin National Watch","oz":"N"},"geometry":{"type":"Point","coordinates":[-88.277575,42.032863]}},{"type":"Feature","properties":{"id":"aAA0W000000hAaI","address":"220 Lake St","oz":"N"},"geometry":{"type":"Point","coordinates":[-88.279432,42.032856]}},{"type":"Feature","properties":{"id":"aAA0W000000h77S","address":"135 S State St","oz":"N"},"geometry":{"type":"Point","coordinates":[-88.284616,42.032886]}},{"type":"Feature","properties":{"id":"aAA0W000000hAaJ","address":"183 S Grove Ave","oz":"N"},"geometry":{"type":"Point","coordinates":[-88.280088,42.032888]}},{"type":"Feature","properties":{"id":"aAA0W000000hAaK","address":"224 Lake St","oz":"N"},"geometry":{"type":"Point","coordinates":[-88.27938,42.032889]}},{"type":"Feature","properties":{"id":"aAA0W000000h8HT","address":"240 Villa St","hd_name":"Elgin National Watch","oz":"N"},"geometry":{"type":"Point","coordinates":[-88.276385,42.032952]}},{"type":"Feature","properties":{"id":"aAA0W000000hDTK","address":"242 Villa St","hd_name":"Elgin National Watch","oz":"N"},"geometry":{"type":"Point","coordinates":[-88.276353,42.032937]}},{"type":"Feature","properties":{"id":"aAA0W000000hAQc","address":"181 S Grove Ave","oz":"N"},"geometry":{"type":"Point","coordinates":[-88.28012,42.032925]}},{"type":"Feature","properties":{"id":"aAA0W000000hAQd","address":"228 Lake St","oz":"N"},"geometry":{"type":"Point","coordinates":[-88.27932,42.032922]}},{"type":"Feature","properties":{"id":"aAA0W000000h9QW","address":"223 Michigan St","hd_name":"Elgin National Watch","oz":"N"},"geometry":{"type":"Point","coordinates":[-88.277678,42.032946]}},{"type":"Feature","properties":{"id":"aAA0W000000hDA5","address":"232 Lake St","oz":"N"},"geometry":{"type":"Point","coordinates":[-88.279273,42.032954]}},{"type":"Feature","properties":{"id":"aAA0W000000hDTz","address":"238 Villa St","hd_name":"Elgin National Watch","oz":"N"},"geometry":{"type":"Point","coordinates":[-88.276542,42.032978]}},{"type":"Feature","properties":{"id":"aAA0W000000hAQe","address":"179 S Grove Ave","oz":"N"},"geometry":{"type":"Point","coordinates":[-88.280161,42.032968]}},{"type":"Feature","properties":{"id":"aAA0W000000hIPe","address":"165 Festival Ct","oz":"N"},"geometry":{"type":"Point","coordinates":[-88.279726,42.032974]}},{"type":"Feature","properties":{"id":"aAA0W000000hAQf","address":"236 Lake St","oz":"N"},"geometry":{"type":"Point","coordinates":[-88.279222,42.032981]}},{"type":"Feature","properties":{"id":"aAA0W000000hCxi","address":"221 Michigan St","hd_name":"Elgin National Watch","oz":"N"},"geometry":{"type":"Point","coordinates":[-88.277761,42.033008]}},{"type":"Feature","properties":{"id":"aAA0W000000hAQg","address":"177 S Grove Ave","oz":"N"},"geometry":{"type":"Point","coordinates":[-88.280198,42.033005]}},{"type":"Feature","properties":{"id":"aAA0W000000hGTI","address":"234 Villa St Unit 10","hd_name":"Elgin National Watch","oz":"N"},"geometry":{"type":"Point","coordinates":[-88.276779,42.033024]}},{"type":"Feature","properties":{"id":"aAA0W000000hAaL","address":"151 Festival Ct","oz":"N"},"geometry":{"type":"Point","coordinates":[-88.279683,42.033008]}},{"type":"Feature","properties":{"id":"aAA0W000000hAaM","address":"240 Lake St","oz":"N"},"geometry":{"type":"Point","coordinates":[-88.279176,42.033008]}},{"type":"Feature","properties":{"id":"aAA0W000000hBvf","address":"244 Lake St","oz":"N"},"geometry":{"type":"Point","coordinates":[-88.279124,42.033052]}},{"type":"Feature","properties":{"id":"aAA0W000000hAaN","address":"175 S Grove Ave","oz":"N"},"geometry":{"type":"Point","coordinates":[-88.280248,42.033046]}},{"type":"Feature","properties":{"id":"aAA0W000000hCtX","address":"163 Festival Ct","oz":"N"},"geometry":{"type":"Point","coordinates":[-88.279791,42.033061]}},{"type":"Feature","properties":{"id":"aAA0W000000h8Cm","address":"217 Michigan St","hd_name":"Elgin National Watch","oz":"N"},"geometry":{"type":"Point","coordinates":[-88.27784,42.033077]}},{"type":"Feature","properties":{"id":"aAA0W000000hB1s","address":"234 Villa St","hd_name":"Elgin National Watch","oz":"N"},"geometry":{"type":"Point","coordinates":[-88.276746,42.033087]}},{"type":"Feature","properties":{"id":"aAA0W000000hAaO","address":"173 S Grove Ave","oz":"N"},"geometry":{"type":"Point","coordinates":[-88.280293,42.033086]}},{"type":"Feature","properties":{"id":"aAA0W000000hAaP","address":"153 Festival Ct","oz":"N"},"geometry":{"type":"Point","coordinates":[-88.27975,42.033108]}},{"type":"Feature","properties":{"id":"aAA0W000000hFI8","address":"234 Villa St Unit 5","hd_name":"Elgin National Watch","oz":"N"},"geometry":{"type":"Point","coordinates":[-88.276703,42.033118]}},{"type":"Feature","properties":{"id":"aAA0W000000h7h9","address":"230 Villa St","hd_name":"Elgin National Watch","oz":"N"},"geometry":{"type":"Point","coordinates":[-88.276942,42.03312]}},{"type":"Feature","properties":{"id":"aAA0W000000hDZA","address":"232 Villa St","hd_name":"Elgin National Watch","oz":"N"},"geometry":{"type":"Point","coordinates":[-88.276903,42.033105]}},{"type":"Feature","properties":{"id":"aAA0W000000hAaQ","address":"171 S Grove Ave","oz":"N"},"geometry":{"type":"Point","coordinates":[-88.280327,42.03313]}},{"type":"Feature","properties":{"id":"aAA0W000000hAaR","address":"161 Festival Ct","oz":"N"},"geometry":{"type":"Point","coordinates":[-88.279872,42.03314]}},{"type":"Feature","properties":{"id":"aAA0W000000hCiB","address":"163 Dawson Dr","oz":"N"},"geometry":{"type":"Point","coordinates":[-88.278953,42.033156]}},{"type":"Feature","properties":{"id":"aAA0W000000hCRj","address":"155 Festival Ct","oz":"N"},"geometry":{"type":"Point","coordinates":[-88.27982,42.033177]}},{"type":"Feature","properties":{"id":"aAA0W000000hC2j","address":"226 Villa St","hd_name":"Elgin National Watch","oz":"N"},"geometry":{"type":"Point","coordinates":[-88.277141,42.033181]}},{"type":"Feature","properties":{"id":"aAA0W000000h56y","address":"162 Dawson Dr","oz":"N"},"geometry":{"type":"Point","coordinates":[-88.279388,42.033188]}},{"type":"Feature","properties":{"id":"aAA0W000000hAaT","address":"159 Festival Ct","oz":"N"},"geometry":{"type":"Point","coordinates":[-88.279949,42.033216]}},{"type":"Feature","properties":{"id":"aAA0W000000h6nM","address":"213 Michigan St","hd_name":"Elgin National Watch","oz":"N"},"geometry":{"type":"Point","coordinates":[-88.277945,42.03322]}},{"type":"Feature","properties":{"id":"aAA0W000000hAaU","address":"161 Dawson Dr","oz":"N"},"geometry":{"type":"Point","coordinates":[-88.279022,42.033227]}},{"type":"Feature","properties":{"id":"aAA0W000000hAaV","address":"157 Festival Ct","oz":"N"},"geometry":{"type":"Point","coordinates":[-88.279888,42.033233]}},{"type":"Feature","properties":{"id":"aAA0W000000hFo7","address":"222 Villa St Unit 3","hd_name":"Elgin National Watch","oz":"N"},"geometry":{"type":"Point","coordinates":[-88.277288,42.03324]}},{"type":"Feature","properties":{"id":"aAA0W000000hCUw","address":"160 Dawson Dr","oz":"N"},"geometry":{"type":"Point","coordinates":[-88.279418,42.033224]}},{"type":"Feature","properties":{"id":"aAA0W000000hCih","address":"211 Michigan St","hd_name":"Elgin National Watch","oz":"N"},"geometry":{"type":"Point","coordinates":[-88.278,42.033244]}},{"type":"Feature","properties":{"id":"aAA0W000000h4BR","address":"222 Villa St","hd_name":"Elgin National Watch","oz":"N"},"geometry":{"type":"Point","coordinates":[-88.277278,42.033251]}},{"type":"Feature","properties":{"id":"aAA0W000000hAaW","address":"158 Dawson Dr","oz":"N"},"geometry":{"type":"Point","coordinates":[-88.279462,42.03327]}},{"type":"Feature","properties":{"id":"aAA0W000000hDVL","address":"207 Michigan St","hd_name":"Elgin National Watch","oz":"N"},"geometry":{"type":"Point","coordinates":[-88.278055,42.033292]}},{"type":"Feature","properties":{"id":"aAA0W000000hAaY","address":"159 Dawson Dr","oz":"N"},"geometry":{"type":"Point","coordinates":[-88.279104,42.033299]}},{"type":"Feature","properties":{"id":"aAA0W000000h56z","address":"164 Festival Ct","oz":"N"},"geometry":{"type":"Point","coordinates":[-88.280299,42.033288]}},{"type":"Feature","properties":{"id":"aAA0W000000hAaX","address":"156 Dawson Dr","oz":"N"},"geometry":{"type":"Point","coordinates":[-88.279486,42.033312]}},{"type":"Feature","properties":{"id":"aAA0W000000hAaZ","address":"162 Festival Ct","oz":"N"},"geometry":{"type":"Point","coordinates":[-88.28024,42.03332]}},{"type":"Feature","properties":{"id":"aAA0W000000h8Xx","address":"218 Villa St","hd_name":"Elgin National Watch","oz":"N"},"geometry":{"type":"Point","coordinates":[-88.277463,42.033335]}},{"type":"Feature","properties":{"id":"aAA0W000000hAab","address":"160 Festival Ct","oz":"N"},"geometry":{"type":"Point","coordinates":[-88.280194,42.033346]}},{"type":"Feature","properties":{"id":"aAA0W000000hAaa","address":"154 Dawson Dr","oz":"N"},"geometry":{"type":"Point","coordinates":[-88.279529,42.03335]}},{"type":"Feature","properties":{"id":"aAA0W000000hAad","address":"157 Dawson Dr","oz":"N"},"geometry":{"type":"Point","coordinates":[-88.279176,42.033373]}},{"type":"Feature","properties":{"id":"aAA0W000000hAae","address":"158 Festival Ct","oz":"N"},"geometry":{"type":"Point","coordinates":[-88.280142,42.033378]}},{"type":"Feature","properties":{"id":"aAA0W000000hAac","address":"152 Dawson Dr","oz":"N"},"geometry":{"type":"Point","coordinates":[-88.27957,42.033389]}},{"type":"Feature","properties":{"id":"aAA0W000000hAaf","address":"156 Festival Ct","oz":"N"},"geometry":{"type":"Point","coordinates":[-88.280089,42.033409]}},{"type":"Feature","properties":{"id":"aAA0W000000hGKo","address":"216 Villa St","hd_name":"Elgin National Watch","oz":"N"},"geometry":{"type":"Point","coordinates":[-88.277544,42.033427]}},{"type":"Feature","properties":{"id":"aAA0W000000h93j","address":"315 Lake St","hd_name":"Elgin National Watch","oz":"N"},"geometry":{"type":"Point","coordinates":[-88.278161,42.033434]}},{"type":"Feature","properties":{"id":"aAA0W000000hCHL","address":"150 Dawson Dr","oz":"N"},"geometry":{"type":"Point","coordinates":[-88.279615,42.033425]}},{"type":"Feature","properties":{"id":"aAA0W000000hBz8","address":"155 Dawson Dr","oz":"N"},"geometry":{"type":"Point","coordinates":[-88.279253,42.033451]}},{"type":"Feature","properties":{"id":"aAA0W000000hAag","address":"154 Festival Ct","oz":"N"},"geometry":{"type":"Point","coordinates":[-88.280039,42.033437]}},{"type":"Feature","properties":{"id":"aAA0W000000hEzb","address":"300 Lake St","oz":"N"},"geometry":{"type":"Point","coordinates":[-88.27883,42.033462]}},{"type":"Feature","properties":{"id":"aAA0W000000h570","address":"154 River Walk Ct","oz":"N"},"geometry":{"type":"Point","coordinates":[-88.280462,42.033474]}},{"type":"Feature","properties":{"id":"aAA0W000000hAah","address":"148 Dawson Dr","oz":"N"},"geometry":{"type":"Point","coordinates":[-88.279662,42.033474]}},{"type":"Feature","properties":{"id":"aAA0W000000hAai","address":"152 Festival Ct","oz":"N"},"geometry":{"type":"Point","coordinates":[-88.279982,42.033466]}},{"type":"Feature","properties":{"id":"aAA0W000000hAaj","address":"152 River Walk Ct","oz":"N"},"geometry":{"type":"Point","coordinates":[-88.280423,42.033496]}},{"type":"Feature","properties":{"id":"aAA0W000000h9Gm","address":"163 S Grove Ave","oz":"N"},"geometry":{"type":"Point","coordinates":[-88.280709,42.033503]}},{"type":"Feature","properties":{"id":"aAA0W000000hAak","address":"150 Festival Ct","oz":"N"},"geometry":{"type":"Point","coordinates":[-88.279921,42.033507]}},{"type":"Feature","properties":{"id":"aAA0W000000hCM2","address":"319 Lake St","hd_name":"Elgin National Watch","oz":"N"},"geometry":{"type":"Point","coordinates":[-88.278078,42.033522]}},{"type":"Feature","properties":{"id":"aAA0W000000hAal","address":"150 River Walk Ct","oz":"N"},"geometry":{"type":"Point","coordinates":[-88.28037,42.033525]}},{"type":"Feature","properties":{"id":"aAA0W000000hCip","address":"210 Villa St","hd_name":"Elgin National Watch","oz":"N"},"geometry":{"type":"Point","coordinates":[-88.277767,42.033536]}},{"type":"Feature","properties":{"id":"aAA0W000000hAam","address":"153 Dawson Dr","oz":"N"},"geometry":{"type":"Point","coordinates":[-88.279317,42.033541]}},{"type":"Feature","properties":{"id":"aAA0W000000hAan","address":"161 S Grove Ave","oz":"N"},"geometry":{"type":"Point","coordinates":[-88.280744,42.033535]}},{"type":"Feature","properties":{"id":"aAA0W000000hAao","address":"148 River Walk Ct","oz":"N"},"geometry":{"type":"Point","coordinates":[-88.280298,42.033558]}},{"type":"Feature","properties":{"id":"aAA0W000000hAap","address":"146 River Walk Ct","oz":"N"},"geometry":{"type":"Point","coordinates":[-88.280256,42.033577]}},{"type":"Feature","properties":{"id":"aAA0W000000hAaq","address":"159 S Grove Ave","oz":"N"},"geometry":{"type":"Point","coordinates":[-88.28078,42.033576]}},{"type":"Feature","properties":{"id":"aAA0W000000hFZL","address":"208 Villa St","hd_name":"Elgin National Watch","oz":"N"},"geometry":{"type":"Point","coordinates":[-88.277877,42.033601]}},{"type":"Feature","properties":{"id":"aAA0W000000hAat","address":"144 River Walk Ct","oz":"N"},"geometry":{"type":"Point","coordinates":[-88.280209,42.033604]}},{"type":"Feature","properties":{"id":"aAA0W000000hAas","address":"151 Dawson Dr","oz":"N"},"geometry":{"type":"Point","coordinates":[-88.279379,42.033615]}},{"type":"Feature","properties":{"id":"aAA0W000000hAar","address":"157 S Grove Ave","oz":"N"},"geometry":{"type":"Point","coordinates":[-88.280819,42.033613]}},{"type":"Feature","properties":{"id":"aAA0W000000hAau","address":"142 River Walk Ct","oz":"N"},"geometry":{"type":"Point","coordinates":[-88.280154,42.033635]}},{"type":"Feature","properties":{"id":"aAA0W000000hFdt","address":"140 River Walk Ct","oz":"N"},"geometry":{"type":"Point","coordinates":[-88.280095,42.033667]}},{"type":"Feature","properties":{"id":"aAA0W000000hIPB","address":"155 S Grove Ave","oz":"N"},"geometry":{"type":"Point","coordinates":[-88.280861,42.033653]}},{"type":"Feature","properties":{"id":"aAA0W000000hCLD","address":"323 Lake St","hd_name":"Elgin National Watch","oz":"N"},"geometry":{"type":"Point","coordinates":[-88.277986,42.033666]}},{"type":"Feature","properties":{"id":"aAA0W000000hFdu","address":"149 Dawson Dr","oz":"N"},"geometry":{"type":"Point","coordinates":[-88.279451,42.033691]}},{"type":"Feature","properties":{"id":"aAA0W000000hFdv","address":"153 S Grove Ave","oz":"N"},"geometry":{"type":"Point","coordinates":[-88.280897,42.033691]}},{"type":"Feature","properties":{"id":"aAA0W000000hFdw","address":"151 S Grove Ave","oz":"N"},"geometry":{"type":"Point","coordinates":[-88.280937,42.033735]}},{"type":"Feature","properties":{"id":"aAA0W000000hIPl","address":"151 River Walk Ct","oz":"N"},"geometry":{"type":"Point","coordinates":[-88.280499,42.033753]}},{"type":"Feature","properties":{"id":"aAA0W000000hFdx","address":"147 Dawson Dr","oz":"N"},"geometry":{"type":"Point","coordinates":[-88.279531,42.033773]}},{"type":"Feature","properties":{"id":"aAA0W000000hCHM","address":"149 S Grove Ave","oz":"N"},"geometry":{"type":"Point","coordinates":[-88.280976,42.033775]}},{"type":"Feature","properties":{"id":"aAA0W000000hFdy","address":"149 River Walk Ct","oz":"N"},"geometry":{"type":"Point","coordinates":[-88.280433,42.033791]}},{"type":"Feature","properties":{"id":"aAA0W000000hC3Y","address":"178 Villa St","hd_name":"Elgin National Watch","oz":"N"},"geometry":{"type":"Point","coordinates":[-88.278322,42.033797]}},{"type":"Feature","properties":{"id":"aAA0W000000hDNl","address":"147 S Grove Ave","oz":"N"},"geometry":{"type":"Point","coordinates":[-88.281018,42.033811]}},{"type":"Feature","properties":{"id":"aAA0W000000hFe0","address":"153 River Walk Ct","oz":"N"},"geometry":{"type":"Point","coordinates":[-88.280575,42.033832]}},{"type":"Feature","properties":{"id":"aAA0W000000hCc7","address":"174 Villa St","oz":"N"},"geometry":{"type":"Point","coordinates":[-88.278425,42.033846]}},{"type":"Feature","properties":{"id":"aAA0W000000hCho","address":"172 Villa St","oz":"N"},"geometry":{"type":"Point","coordinates":[-88.278578,42.033861]}},{"type":"Feature","properties":{"id":"aAA0W000000hFdz","address":"147 River Walk Ct","oz":"N"},"geometry":{"type":"Point","coordinates":[-88.280514,42.033864]}},{"type":"Feature","properties":{"id":"aAA0W000000hFe1","address":"145 S Grove Ave","oz":"N"},"geometry":{"type":"Point","coordinates":[-88.281058,42.033851]}},{"type":"Feature","properties":{"id":"aAA0W000000h7el","address":"144 Dawson Dr","oz":"N"},"geometry":{"type":"Point","coordinates":[-88.280059,42.033866]}},{"type":"Feature","properties":{"id":"aAA0W000000h6NY","address":"168 Villa St","oz":"N"},"geometry":{"type":"Point","coordinates":[-88.278722,42.033899]}},{"type":"Feature","properties":{"id":"aAA0W000000hFe2","address":"143 S Grove Ave","oz":"N"},"geometry":{"type":"Point","coordinates":[-88.2811,42.033889]}},{"type":"Feature","properties":{"id":"aAA0W000000hFe4","address":"155 River Walk Ct","oz":"N"},"geometry":{"type":"Point","coordinates":[-88.280652,42.033908]}},{"type":"Feature","properties":{"id":"aAA0W000000h6wI","address":"222 Locust St Unit 802","oz":"Y"},"geometry":{"type":"Point","coordinates":[-88.286233,42.033946]}},{"type":"Feature","properties":{"id":"aAA0W000000h56F","address":"143 Dawson Dr","oz":"N"},"geometry":{"type":"Point","coordinates":[-88.279675,42.033913]}},{"type":"Feature","properties":{"id":"aAA0W000000hFe3","address":"142 Dawson Dr","oz":"N"},"geometry":{"type":"Point","coordinates":[-88.280109,42.03391]}},{"type":"Feature","properties":{"id":"aAA0W000000h3gT","address":"222 Locust St Unit 803","oz":"Y"},"geometry":{"type":"Point","coordinates":[-88.286243,42.033963]}},{"type":"Feature","properties":{"id":"aAA0W000000hFe7","address":"145 River Walk Ct","oz":"N"},"geometry":{"type":"Point","coordinates":[-88.280585,42.033939]}},{"type":"Feature","properties":{"id":"aAA0W000000h3ga","address":"222 Locust St Unit 904","oz":"Y"},"geometry":{"type":"Point","coordinates":[-88.286103,42.033998]}},{"type":"Feature","properties":{"id":"aAA0W000000hD3E","address":"141 S Grove Ave","oz":"N"},"geometry":{"type":"Point","coordinates":[-88.281136,42.033931]}},{"type":"Feature","properties":{"id":"aAA0W000000h3gV","address":"222 Locust St Unit 804","oz":"Y"},"geometry":{"type":"Point","coordinates":[-88.286253,42.033981]}},{"type":"Feature","properties":{"id":"aAA0W000000h3gX","address":"222 Locust St Unit 701","oz":"Y"},"geometry":{"type":"Point","coordinates":[-88.2862,42.033984]}},{"type":"Feature","properties":{"id":"aAA0W000000h3gU","address":"222 Locust St Unit 907","oz":"Y"},"geometry":{"type":"Point","coordinates":[-88.286188,42.03397]}},{"type":"Feature","properties":{"id":"aAA0W000000hFe5","address":"140 Dawson Dr","oz":"N"},"geometry":{"type":"Point","coordinates":[-88.280136,42.03394]}},{"type":"Feature","properties":{"id":"aAA0W000000h8O5","address":"222 Locust St Unit 601","oz":"Y"},"geometry":{"type":"Point","coordinates":[-88.286232,42.034025]}},{"type":"Feature","properties":{"id":"aAA0W000000h3gZ","address":"222 Locust St Unit 807","oz":"Y"},"geometry":{"type":"Point","coordinates":[-88.286265,42.033995]}},{"type":"Feature","properties":{"id":"aAA0W000000h6Q6","address":"162 Villa St","oz":"N"},"geometry":{"type":"Point","coordinates":[-88.278911,42.033967]}},{"type":"Feature","properties":{"id":"aAA0W000000h3gb","address":"222 Locust St Unit 702","oz":"Y"},"geometry":{"type":"Point","coordinates":[-88.286211,42.033999]}},{"type":"Feature","properties":{"id":"aAA0W000000h3gW","address":"222 Locust St Unit 501","oz":"Y"},"geometry":{"type":"Point","coordinates":[-88.28614,42.033981]}},{"type":"Feature","properties":{"id":"aAA0W000000h8Nz","address":"222 Locust St Unit 810","oz":"Y"},"geometry":{"type":"Point","coordinates":[-88.286274,42.034007]}},{"type":"Feature","properties":{"id":"aAA0W000000h7jx","address":"222 Locust St Unit 605","oz":"Y"},"geometry":{"type":"Point","coordinates":[-88.286243,42.034038]}},{"type":"Feature","properties":{"id":"aAA0W000000hFe9","address":"157 River Walk Ct","oz":"N"},"geometry":{"type":"Point","coordinates":[-88.280722,42.033978]}},{"type":"Feature","properties":{"id":"aAA0W000000h8O1","address":"222 Locust St Unit 711","oz":"Y"},"geometry":{"type":"Point","coordinates":[-88.28622,42.03401]}},{"type":"Feature","properties":{"id":"aAA0W000000hFeL","address":"141 Dawson Dr","oz":"N"},"geometry":{"type":"Point","coordinates":[-88.279737,42.033981]}},{"type":"Feature","properties":{"id":"aAA0W000000h3gY","address":"222 Locust St Unit 502","oz":"Y"},"geometry":{"type":"Point","coordinates":[-88.286151,42.033992]}},{"type":"Feature","properties":{"id":"aAA0W000000h8O3","address":"222 Locust St Unit 811","oz":"Y"},"geometry":{"type":"Point","coordinates":[-88.286283,42.03402]}},{"type":"Feature","properties":{"id":"aAA0W000000hFe6","address":"139 S Grove Ave","oz":"N"},"geometry":{"type":"Point","coordinates":[-88.281177,42.033972]}},{"type":"Feature","properties":{"id":"aAA0W000000h7k1","address":"222 Locust St Unit 607","oz":"Y"},"geometry":{"type":"Point","coordinates":[-88.286251,42.034051]}},{"type":"Feature","properties":{"id":"aAA0W000000h8O0","address":"222 Locust St Unit 302","oz":"Y"},"geometry":{"type":"Point","coordinates":[-88.286058,42.03401]}},{"type":"Feature","properties":{"id":"aAA0W000000h5NM","address":"222 Locust St Unit 401","oz":"Y"},"geometry":{"type":"Point","coordinates":[-88.286123,42.034023]}},{"type":"Feature","properties":{"id":"aAA0W000000h3UG","address":"222 Locust St Unit 201","oz":"Y"},"geometry":{"type":"Point","coordinates":[-88.286113,42.034011]}},{"type":"Feature","properties":{"id":"aAA0W000000h3gc","address":"222 Locust St Unit 505","oz":"Y"},"geometry":{"type":"Point","coordinates":[-88.286162,42.034004]}},{"type":"Feature","properties":{"id":"aAA0W000000h8O6","address":"222 Locust St Unit 202","oz":"Y"},"geometry":{"type":"Point","coordinates":[-88.286013,42.034027]}},{"type":"Feature","properties":{"id":"aAA0W000000hFe8","address":"138 Dawson Dr","oz":"N"},"geometry":{"type":"Point","coordinates":[-88.280176,42.033978]}},{"type":"Feature","properties":{"id":"aAA0W000000h8O8","address":"222 Locust St Unit 812","oz":"Y"},"geometry":{"type":"Point","coordinates":[-88.286294,42.034033]}},{"type":"Feature","properties":{"id":"aAA0W000000h8O4","address":"222 Locust St Unit 303","oz":"Y"},"geometry":{"type":"Point","coordinates":[-88.286068,42.034022]}},{"type":"Feature","properties":{"id":"aAA0W000000h7jy","address":"222 Locust St Unit 402","oz":"Y"},"geometry":{"type":"Point","coordinates":[-88.286133,42.034038]}},{"type":"Feature","properties":{"id":"aAA0W000000h7jz","address":"222 Locust St Unit 204","oz":"Y"},"geometry":{"type":"Point","coordinates":[-88.286026,42.034039]}},{"type":"Feature","properties":{"id":"aAA0W000000h8O2","address":"222 Locust St Unit 506","oz":"Y"},"geometry":{"type":"Point","coordinates":[-88.286173,42.034019]}},{"type":"Feature","properties":{"id":"aAA0W000000hFeB","address":"143 River Walk Ct","oz":"N"},"geometry":{"type":"Point","coordinates":[-88.280663,42.034008]}},{"type":"Feature","properties":{"id":"aAA0W000000h7jw","address":"222 Locust St Unit 304","oz":"Y"},"geometry":{"type":"Point","coordinates":[-88.286081,42.034036]}},{"type":"Feature","properties":{"id":"aAA0W000000h7k2","address":"222 Locust St Unit 405","oz":"Y"},"geometry":{"type":"Point","coordinates":[-88.286145,42.034051]}},{"type":"Feature","properties":{"id":"aAA0W000000h7k3","address":"222 Locust St Unit 205","oz":"Y"},"geometry":{"type":"Point","coordinates":[-88.286037,42.034053]}},{"type":"Feature","properties":{"id":"aAA0W000000h8O7","address":"222 Locust St Unit 510","oz":"Y"},"geometry":{"type":"Point","coordinates":[-88.286184,42.034032]}},{"type":"Feature","properties":{"id":"aAA0W000000h6Qx","address":"137 S Grove Ave","oz":"N"},"geometry":{"type":"Point","coordinates":[-88.281217,42.034009]}},{"type":"Feature","properties":{"id":"aAA0W000000h7k0","address":"222 Locust St Unit 306","oz":"Y"},"geometry":{"type":"Point","coordinates":[-88.286095,42.034048]}},{"type":"Feature","properties":{"id":"aAA0W000000h4Xl","address":"222 Locust St Unit 406","oz":"Y"},"geometry":{"type":"Point","coordinates":[-88.286156,42.034063]}},{"type":"Feature","properties":{"id":"aAA0W000000h4Xm","address":"222 Locust St Unit 206","oz":"Y"},"geometry":{"type":"Point","coordinates":[-88.286051,42.034067]}},{"type":"Feature","properties":{"id":"aAA0W000000h5NR","address":"222 Locust St Unit 511","oz":"Y"},"geometry":{"type":"Point","coordinates":[-88.286195,42.034046]}},{"type":"Feature","properties":{"id":"aAA0W000000hFeA","address":"136 Dawson Dr","oz":"N"},"geometry":{"type":"Point","coordinates":[-88.280226,42.034025]}},{"type":"Feature","properties":{"id":"aAA0W000000h4Xk","address":"222 Locust St Unit 307","oz":"Y"},"geometry":{"type":"Point","coordinates":[-88.286106,42.034061]}},{"type":"Feature","properties":{"id":"aAA0W000000h9d5","address":"222 Locust St Unit 412","oz":"Y"},"geometry":{"type":"Point","coordinates":[-88.286168,42.034077]}},{"type":"Feature","properties":{"id":"aAA0W000000hFeC","address":"159 River Walk Ct","oz":"N"},"geometry":{"type":"Point","coordinates":[-88.280792,42.034047]}},{"type":"Feature","properties":{"id":"aAA0W000000h7k4","address":"222 Locust St Unit 551","oz":"Y"},"geometry":{"type":"Point","coordinates":[-88.286208,42.034059]}},{"type":"Feature","properties":{"id":"aAA0W000000h9d6","address":"222 Locust St Unit 207","oz":"Y"},"geometry":{"type":"Point","coordinates":[-88.286062,42.034082]}},{"type":"Feature","properties":{"id":"aAA0W000000h9d4","address":"222 Locust St Unit 309","oz":"Y"},"geometry":{"type":"Point","coordinates":[-88.286117,42.034074]}},{"type":"Feature","properties":{"id":"aAA0W000000hFeD","address":"135 S Grove Ave","oz":"N"},"geometry":{"type":"Point","coordinates":[-88.281263,42.034047]}},{"type":"Feature","properties":{"id":"aAA0W000000h9d9","address":"222 Locust St Unit 208","oz":"Y"},"geometry":{"type":"Point","coordinates":[-88.286074,42.034095]}},{"type":"Feature","properties":{"id":"aAA0W000000hFeK","address":"139 Dawson Dr","oz":"N"},"geometry":{"type":"Point","coordinates":[-88.279826,42.034062]}},{"type":"Feature","properties":{"id":"aAA0W000000h9d8","address":"222 Locust St Unit 312","oz":"Y"},"geometry":{"type":"Point","coordinates":[-88.286129,42.034089]}},{"type":"Feature","properties":{"id":"aAA0W000000h9dA","address":"222 Locust St Unit 209","oz":"Y"},"geometry":{"type":"Point","coordinates":[-88.286085,42.034108]}},{"type":"Feature","properties":{"id":"aAA0W000000hFeE","address":"134 Dawson Dr","oz":"N"},"geometry":{"type":"Point","coordinates":[-88.280264,42.034065]}},{"type":"Feature","properties":{"id":"aAA0W000000hFeG","address":"141 River Walk Ct","oz":"N"},"geometry":{"type":"Point","coordinates":[-88.280733,42.034082]}},{"type":"Feature","properties":{"id":"aAA0W000000hFeF","address":"133 S Grove Ave","oz":"N"},"geometry":{"type":"Point","coordinates":[-88.281308,42.034097]}},{"type":"Feature","properties":{"id":"aAA0W000000hFeH","address":"132 Dawson Dr","oz":"N"},"geometry":{"type":"Point","coordinates":[-88.280312,42.034116]}},{"type":"Feature","properties":{"id":"aAA0W000000hFeI","address":"137 Dawson Dr","oz":"N"},"geometry":{"type":"Point","coordinates":[-88.279894,42.034136]}},{"type":"Feature","properties":{"id":"aAA0W000000h7ys","address":"156 Villa St","oz":"N"},"geometry":{"type":"Point","coordinates":[-88.279158,42.03414]}},{"type":"Feature","properties":{"id":"aAA0W000000hCdv","address":"132 S Grove Ave","oz":"N"},"geometry":{"type":"Point","coordinates":[-88.281978,42.034196]}},{"type":"Feature","properties":{"id":"aAA0W000000hFeJ","address":"135 Dawson Dr","oz":"N"},"geometry":{"type":"Point","coordinates":[-88.27997,42.034208]}},{"type":"Feature","properties":{"id":"aAA0W000000hFeM","address":"133 Dawson Dr","oz":"N"},"geometry":{"type":"Point","coordinates":[-88.280051,42.034282]}},{"type":"Feature","properties":{"id":"aAA0W000000hIR0","address":"277 Prairie St","oz":"N"},"geometry":{"type":"Point","coordinates":[-88.279411,42.034313]}},{"type":"Feature","properties":{"id":"aAA0W000000hEmA","address":"203 Prairie St","oz":"N"},"geometry":{"type":"Point","coordinates":[-88.28102,42.034299]}},{"type":"Feature","properties":{"id":"aAA0W000000hFeR","address":"211 Prairie St","oz":"N"},"geometry":{"type":"Point","coordinates":[-88.280751,42.0343]}},{"type":"Feature","properties":{"id":"aAA0W000000hFeO","address":"201 Prairie St","oz":"N"},"geometry":{"type":"Point","coordinates":[-88.281088,42.0343]}},{"type":"Feature","properties":{"id":"aAA0W000000hFeS","address":"213 Prairie St","oz":"N"},"geometry":{"type":"Point","coordinates":[-88.280683,42.0343]}},{"type":"Feature","properties":{"id":"aAA0W000000hFeW","address":"217 Prairie St","oz":"N"},"geometry":{"type":"Point","coordinates":[-88.280569,42.0343]}},{"type":"Feature","properties":{"id":"aAA0W000000hFeP","address":"205 Prairie St","oz":"N"},"geometry":{"type":"Point","coordinates":[-88.280967,42.034301]}},{"type":"Feature","properties":{"id":"aAA0W000000hFeQ","address":"207 Prairie St","oz":"N"},"geometry":{"type":"Point","coordinates":[-88.2809,42.034301]}},{"type":"Feature","properties":{"id":"aAA0W000000hFeN","address":"199 Prairie St","oz":"N"},"geometry":{"type":"Point","coordinates":[-88.281162,42.034301]}},{"type":"Feature","properties":{"id":"aAA0W000000hFeV","address":"219 Prairie St","oz":"N"},"geometry":{"type":"Point","coordinates":[-88.280489,42.034302]}},{"type":"Feature","properties":{"id":"aAA0W000000hFeT","address":"215 Prairie St","oz":"N"},"geometry":{"type":"Point","coordinates":[-88.280616,42.034302]}},{"type":"Feature","properties":{"id":"aAA0W000000hFeU","address":"209 Prairie St","oz":"N"},"geometry":{"type":"Point","coordinates":[-88.28083,42.034304]}},{"type":"Feature","properties":{"id":"aAA0W000000h5pS","address":"221 Prairie St","oz":"N"},"geometry":{"type":"Point","coordinates":[-88.280424,42.034305]}},{"type":"Feature","properties":{"id":"aAA0W000000hFeX","address":"131 Dawson Dr","oz":"N"},"geometry":{"type":"Point","coordinates":[-88.280119,42.034348]}},{"type":"Feature","properties":{"id":"aAA0W000000hDIk","address":"85 S Crystal Ave Unit 3E","oz":"Y"},"geometry":{"type":"Point","coordinates":[-88.286553,42.034411]}},{"type":"Feature","properties":{"id":"aAA0W000000hDJB","address":"85 S Crystal Ave Unit 3C","oz":"Y"},"geometry":{"type":"Point","coordinates":[-88.286585,42.03446]}},{"type":"Feature","properties":{"id":"aAA0W000000h440","address":"75 S State St","oz":"N"},"geometry":{"type":"Point","coordinates":[-88.28539,42.034469]}},{"type":"Feature","properties":{"id":"aAA0W000000hDIs","address":"85 S Crystal Ave Unit 2A","oz":"Y"},"geometry":{"type":"Point","coordinates":[-88.286617,42.034509]}},{"type":"Feature","properties":{"id":"aAA0W000000hDH3","address":"85 S Crystal Ave Unit 1A","oz":"Y"},"geometry":{"type":"Point","coordinates":[-88.286534,42.034525]}},{"type":"Feature","properties":{"id":"aAA0W000000hDJE","address":"85 S Crystal Ave Unit 1E","oz":"Y"},"geometry":{"type":"Point","coordinates":[-88.286665,42.034573]}},{"type":"Feature","properties":{"id":"aAA0W000000hDJG","address":"85 S Crystal Ave Unit 1D","oz":"Y"},"geometry":{"type":"Point","coordinates":[-88.286689,42.034616]}},{"type":"Feature","properties":{"id":"aAA0W000000h5WT","address":"127 S Grove Ave","oz":"N"},"geometry":{"type":"Point","coordinates":[-88.281911,42.034627]}},{"type":"Feature","properties":{"id":"aAA0W000000hGUF","address":"122 S Grove Ave","oz":"N"},"geometry":{"type":"Point","coordinates":[-88.282363,42.034635]}},{"type":"Feature","properties":{"id":"aAA0W000000hFEF","address":"120 Villa St","oz":"N"},"geometry":{"type":"Point","coordinates":[-88.279798,42.03467]}},{"type":"Feature","properties":{"id":"aAA0W000000hCTz","address":"122 Villa St","oz":"N"},"geometry":{"type":"Point","coordinates":[-88.279775,42.034641]}},{"type":"Feature","properties":{"id":"aAA0W000000h7yi","address":"69 S Crystal Ave","oz":"Y"},"geometry":{"type":"Point","coordinates":[-88.287082,42.034656]}},{"type":"Feature","properties":{"id":"aAA0W000000h5Dt","address":"212 Prairie St Unit Lower","oz":"N"},"geometry":{"type":"Point","coordinates":[-88.281276,42.034686]}},{"type":"Feature","properties":{"id":"aAA0W000000h8YP","address":"264 Prairie St","oz":"N"},"geometry":{"type":"Point","coordinates":[-88.280165,42.034687]}},{"type":"Feature","properties":{"id":"aAA0W000000h8HH","address":"212 Prairie St Unit Upper","oz":"N"},"geometry":{"type":"Point","coordinates":[-88.281275,42.034707]}},{"type":"Feature","properties":{"id":"aAA0W000000h4uN","address":"125 1/2 S Grove Ave","oz":"N"},"geometry":{"type":"Point","coordinates":[-88.281993,42.034735]}},{"type":"Feature","properties":{"id":"aAA0W000000h5d8","address":"125 S Grove Ave","oz":"N"},"geometry":{"type":"Point","coordinates":[-88.282022,42.034762]}},{"type":"Feature","properties":{"id":"aAA0W000000hD0b","address":"216 Prairie St","oz":"N"},"geometry":{"type":"Point","coordinates":[-88.281139,42.034779]}},{"type":"Feature","properties":{"id":"aAA0W000000hCWv","address":"118 Villa St","oz":"N"},"geometry":{"type":"Point","coordinates":[-88.279913,42.034784]}},{"type":"Feature","properties":{"id":"aAA0W000000hCVG","address":"200 Prairie St","oz":"N"},"geometry":{"type":"Point","coordinates":[-88.281621,42.03479]}},{"type":"Feature","properties":{"id":"aAA0W000000hDUC","address":"210 Prairie St","oz":"N"},"geometry":{"type":"Point","coordinates":[-88.281365,42.034792]}},{"type":"Feature","properties":{"id":"aAA0W000000h5d9","address":"123 /2 S Grove Ave","oz":"N"},"geometry":{"type":"Point","coordinates":[-88.282044,42.034793]}},{"type":"Feature","properties":{"id":"aAA0W000000h7jZ","address":"210 Prairie St Unit 6H","oz":"N"},"geometry":{"type":"Point","coordinates":[-88.281329,42.034818]}},{"type":"Feature","properties":{"id":"aAA0W000000hIRh","address":"210 Prairie St Unit 5","oz":"N"},"geometry":{"type":"Point","coordinates":[-88.281402,42.03482]}},{"type":"Feature","properties":{"id":"aAA0W000000hIRg","address":"210 Prairie St Unit 6","oz":"N"},"geometry":{"type":"Point","coordinates":[-88.281366,42.03482]}},{"type":"Feature","properties":{"id":"aAA0W000000h5dA","address":"123 S Grove Ave","oz":"N"},"geometry":{"type":"Point","coordinates":[-88.28207,42.034826]}},{"type":"Feature","properties":{"id":"aAA0W000000h5dB","address":"121 S Grove Ave","oz":"N"},"geometry":{"type":"Point","coordinates":[-88.282094,42.034854]}},{"type":"Feature","properties":{"id":"aAA0W000000h4en","address":"210 Prairie St Unit F","oz":"N"},"geometry":{"type":"Point","coordinates":[-88.281325,42.034855]}},{"type":"Feature","properties":{"id":"aAA0W000000h4eo","address":"210 Prairie St Unit 7","oz":"N"},"geometry":{"type":"Point","coordinates":[-88.2814,42.034856]}},{"type":"Feature","properties":{"id":"aAA0W000000h4ep","address":"210 Prairie St Unit 8","oz":"N"},"geometry":{"type":"Point","coordinates":[-88.281364,42.034856]}},{"type":"Feature","properties":{"id":"aAA0W000000h5dE","address":"119 S Grove Ave","oz":"N"},"geometry":{"type":"Point","coordinates":[-88.282118,42.034885]}},{"type":"Feature","properties":{"id":"aAA0W000000hBDG","address":"59 S Crystal Ave","oz":"Y"},"geometry":{"type":"Point","coordinates":[-88.287447,42.034897]}},{"type":"Feature","properties":{"id":"aAA0W000000h5dF","address":"117 S Grove Ave","oz":"N"},"geometry":{"type":"Point","coordinates":[-88.282148,42.034914]}},{"type":"Feature","properties":{"id":"aAA0W000000h7sK","address":"112 Villa St","oz":"N"},"geometry":{"type":"Point","coordinates":[-88.280173,42.034927]}},{"type":"Feature","properties":{"id":"aAA0W000000h9KF","address":"115 S Grove Ave","oz":"N"},"geometry":{"type":"Point","coordinates":[-88.28222,42.035022]}},{"type":"Feature","properties":{"id":"aAA0W000000h9jc","address":"113 S Grove Ave","oz":"N"},"geometry":{"type":"Point","coordinates":[-88.282272,42.035087]}},{"type":"Feature","properties":{"id":"aAA0W000000h3y3","address":"107 S Grove Ave","oz":"N"},"geometry":{"type":"Point","coordinates":[-88.282303,42.035131]}},{"type":"Feature","properties":{"id":"aAA0W000000hBby","address":"110 Villa St","oz":"N"},"geometry":{"type":"Point","coordinates":[-88.280268,42.035157]}},{"type":"Feature","properties":{"id":"aAA0W000000h4e8","address":"105 S Grove Ave","oz":"N"},"geometry":{"type":"Point","coordinates":[-88.282328,42.035168]}},{"type":"Feature","properties":{"id":"aAA0W000000h7ep","address":"77 Riverside Dr","oz":"N"},"geometry":{"type":"Point","coordinates":[-88.28348,42.035184]}},{"type":"Feature","properties":{"id":"aAA0W000000hDMy","address":"245 Fulton St","oz":"N"},"geometry":{"type":"Point","coordinates":[-88.2808,42.035194]}},{"type":"Feature","properties":{"id":"aAA0W000000h8HI","address":"205 Fulton St","oz":"N"},"geometry":{"type":"Point","coordinates":[-88.281876,42.035258]}},{"type":"Feature","properties":{"id":"aAA0W000000hFCB","address":"115 Villa St","hd_name":"Elgin","oz":"N"},"geometry":{"type":"Point","coordinates":[-88.279824,42.035273]}},{"type":"Feature","properties":{"id":"aAA0W000000hIPV","address":"101 S Grove Ave","oz":"N"},"geometry":{"type":"Point","coordinates":[-88.282311,42.035278]}},{"type":"Feature","properties":{"id":"aAA0W000000hEmB","address":"73 Riverside Dr","oz":"N"},"geometry":{"type":"Point","coordinates":[-88.283459,42.035329]}},{"type":"Feature","properties":{"id":"aAA0W000000hDMz","address":"80 S Grove Ave","oz":"N"},"geometry":{"type":"Point","coordinates":[-88.282932,42.035374]}},{"type":"Feature","properties":{"id":"aAA0W000000h78I","address":"69 Riverside Dr","oz":"N"},"geometry":{"type":"Point","coordinates":[-88.283528,42.035412]}},{"type":"Feature","properties":{"id":"aAA0W000000hDN0","address":"76 S Grove Ave Unit A","oz":"N"},"geometry":{"type":"Point","coordinates":[-88.283025,42.035425]}},{"type":"Feature","properties":{"id":"aAA0W000000hDN1","address":"76 S Grove Ave Unit B","oz":"N"},"geometry":{"type":"Point","coordinates":[-88.28304,42.03544]}},{"type":"Feature","properties":{"id":"aAA0W000000hDUk","address":"76 S Grove Ave","oz":"N"},"geometry":{"type":"Point","coordinates":[-88.283013,42.035442]}},{"type":"Feature","properties":{"id":"aAA0W000000h5mw","address":"74 S Grove Ave","oz":"N"},"geometry":{"type":"Point","coordinates":[-88.283136,42.035491]}},{"type":"Feature","properties":{"id":"aAA0W000000h5my","address":"72 S Grove Ave","oz":"N"},"geometry":{"type":"Point","coordinates":[-88.283253,42.035503]}},{"type":"Feature","properties":{"id":"aAA0W000000h61f","address":"79 S Grove Ave","oz":"N"},"geometry":{"type":"Point","coordinates":[-88.282704,42.035547]}},{"type":"Feature","properties":{"id":"aAA0W000000h78J","address":"70 S Grove Ave","oz":"N"},"geometry":{"type":"Point","coordinates":[-88.283271,42.035575]}},{"type":"Feature","properties":{"id":"aAA0W000000hCUb","address":"81 Villa St","hd_name":"Elgin","oz":"N"},"geometry":{"type":"Point","coordinates":[-88.280043,42.035606]}},{"type":"Feature","properties":{"id":"aAA0W000000h75A","address":"75 S Grove Ave","oz":"N"},"geometry":{"type":"Point","coordinates":[-88.282742,42.035622]}},{"type":"Feature","properties":{"id":"aAA0W000000hBvD","address":"66 S Grove Ave","oz":"N"},"geometry":{"type":"Point","coordinates":[-88.283322,42.035629]}},{"type":"Feature","properties":{"id":"aAA0W000000h9iL","address":"270 Fulton St","hd_name":"Elgin","oz":"N"},"geometry":{"type":"Point","coordinates":[-88.279852,42.03563]}},{"type":"Feature","properties":{"id":"aAA0W000000h6Lh","address":"73 S Grove Ave","oz":"N"},"geometry":{"type":"Point","coordinates":[-88.282775,42.035668]}},{"type":"Feature","properties":{"id":"aAA0W000000hCbu","address":"64 S Grove Ave","oz":"N"},"geometry":{"type":"Point","coordinates":[-88.283393,42.035697]}},{"type":"Feature","properties":{"id":"aAA0W000000hDXQ","address":"77 Villa St","hd_name":"Elgin","oz":"N"},"geometry":{"type":"Point","coordinates":[-88.280119,42.035699]}},{"type":"Feature","properties":{"id":"aAA0W000000hAUg","address":"71 S Grove Ave","oz":"N"},"geometry":{"type":"Point","coordinates":[-88.282817,42.035728]}},{"type":"Feature","properties":{"id":"aAA0W000000h8xm","address":"20 S State St","oz":"Y"},"geometry":{"type":"Point","coordinates":[-88.287214,42.035764]}},{"type":"Feature","properties":{"id":"aAA0W000000hCt5","address":"62 S Grove Ave","oz":"N"},"geometry":{"type":"Point","coordinates":[-88.283409,42.035771]}},{"type":"Feature","properties":{"id":"aAA0W000000hCJT","address":"62 S Geneva St","hd_name":"Elgin","oz":"N"},"geometry":{"type":"Point","coordinates":[-88.279835,42.035802]}},{"type":"Feature","properties":{"id":"aAA0W000000hIVm","address":"73 Villa St","hd_name":"Elgin","oz":"N"},"geometry":{"type":"Point","coordinates":[-88.280276,42.035818]}},{"type":"Feature","properties":{"id":"aAA0W000000hDF7","address":"60 S Grove Ave","oz":"N"},"geometry":{"type":"Point","coordinates":[-88.283478,42.035832]}},{"type":"Feature","properties":{"id":"aAA0W000000hC9i","address":"10 S State St","oz":"Y"},"geometry":{"type":"Point","coordinates":[-88.287299,42.035884]}},{"type":"Feature","properties":{"id":"aAA0W000000hIPU","address":"65 S Grove Ave","oz":"N"},"geometry":{"type":"Point","coordinates":[-88.282969,42.035885]}},{"type":"Feature","properties":{"id":"aAA0W000000hDVR","address":"58 S Geneva St","hd_name":"Elgin","oz":"N"},"geometry":{"type":"Point","coordinates":[-88.279813,42.03592]}},{"type":"Feature","properties":{"id":"aAA0W000000h7et","address":"56 S Grove Ave","oz":"N"},"geometry":{"type":"Point","coordinates":[-88.283522,42.035932]}},{"type":"Feature","properties":{"id":"aAA0W000000hIXN","address":"215 W Chicago St","oz":"Y"},"geometry":{"type":"Point","coordinates":[-88.287745,42.035956]}},{"type":"Feature","properties":{"id":"aAA0W000000h93V","address":"63 Villa St","hd_name":"Elgin","oz":"N"},"geometry":{"type":"Point","coordinates":[-88.280431,42.036033]}},{"type":"Feature","properties":{"id":"aAA0W000000h9zG","address":"8 S State St","oz":"Y"},"geometry":{"type":"Point","coordinates":[-88.287377,42.035979]}},{"type":"Feature","properties":{"id":"aAA0W000000h6jU","address":"51 S Spring St Unit 108","oz":"N"},"geometry":{"type":"Point","coordinates":[-88.281945,42.035607]}},{"type":"Feature","properties":{"id":"aAA0W000000hB94","address":"59 S Grove Ave","oz":"N"},"geometry":{"type":"Point","coordinates":[-88.28309,42.036031]}},{"type":"Feature","properties":{"id":"aAA0W000000h8q4","address":"51 S Spring St Unit 103","oz":"N"},"geometry":{"type":"Point","coordinates":[-88.281848,42.035678]}},{"type":"Feature","properties":{"id":"aAA0W000000h8q2","address":"51 S Spring St Unit 105","oz":"N"},"geometry":{"type":"Point","coordinates":[-88.282191,42.035597]}},{"type":"Feature","properties":{"id":"aAA0W000000h8q3","address":"51 S Spring St Unit 106","oz":"N"},"geometry":{"type":"Point","coordinates":[-88.282098,42.035609]}},{"type":"Feature","properties":{"id":"aAA0W000000h8q5","address":"51 S Spring St Unit 109","oz":"N"},"geometry":{"type":"Point","coordinates":[-88.281833,42.035603]}},{"type":"Feature","properties":{"id":"aAA0W000000h8q6","address":"51 S Spring St Unit 110","oz":"N"},"geometry":{"type":"Point","coordinates":[-88.28184,42.035926]}},{"type":"Feature","properties":{"id":"aAA0W000000h3kx","address":"51 S Spring St Unit 121","oz":"N"},"geometry":{"type":"Point","coordinates":[-88.282304,42.035994]}},{"type":"Feature","properties":{"id":"aAA0W000000h3ky","address":"51 S Spring St Unit 107","oz":"N"},"geometry":{"type":"Point","coordinates":[-88.28205,42.035599]}},{"type":"Feature","properties":{"id":"aAA0W000000h3l0","address":"51 S Spring St Unit 111","oz":"N"},"geometry":{"type":"Point","coordinates":[-88.281905,42.036]}},{"type":"Feature","properties":{"id":"aAA0W000000h3kz","address":"51 S Spring St Unit 116","oz":"N"},"geometry":{"type":"Point","coordinates":[-88.282102,42.035951]}},{"type":"Feature","properties":{"id":"aAA0W000000h3l1","address":"51 S Spring St Unit 119","oz":"N"},"geometry":{"type":"Point","coordinates":[-88.282113,42.035898]}},{"type":"Feature","properties":{"id":"aAA0W000000h3l4","address":"51 S Spring St Unit 113","oz":"N"},"geometry":{"type":"Point","coordinates":[-88.282068,42.0362]}},{"type":"Feature","properties":{"id":"aAA0W000000h3l5","address":"51 S Spring St Unit 114","oz":"N"},"geometry":{"type":"Point","coordinates":[-88.282145,42.036212]}},{"type":"Feature","properties":{"id":"aAA0W000000h3l3","address":"51 S Spring St Unit 118","oz":"N"},"geometry":{"type":"Point","coordinates":[-88.282039,42.036011]}},{"type":"Feature","properties":{"id":"aAA0W000000h3l2","address":"51 S Spring St Unit 120","oz":"N"},"geometry":{"type":"Point","coordinates":[-88.282122,42.036103]}},{"type":"Feature","properties":{"id":"aAA0W000000h3l6","address":"51 S Spring St Unit 112","oz":"N"},"geometry":{"type":"Point","coordinates":[-88.281974,42.036099]}},{"type":"Feature","properties":{"id":"aAA0W000000h3l7","address":"51 S Spring St Unit 115","oz":"N"},"geometry":{"type":"Point","coordinates":[-88.281992,42.035961]}},{"type":"Feature","properties":{"id":"aAA0W000000hCZw","address":"60 S Spring St","oz":"N"},"geometry":{"type":"Point","coordinates":[-88.282733,42.035986]}},{"type":"Feature","properties":{"id":"aAA0W000000hD0h","address":"50 S Grove Ave Unit 622","oz":"N"},"geometry":{"type":"Point","coordinates":[-88.283945,42.036009]}},{"type":"Feature","properties":{"id":"aAA0W000000hD0w","address":"50 S Grove Ave Unit 621","oz":"N"},"geometry":{"type":"Point","coordinates":[-88.283928,42.036016]}},{"type":"Feature","properties":{"id":"aAA0W000000hD0y","address":"50 S Grove Ave Unit 522","oz":"N"},"geometry":{"type":"Point","coordinates":[-88.283952,42.036019]}},{"type":"Feature","properties":{"id":"aAA0W000000hD0x","address":"50 S Grove Ave Unit 712","oz":"N"},"geometry":{"type":"Point","coordinates":[-88.283886,42.036019]}},{"type":"Feature","properties":{"id":"aAA0W000000hD0z","address":"50 S Grove Ave Unit 810","oz":"N"},"geometry":{"type":"Point","coordinates":[-88.283848,42.036021]}},{"type":"Feature","properties":{"id":"aAA0W000000hD10","address":"50 S Grove Ave Unit 616","oz":"N"},"geometry":{"type":"Point","coordinates":[-88.283909,42.036024]}},{"type":"Feature","properties":{"id":"aAA0W000000hCe1","address":"54 S Grove Ave","oz":"N"},"geometry":{"type":"Point","coordinates":[-88.283518,42.036024]}},{"type":"Feature","properties":{"id":"aAA0W000000h9zF","address":"6 S State St","oz":"Y"},"geometry":{"type":"Point","coordinates":[-88.287409,42.036027]}},{"type":"Feature","properties":{"id":"aAA0W000000hD11","address":"50 S Grove Ave Unit 521","oz":"N"},"geometry":{"type":"Point","coordinates":[-88.283936,42.036026]}},{"type":"Feature","properties":{"id":"aAA0W000000hD12","address":"50 S Grove Ave Unit 711","oz":"N"},"geometry":{"type":"Point","coordinates":[-88.283868,42.036028]}},{"type":"Feature","properties":{"id":"aAA0W000000hD13","address":"50 S Grove Ave Unit 809","oz":"N"},"geometry":{"type":"Point","coordinates":[-88.283829,42.036028]}},{"type":"Feature","properties":{"id":"aAA0W000000hD14","address":"50 S Grove Ave Unit 422","oz":"N"},"geometry":{"type":"Point","coordinates":[-88.283959,42.036028]}},{"type":"Feature","properties":{"id":"aAA0W000000hD15","address":"50 S Grove Ave Unit 614","oz":"N"},"geometry":{"type":"Point","coordinates":[-88.283893,42.03603]}},{"type":"Feature","properties":{"id":"aAA0W000000hCt4","address":"56 Villa St","oz":"N"},"geometry":{"type":"Point","coordinates":[-88.280955,42.036032]}},{"type":"Feature","properties":{"id":"aAA0W000000h8US","address":"51 S Spring St Unit 225","oz":"N"},"geometry":{"type":"Point","coordinates":[-88.282264,42.035919]}},{"type":"Feature","properties":{"id":"aAA0W000000h8Tj","address":"51 S Spring St Unit 228","oz":"N"},"geometry":{"type":"Point","coordinates":[-88.281951,42.035931]}},{"type":"Feature","properties":{"id":"aAA0W000000h8UT","address":"51 S Spring St Unit 201","oz":"N"},"geometry":{"type":"Point","coordinates":[-88.282371,42.03567]}},{"type":"Feature","properties":{"id":"aAA0W000000h8UV","address":"51 S Spring St Unit 212","oz":"N"},"geometry":{"type":"Point","coordinates":[-88.281868,42.035577]}},{"type":"Feature","properties":{"id":"aAA0W000000h8UU","address":"51 S Spring St Unit 226","oz":"N"},"geometry":{"type":"Point","coordinates":[-88.282166,42.035924]}},{"type":"Feature","properties":{"id":"aAA0W000000hD16","address":"50 S Grove Ave Unit 516","oz":"N"},"geometry":{"type":"Point","coordinates":[-88.28392,42.036034]}},{"type":"Feature","properties":{"id":"aAA0W000000h8UX","address":"51 S Spring St Unit 203","oz":"N"},"geometry":{"type":"Point","coordinates":[-88.282112,42.035651]}},{"type":"Feature","properties":{"id":"aAA0W000000h8UW","address":"51 S Spring St Unit 224","oz":"N"},"geometry":{"type":"Point","coordinates":[-88.282368,42.035934]}},{"type":"Feature","properties":{"id":"aAA0W000000hD17","address":"50 S Grove Ave Unit 710","oz":"N"},"geometry":{"type":"Point","coordinates":[-88.283854,42.036034]}},{"type":"Feature","properties":{"id":"aAA0W000000h4f3","address":"51 S Spring St Unit 206","oz":"N"},"geometry":{"type":"Point","coordinates":[-88.281865,42.035646]}},{"type":"Feature","properties":{"id":"aAA0W000000h4f2","address":"51 S Spring St Unit 208","oz":"N"},"geometry":{"type":"Point","coordinates":[-88.282304,42.035572]}},{"type":"Feature","properties":{"id":"aAA0W000000h4f1","address":"51 S Spring St Unit 211","oz":"N"},"geometry":{"type":"Point","coordinates":[-88.281988,42.035574]}},{"type":"Feature","properties":{"id":"aAA0W000000h4f0","address":"51 S Spring St Unit 221","oz":"N"},"geometry":{"type":"Point","coordinates":[-88.282348,42.036185]}},{"type":"Feature","properties":{"id":"aAA0W000000h8UY","address":"51 S Spring St Unit 227","oz":"N"},"geometry":{"type":"Point","coordinates":[-88.282056,42.035922]}},{"type":"Feature","properties":{"id":"aAA0W000000h4f8","address":"51 S Spring St Unit 202","oz":"N"},"geometry":{"type":"Point","coordinates":[-88.28227,42.035662]}},{"type":"Feature","properties":{"id":"aAA0W000000h4f7","address":"51 S Spring St Unit 205","oz":"N"},"geometry":{"type":"Point","coordinates":[-88.28201,42.035646]}},{"type":"Feature","properties":{"id":"aAA0W000000h4f6","address":"51 S Spring St Unit 207","oz":"N"},"geometry":{"type":"Point","coordinates":[-88.282373,42.035576]}},{"type":"Feature","properties":{"id":"aAA0W000000h4f5","address":"51 S Spring St Unit 213","oz":"N"},"geometry":{"type":"Point","coordinates":[-88.281716,42.035586]}},{"type":"Feature","properties":{"id":"aAA0W000000h4f4","address":"51 S Spring St Unit 223","oz":"N"},"geometry":{"type":"Point","coordinates":[-88.282378,42.036016]}},{"type":"Feature","properties":{"id":"aAA0W000000h9iq","address":"51 S Spring St Unit 209","oz":"N"},"geometry":{"type":"Point","coordinates":[-88.2822,42.035574]}},{"type":"Feature","properties":{"id":"aAA0W000000h9ir","address":"51 S Spring St Unit 210","oz":"N"},"geometry":{"type":"Point","coordinates":[-88.282096,42.035574]}},{"type":"Feature","properties":{"id":"aAA0W000000h4fA","address":"51 S Spring St Unit 219","oz":"N"},"geometry":{"type":"Point","coordinates":[-88.282104,42.036182]}},{"type":"Feature","properties":{"id":"aAA0W000000h4f9","address":"51 S Spring St Unit 222","oz":"N"},"geometry":{"type":"Point","coordinates":[-88.282375,42.036093]}},{"type":"Feature","properties":{"id":"aAA0W000000h9it","address":"51 S Spring St Unit 215","oz":"N"},"geometry":{"type":"Point","coordinates":[-88.281864,42.035965]}},{"type":"Feature","properties":{"id":"aAA0W000000h9is","address":"51 S Spring St Unit 218","oz":"N"},"geometry":{"type":"Point","coordinates":[-88.282024,42.036158]}},{"type":"Feature","properties":{"id":"aAA0W000000hD18","address":"50 S Grove Ave Unit 421","oz":"N"},"geometry":{"type":"Point","coordinates":[-88.283944,42.036036]}},{"type":"Feature","properties":{"id":"aAA0W000000h9iu","address":"51 S Spring St Unit 214","oz":"N"},"geometry":{"type":"Point","coordinates":[-88.281792,42.035897]}},{"type":"Feature","properties":{"id":"aAA0W000000hGB8","address":"51 S Spring St Unit 216","oz":"N"},"geometry":{"type":"Point","coordinates":[-88.281921,42.036037]}},{"type":"Feature","properties":{"id":"aAA0W000000hGB7","address":"51 S Spring St Unit 220","oz":"N"},"geometry":{"type":"Point","coordinates":[-88.282233,42.036176]}},{"type":"Feature","properties":{"id":"aAA0W000000hD19","address":"50 S Grove Ave Unit 808","oz":"N"},"geometry":{"type":"Point","coordinates":[-88.283809,42.036037]}},{"type":"Feature","properties":{"id":"aAA0W000000hD1A","address":"50 S Grove Ave Unit 613","oz":"N"},"geometry":{"type":"Point","coordinates":[-88.283878,42.036037]}},{"type":"Feature","properties":{"id":"aAA0W000000hD1B","address":"50 S Grove Ave Unit 514","oz":"N"},"geometry":{"type":"Point","coordinates":[-88.283902,42.036041]}},{"type":"Feature","properties":{"id":"aAA0W000000hD1C","address":"50 S Grove Ave Unit 709","oz":"N"},"geometry":{"type":"Point","coordinates":[-88.283837,42.036042]}},{"type":"Feature","properties":{"id":"aAA0W000000hD1D","address":"50 S Grove Ave Unit 416","oz":"N"},"geometry":{"type":"Point","coordinates":[-88.283929,42.036043]}},{"type":"Feature","properties":{"id":"aAA0W000000hD1E","address":"50 S Grove Ave Unit 610","oz":"N"},"geometry":{"type":"Point","coordinates":[-88.283863,42.036045]}},{"type":"Feature","properties":{"id":"aAA0W000000h7Zy","address":"227 Dupage St","oz":"N"},"geometry":{"type":"Point","coordinates":[-88.281333,42.036045]}},{"type":"Feature","properties":{"id":"aAA0W000000hD1F","address":"50 S Grove Ave Unit 316","oz":"N"},"geometry":{"type":"Point","coordinates":[-88.283955,42.036047]}},{"type":"Feature","properties":{"id":"aAA0W000000hD1G","address":"50 S Grove Ave Unit 807","oz":"N"},"geometry":{"type":"Point","coordinates":[-88.283793,42.036048]}},{"type":"Feature","properties":{"id":"aAA0W000000hD1H","address":"50 S Grove Ave Unit 708","oz":"N"},"geometry":{"type":"Point","coordinates":[-88.283818,42.036049]}},{"type":"Feature","properties":{"id":"aAA0W000000hD1I","address":"50 S Grove Ave Unit 513","oz":"N"},"geometry":{"type":"Point","coordinates":[-88.283884,42.03605]}},{"type":"Feature","properties":{"id":"aAA0W000000hD1J","address":"50 S Grove Ave Unit 414","oz":"N"},"geometry":{"type":"Point","coordinates":[-88.283912,42.036051]}},{"type":"Feature","properties":{"id":"aAA0W000000hD1K","address":"50 S Grove Ave Unit 609","oz":"N"},"geometry":{"type":"Point","coordinates":[-88.283845,42.036053]}},{"type":"Feature","properties":{"id":"aAA0W000000hD1L","address":"50 S Grove Ave Unit 315","oz":"N"},"geometry":{"type":"Point","coordinates":[-88.283939,42.036054]}},{"type":"Feature","properties":{"id":"aAA0W000000hD1M","address":"50 S Grove Ave Unit 806","oz":"N"},"geometry":{"type":"Point","coordinates":[-88.283778,42.036055]}},{"type":"Feature","properties":{"id":"aAA0W000000hD1N","address":"50 S Grove Ave Unit 510","oz":"N"},"geometry":{"type":"Point","coordinates":[-88.28387,42.036055]}},{"type":"Feature","properties":{"id":"aAA0W000000hAe7","address":"51 S Spring St","oz":"N"},"geometry":{"type":"Point","coordinates":[-88.282067,42.036055]}},{"type":"Feature","properties":{"id":"aAA0W000000hD1P","address":"50 S Grove Ave Unit 707","oz":"N"},"geometry":{"type":"Point","coordinates":[-88.283801,42.036057]}},{"type":"Feature","properties":{"id":"aAA0W000000hD1R","address":"50 S Grove Ave Unit 413","oz":"N"},"geometry":{"type":"Point","coordinates":[-88.283895,42.036059]}},{"type":"Feature","properties":{"id":"aAA0W000000hD1Q","address":"50 S Grove Ave Unit 608","oz":"N"},"geometry":{"type":"Point","coordinates":[-88.283826,42.036059]}},{"type":"Feature","properties":{"id":"aAA0W000000hD1S","address":"50 S Grove Ave Unit 805","oz":"N"},"geometry":{"type":"Point","coordinates":[-88.283762,42.036061]}},{"type":"Feature","properties":{"id":"aAA0W000000hD1U","address":"50 S Grove Ave Unit 314","oz":"N"},"geometry":{"type":"Point","coordinates":[-88.283921,42.036062]}},{"type":"Feature","properties":{"id":"aAA0W000000hD1T","address":"50 S Grove Ave Unit 509","oz":"N"},"geometry":{"type":"Point","coordinates":[-88.283852,42.036062]}},{"type":"Feature","properties":{"id":"aAA0W000000hD1V","address":"50 S Grove Ave Unit 706","oz":"N"},"geometry":{"type":"Point","coordinates":[-88.283786,42.036065]}},{"type":"Feature","properties":{"id":"aAA0W000000hD1W","address":"50 S Grove Ave Unit 410","oz":"N"},"geometry":{"type":"Point","coordinates":[-88.28388,42.036066]}},{"type":"Feature","properties":{"id":"aAA0W000000hD1X","address":"50 S Grove Ave Unit 804","oz":"N"},"geometry":{"type":"Point","coordinates":[-88.283746,42.036068]}},{"type":"Feature","properties":{"id":"aAA0W000000hD1Y","address":"50 S Grove Ave Unit 313","oz":"N"},"geometry":{"type":"Point","coordinates":[-88.283904,42.03607]}},{"type":"Feature","properties":{"id":"aAA0W000000hD1Z","address":"50 S Grove Ave Unit 508","oz":"N"},"geometry":{"type":"Point","coordinates":[-88.283835,42.03607]}},{"type":"Feature","properties":{"id":"aAA0W000000hD1a","address":"50 S Grove Ave Unit 705","oz":"N"},"geometry":{"type":"Point","coordinates":[-88.283772,42.036071]}},{"type":"Feature","properties":{"id":"aAA0W000000hD1b","address":"50 S Grove Ave Unit 212","oz":"N"},"geometry":{"type":"Point","coordinates":[-88.283929,42.036072]}},{"type":"Feature","properties":{"id":"aAA0W000000hD1c","address":"50 S Grove Ave Unit 409","oz":"N"},"geometry":{"type":"Point","coordinates":[-88.283862,42.036073]}},{"type":"Feature","properties":{"id":"aAA0W000000hD1d","address":"50 S Grove Ave Unit 803","oz":"N"},"geometry":{"type":"Point","coordinates":[-88.283728,42.036074]}},{"type":"Feature","properties":{"id":"aAA0W000000hD1f","address":"50 S Grove Ave Unit 310","oz":"N"},"geometry":{"type":"Point","coordinates":[-88.28389,42.036077]}},{"type":"Feature","properties":{"id":"aAA0W000000hD1e","address":"50 S Grove Ave Unit 606","oz":"N"},"geometry":{"type":"Point","coordinates":[-88.283794,42.036077]}},{"type":"Feature","properties":{"id":"aAA0W000000hD1g","address":"50 S Grove Ave Unit 704","oz":"N"},"geometry":{"type":"Point","coordinates":[-88.283758,42.036078]}},{"type":"Feature","properties":{"id":"aAA0W000000hD1h","address":"50 S Grove Ave Unit 507","oz":"N"},"geometry":{"type":"Point","coordinates":[-88.283819,42.036078]}},{"type":"Feature","properties":{"id":"aAA0W000000hD1i","address":"50 S Grove Ave Unit 211","oz":"N"},"geometry":{"type":"Point","coordinates":[-88.283913,42.03608]}},{"type":"Feature","properties":{"id":"aAA0W000000hD1j","address":"50 S Grove Ave Unit 802","oz":"N"},"geometry":{"type":"Point","coordinates":[-88.283711,42.03608]}},{"type":"Feature","properties":{"id":"aAA0W000000hD1k","address":"50 S Grove Ave Unit 408","oz":"N"},"geometry":{"type":"Point","coordinates":[-88.283844,42.036081]}},{"type":"Feature","properties":{"id":"aAA0W000000hD1l","address":"50 S Grove Ave Unit 605","oz":"N"},"geometry":{"type":"Point","coordinates":[-88.283781,42.036082]}},{"type":"Feature","properties":{"id":"aAA0W000000hD1m","address":"50 S Grove Ave Unit 309","oz":"N"},"geometry":{"type":"Point","coordinates":[-88.283872,42.036084]}},{"type":"Feature","properties":{"id":"aAA0W000000hD1o","address":"50 S Grove Ave Unit 703","oz":"N"},"geometry":{"type":"Point","coordinates":[-88.283738,42.036085]}},{"type":"Feature","properties":{"id":"aAA0W000000hD1n","address":"50 S Grove Ave Unit 801","oz":"N"},"geometry":{"type":"Point","coordinates":[-88.283697,42.036085]}},{"type":"Feature","properties":{"id":"aAA0W000000hD1p","address":"50 S Grove Ave Unit 210","oz":"N"},"geometry":{"type":"Point","coordinates":[-88.283898,42.036086]}},{"type":"Feature","properties":{"id":"aAA0W000000hD1q","address":"50 S Grove Ave Unit 506","oz":"N"},"geometry":{"type":"Point","coordinates":[-88.2838,42.036087]}},{"type":"Feature","properties":{"id":"aAA0W000000hD1r","address":"50 S Grove Ave Unit 604","oz":"N"},"geometry":{"type":"Point","coordinates":[-88.283765,42.036088]}},{"type":"Feature","properties":{"id":"aAA0W000000hD1s","address":"50 S Grove Ave Unit 407","oz":"N"},"geometry":{"type":"Point","coordinates":[-88.283827,42.03609]}},{"type":"Feature","properties":{"id":"aAA0W000000hD1t","address":"50 S Grove Ave Unit 702","oz":"N"},"geometry":{"type":"Point","coordinates":[-88.283721,42.036092]}},{"type":"Feature","properties":{"id":"aAA0W000000hD1u","address":"50 S Grove Ave Unit 308","oz":"N"},"geometry":{"type":"Point","coordinates":[-88.283854,42.036093]}},{"type":"Feature","properties":{"id":"aAA0W000000hD1v","address":"50 S Grove Ave Unit 603","oz":"N"},"geometry":{"type":"Point","coordinates":[-88.28375,42.036093]}},{"type":"Feature","properties":{"id":"aAA0W000000hD1w","address":"50 S Grove Ave Unit 209","oz":"N"},"geometry":{"type":"Point","coordinates":[-88.28388,42.036094]}},{"type":"Feature","properties":{"id":"aAA0W000000hD1x","address":"50 S Grove Ave Unit 505","oz":"N"},"geometry":{"type":"Point","coordinates":[-88.283789,42.036095]}},{"type":"Feature","properties":{"id":"aAA0W000000hD1y","address":"50 S Grove Ave Unit 406","oz":"N"},"geometry":{"type":"Point","coordinates":[-88.283809,42.036097]}},{"type":"Feature","properties":{"id":"aAA0W000000hD1z","address":"50 S Grove Ave Unit 701","oz":"N"},"geometry":{"type":"Point","coordinates":[-88.283708,42.036097]}},{"type":"Feature","properties":{"id":"aAA0W000000hD21","address":"50 S Grove Ave Unit 504","oz":"N"},"geometry":{"type":"Point","coordinates":[-88.283775,42.0361]}},{"type":"Feature","properties":{"id":"aAA0W000000hD20","address":"50 S Grove Ave Unit 602","oz":"N"},"geometry":{"type":"Point","coordinates":[-88.283731,42.0361]}},{"type":"Feature","properties":{"id":"aAA0W000000hD22","address":"50 S Grove Ave Unit 307","oz":"N"},"geometry":{"type":"Point","coordinates":[-88.283838,42.036101]}},{"type":"Feature","properties":{"id":"aAA0W000000hD23","address":"50 S Grove Ave Unit 208","oz":"N"},"geometry":{"type":"Point","coordinates":[-88.283862,42.036103]}},{"type":"Feature","properties":{"id":"aAA0W000000hD24","address":"50 S Grove Ave Unit 405","oz":"N"},"geometry":{"type":"Point","coordinates":[-88.283795,42.036103]}},{"type":"Feature","properties":{"id":"aAA0W000000hAXe","address":"2 S State St","oz":"Y"},"geometry":{"type":"Point","coordinates":[-88.287469,42.036105]}},{"type":"Feature","properties":{"id":"aAA0W000000hD25","address":"50 S Grove Ave Unit 503","oz":"N"},"geometry":{"type":"Point","coordinates":[-88.28376,42.036106]}},{"type":"Feature","properties":{"id":"aAA0W000000hD26","address":"50 S Grove Ave Unit 601","oz":"N"},"geometry":{"type":"Point","coordinates":[-88.283714,42.036107]}},{"type":"Feature","properties":{"id":"aAA0W000000hGBA","address":"51 S Spring St Unit 301","oz":"N"},"geometry":{"type":"Point","coordinates":[-88.282377,42.035699]}},{"type":"Feature","properties":{"id":"aAA0W000000hEwM","address":"51 S Spring St Unit 303","oz":"N"},"geometry":{"type":"Point","coordinates":[-88.282244,42.035692]}},{"type":"Feature","properties":{"id":"aAA0W000000hEwN","address":"51 S Spring St Unit 305","oz":"N"},"geometry":{"type":"Point","coordinates":[-88.282243,42.035591]}},{"type":"Feature","properties":{"id":"aAA0W000000hEwO","address":"51 S Spring St Unit 306","oz":"N"},"geometry":{"type":"Point","coordinates":[-88.282141,42.035689]}},{"type":"Feature","properties":{"id":"aAA0W000000hEwP","address":"51 S Spring St Unit 302","oz":"N"},"geometry":{"type":"Point","coordinates":[-88.282377,42.035597]}},{"type":"Feature","properties":{"id":"aAA0W000000hD27","address":"50 S Grove Ave Unit 306","oz":"N"},"geometry":{"type":"Point","coordinates":[-88.283819,42.036109]}},{"type":"Feature","properties":{"id":"aAA0W000000hGQV","address":"51 S Spring St Unit 309","oz":"N"},"geometry":{"type":"Point","coordinates":[-88.282011,42.035592]}},{"type":"Feature","properties":{"id":"aAA0W000000hEwQ","address":"51 S Spring St Unit 307","oz":"N"},"geometry":{"type":"Point","coordinates":[-88.282145,42.035586]}},{"type":"Feature","properties":{"id":"aAA0W000000h3yS","address":"51 S Spring St Unit 308","oz":"N"},"geometry":{"type":"Point","coordinates":[-88.282027,42.035696]}},{"type":"Feature","properties":{"id":"aAA0W000000hD28","address":"50 S Grove Ave Unit 404","oz":"N"},"geometry":{"type":"Point","coordinates":[-88.283782,42.03611]}},{"type":"Feature","properties":{"id":"aAA0W000000hD29","address":"50 S Grove Ave Unit 207","oz":"N"},"geometry":{"type":"Point","coordinates":[-88.283845,42.03611]}},{"type":"Feature","properties":{"id":"aAA0W000000h3yT","address":"51 S Spring St Unit 310","oz":"N"},"geometry":{"type":"Point","coordinates":[-88.281939,42.0357]}},{"type":"Feature","properties":{"id":"aAA0W000000h3yU","address":"51 S Spring St Unit 311","oz":"N"},"geometry":{"type":"Point","coordinates":[-88.281902,42.035579]}},{"type":"Feature","properties":{"id":"aAA0W000000h3yV","address":"51 S Spring St Unit 312","oz":"N"},"geometry":{"type":"Point","coordinates":[-88.281804,42.035689]}},{"type":"Feature","properties":{"id":"aAA0W000000h4BW","address":"51 S Spring St Unit 313","oz":"N"},"geometry":{"type":"Point","coordinates":[-88.281716,42.035586]}},{"type":"Feature","properties":{"id":"aAA0W000000hD2A","address":"50 S Grove Ave Unit 502","oz":"N"},"geometry":{"type":"Point","coordinates":[-88.283742,42.036113]}},{"type":"Feature","properties":{"id":"aAA0W000000hD2B","address":"50 S Grove Ave Unit 305","oz":"N"},"geometry":{"type":"Point","coordinates":[-88.283805,42.036116]}},{"type":"Feature","properties":{"id":"aAA0W000000hD2C","address":"50 S Grove Ave Unit 403","oz":"N"},"geometry":{"type":"Point","coordinates":[-88.283766,42.036116]}},{"type":"Feature","properties":{"id":"aAA0W000000hD2D","address":"50 S Grove Ave Unit 501","oz":"N"},"geometry":{"type":"Point","coordinates":[-88.283726,42.036119]}},{"type":"Feature","properties":{"id":"aAA0W000000hD2E","address":"50 S Grove Ave Unit 206","oz":"N"},"geometry":{"type":"Point","coordinates":[-88.28383,42.036119]}},{"type":"Feature","properties":{"id":"aAA0W000000hD2F","address":"50 S Grove Ave Unit 304","oz":"N"},"geometry":{"type":"Point","coordinates":[-88.28379,42.03612]}},{"type":"Feature","properties":{"id":"aAA0W000000hD2G","address":"50 S Grove Ave Unit 402","oz":"N"},"geometry":{"type":"Point","coordinates":[-88.28375,42.036122]}},{"type":"Feature","properties":{"id":"aAA0W000000hD2H","address":"50 S Grove Ave Unit 205","oz":"N"},"geometry":{"type":"Point","coordinates":[-88.283814,42.036124]}},{"type":"Feature","properties":{"id":"aAA0W000000hD2I","address":"50 S Grove Ave Unit 303","oz":"N"},"geometry":{"type":"Point","coordinates":[-88.283772,42.036127]}},{"type":"Feature","properties":{"id":"aAA0W000000hD2J","address":"50 S Grove Ave Unit 401","oz":"N"},"geometry":{"type":"Point","coordinates":[-88.283737,42.036128]}},{"type":"Feature","properties":{"id":"aAA0W000000hD2K","address":"50 S Grove Ave Unit 204","oz":"N"},"geometry":{"type":"Point","coordinates":[-88.2838,42.036131]}},{"type":"Feature","properties":{"id":"aAA0W000000hD2L","address":"50 S Grove Ave Unit 302","oz":"N"},"geometry":{"type":"Point","coordinates":[-88.283756,42.036134]}},{"type":"Feature","properties":{"id":"aAA0W000000hD0u","address":"50 S Grove Ave","oz":"N"},"geometry":{"type":"Point","coordinates":[-88.283694,42.036137]}},{"type":"Feature","properties":{"id":"aAA0W000000hEz0","address":"109 W Chicago St Unit Rear","oz":"N"},"geometry":{"type":"Point","coordinates":[-88.28609,42.036139]}},{"type":"Feature","properties":{"id":"aAA0W000000hD2M","address":"50 S Grove Ave Unit 203","oz":"N"},"geometry":{"type":"Point","coordinates":[-88.283783,42.036138]}},{"type":"Feature","properties":{"id":"aAA0W000000hD2N","address":"50 S Grove Ave Unit 301","oz":"N"},"geometry":{"type":"Point","coordinates":[-88.283744,42.03614]}},{"type":"Feature","properties":{"id":"aAA0W000000hD2O","address":"50 S Grove Ave Unit 202","oz":"N"},"geometry":{"type":"Point","coordinates":[-88.283768,42.036144]}},{"type":"Feature","properties":{"id":"aAA0W000000hEeH","address":"50 S Grove Ave Unit 201","oz":"N"},"geometry":{"type":"Point","coordinates":[-88.283752,42.03615]}},{"type":"Feature","properties":{"id":"aAA0W000000h9jf","address":"263 Dupage St","hd_name":"Elgin","oz":"N"},"geometry":{"type":"Point","coordinates":[-88.280532,42.036159]}},{"type":"Feature","properties":{"id":"aAA0W000000h4fH","address":"221 Dupage St","oz":"N"},"geometry":{"type":"Point","coordinates":[-88.281527,42.036186]}},{"type":"Feature","properties":{"id":"aAA0W000000hDRX","address":"51 S Grove Ave","oz":"N"},"geometry":{"type":"Point","coordinates":[-88.283259,42.0362]}},{"type":"Feature","properties":{"id":"aAA0W000000hA3X","address":"43 Dupage Ct","oz":"N"},"geometry":{"type":"Point","coordinates":[-88.28273,42.036209]}},{"type":"Feature","properties":{"id":"aAA0W000000hIPT","address":"47 Dupage Ct","oz":"N"},"geometry":{"type":"Point","coordinates":[-88.282846,42.036212]}},{"type":"Feature","properties":{"id":"aAA0W000000h9DS","address":"109 W Chicago St","oz":"N"},"geometry":{"type":"Point","coordinates":[-88.286142,42.036217]}},{"type":"Feature","properties":{"id":"aAA0W000000h9A5","address":"7 S State St","oz":"N"},"geometry":{"type":"Point","coordinates":[-88.286714,42.036312]}},{"type":"Feature","properties":{"id":"aAA0W000000hB95","address":"119 W Chicago St","oz":"N"},"geometry":{"type":"Point","coordinates":[-88.286841,42.036398]}},{"type":"Feature","properties":{"id":"aAA0W000000hD2Z","address":"2 N State St","oz":"Y"},"geometry":{"type":"Point","coordinates":[-88.287626,42.036403]}},{"type":"Feature","properties":{"id":"aAA0W000000hEyK","address":"30 Dupage Ct","oz":"N"},"geometry":{"type":"Point","coordinates":[-88.283076,42.036437]}},{"type":"Feature","properties":{"id":"aAA0W000000hEm8","address":"20 Dupage Ct","oz":"N"},"geometry":{"type":"Point","coordinates":[-88.283238,42.036448]}},{"type":"Feature","properties":{"id":"aAA0W000000hDQ6","address":"23 S Spring St","oz":"N"},"geometry":{"type":"Point","coordinates":[-88.282404,42.036449]}},{"type":"Feature","properties":{"id":"aAA0W000000hC8U","address":"40 Dupage Ct","oz":"N"},"geometry":{"type":"Point","coordinates":[-88.282773,42.036439]}},{"type":"Feature","properties":{"id":"aAA0W000000h8fZ","address":"210 W Chicago St","oz":"Y"},"geometry":{"type":"Point","coordinates":[-88.287917,42.036452]}},{"type":"Feature","properties":{"id":"aAA0W000000hIQL","address":"40 S Spring St Unit 306","oz":"N"},"geometry":{"type":"Point","coordinates":[-88.282816,42.036494]}},{"type":"Feature","properties":{"id":"aAA0W000000h8yi","address":"40 S Spring St Unit 407","oz":"N"},"geometry":{"type":"Point","coordinates":[-88.282723,42.036516]}},{"type":"Feature","properties":{"id":"aAA0W000000hDBr","address":"212 W Chicago St","oz":"Y"},"geometry":{"type":"Point","coordinates":[-88.288138,42.036481]}},{"type":"Feature","properties":{"id":"aAA0W000000hDQJ","address":"21 S Spring St","oz":"N"},"geometry":{"type":"Point","coordinates":[-88.282405,42.036487]}},{"type":"Feature","properties":{"id":"aAA0W000000h6vZ","address":"4 N State St","oz":"Y"},"geometry":{"type":"Point","coordinates":[-88.287615,42.036489]}},{"type":"Feature","properties":{"id":"aAA0W000000hClX","address":"210 Dupage St","oz":"N"},"geometry":{"type":"Point","coordinates":[-88.28208,42.036507]}},{"type":"Feature","properties":{"id":"aAA0W000000hIQu","address":"214 Dupage St","oz":"N"},"geometry":{"type":"Point","coordinates":[-88.281855,42.036501]}},{"type":"Feature","properties":{"id":"aAA0W000000hIQt","address":"212 Dupage St","oz":"N"},"geometry":{"type":"Point","coordinates":[-88.281954,42.036504]}},{"type":"Feature","properties":{"id":"aAA0W000000h5dN","address":"31 S Grove Ave","oz":"N"},"geometry":{"type":"Point","coordinates":[-88.283501,42.036509]}},{"type":"Feature","properties":{"id":"aAA0W000000h5WR","address":"220 Dupage St","oz":"N"},"geometry":{"type":"Point","coordinates":[-88.281449,42.036513]}},{"type":"Feature","properties":{"id":"aAA0W000000h93d","address":"19 S Spring St","oz":"N"},"geometry":{"type":"Point","coordinates":[-88.282404,42.036524]}},{"type":"Feature","properties":{"id":"aAA0W000000h8UZ","address":"20 Villa Ct","oz":"N"},"geometry":{"type":"Point","coordinates":[-88.281328,42.036525]}},{"type":"Feature","properties":{"id":"aAA0W000000hAUi","address":"6 N State St","oz":"Y"},"geometry":{"type":"Point","coordinates":[-88.287678,42.036531]}},{"type":"Feature","properties":{"id":"aAA0W000000h5is","address":"17 S Spring St","oz":"N"},"geometry":{"type":"Point","coordinates":[-88.282406,42.03657]}},{"type":"Feature","properties":{"id":"aAA0W000000h8yk","address":"19 Ziegler Ct","oz":"N"},"geometry":{"type":"Point","coordinates":[-88.282127,42.036574]}},{"type":"Feature","properties":{"id":"aAA0W000000h9KE","address":"25 S Grove Ave Unit 200","oz":"N"},"geometry":{"type":"Point","coordinates":[-88.28359,42.036665]}},{"type":"Feature","properties":{"id":"aAA0W000000hDe4","address":"25 S Grove Ave","oz":"N"},"geometry":{"type":"Point","coordinates":[-88.283603,42.036653]}},{"type":"Feature","properties":{"id":"aAA0W000000hB1w","address":"25 S Grove Ave Unit 400","oz":"N"},"geometry":{"type":"Point","coordinates":[-88.283576,42.03667]}},{"type":"Feature","properties":{"id":"aAA0W000000hGR7","address":"8 N State St","oz":"Y"},"geometry":{"type":"Point","coordinates":[-88.28773,42.03662]}},{"type":"Feature","properties":{"id":"aAA0W000000h4e9","address":"25 S Grove Ave Unit 100","oz":"N"},"geometry":{"type":"Point","coordinates":[-88.283606,42.036659]}},{"type":"Feature","properties":{"id":"aAA0W000000h7Tq","address":"25 S Grove Ave Unit 301","oz":"N"},"geometry":{"type":"Point","coordinates":[-88.283567,42.036654]}},{"type":"Feature","properties":{"id":"aAA0W000000hEcl","address":"10 N State St","oz":"Y"},"geometry":{"type":"Point","coordinates":[-88.287741,42.036635]}},{"type":"Feature","properties":{"id":"aAA0W000000h7Tr","address":"17 Ziegler Ct","oz":"N"},"geometry":{"type":"Point","coordinates":[-88.282183,42.036641]}},{"type":"Feature","properties":{"id":"aAA0W000000hAg8","address":"18 Villa Ct","oz":"N"},"geometry":{"type":"Point","coordinates":[-88.281364,42.036668]}},{"type":"Feature","properties":{"id":"aAA0W000000hBla","address":"12 N State St","oz":"Y"},"geometry":{"type":"Point","coordinates":[-88.287798,42.036677]}},{"type":"Feature","properties":{"id":"aAA0W000000h5iu","address":"23 S Grove Ave","oz":"N"},"geometry":{"type":"Point","coordinates":[-88.283641,42.036693]}},{"type":"Feature","properties":{"id":"aAA0W000000hD4g","address":"1 N State St","oz":"N"},"geometry":{"type":"Point","coordinates":[-88.287112,42.036712]}},{"type":"Feature","properties":{"id":"aAA0W000000h7Tv","address":"15 Ziegler Ct","oz":"N"},"geometry":{"type":"Point","coordinates":[-88.282237,42.036712]}},{"type":"Feature","properties":{"id":"aAA0W000000h6hL","address":"18 N State St","oz":"Y"},"geometry":{"type":"Point","coordinates":[-88.288037,42.036719]}},{"type":"Feature","properties":{"id":"aAA0W000000hFVh","address":"118 W Chicago St","oz":"N"},"geometry":{"type":"Point","coordinates":[-88.287041,42.036719]}},{"type":"Feature","properties":{"id":"aAA0W000000h8yj","address":"18 S Spring St","oz":"N"},"geometry":{"type":"Point","coordinates":[-88.282735,42.036773]}},{"type":"Feature","properties":{"id":"aAA0W000000hGBB","address":"21 S Grove Ave","oz":"N"},"geometry":{"type":"Point","coordinates":[-88.283693,42.036738]}},{"type":"Feature","properties":{"id":"aAA0W000000hFVi","address":"116 W Chicago St","oz":"N"},"geometry":{"type":"Point","coordinates":[-88.286981,42.036745]}},{"type":"Feature","properties":{"id":"aAA0W000000h3rj","address":"18 N State St Unit Flr 1","oz":"Y"},"geometry":{"type":"Point","coordinates":[-88.287894,42.036772]}},{"type":"Feature","properties":{"id":"aAA0W000000hFLd","address":"18 N State St Unit Flr 2","oz":"Y"},"geometry":{"type":"Point","coordinates":[-88.287893,42.036779]}},{"type":"Feature","properties":{"id":"aAA0W000000hFLe","address":"18 N State St Unit Flr 3","oz":"Y"},"geometry":{"type":"Point","coordinates":[-88.287893,42.036788]}},{"type":"Feature","properties":{"id":"aAA0W000000hFLf","address":"18 N State St Unit Flr 4","oz":"Y"},"geometry":{"type":"Point","coordinates":[-88.287893,42.036797]}},{"type":"Feature","properties":{"id":"aAA0W000000hBDA","address":"12 Villa Ct","oz":"N"},"geometry":{"type":"Point","coordinates":[-88.281277,42.036812]}},{"type":"Feature","properties":{"id":"aAA0W000000h8hP","address":"11 S Spring St","oz":"N"},"geometry":{"type":"Point","coordinates":[-88.282389,42.036819]}},{"type":"Feature","properties":{"id":"aAA0W000000h4zN","address":"12 S Geneva St Unit B","hd_name":"Elgin","oz":"N"},"geometry":{"type":"Point","coordinates":[-88.279789,42.036829]}},{"type":"Feature","properties":{"id":"aAA0W000000hDJ6","address":"12 S Geneva St","hd_name":"Elgin","oz":"N"},"geometry":{"type":"Point","coordinates":[-88.27985,42.036836]}},{"type":"Feature","properties":{"id":"aAA0W000000h3ZH","address":"10 S Geneva St Unit 10C","hd_name":"Elgin","oz":"N"},"geometry":{"type":"Point","coordinates":[-88.279788,42.036848]}},{"type":"Feature","properties":{"id":"aAA0W000000h7z5","address":"7 N State St","oz":"N"},"geometry":{"type":"Point","coordinates":[-88.28714,42.03686]}},{"type":"Feature","properties":{"id":"aAA0W000000hCVB","address":"10 S Geneva St","hd_name":"Elgin","oz":"N"},"geometry":{"type":"Point","coordinates":[-88.27985,42.036864]}},{"type":"Feature","properties":{"id":"aAA0W000000h3kS","address":"10 S Geneva St Unit D","hd_name":"Elgin","oz":"N"},"geometry":{"type":"Point","coordinates":[-88.279788,42.03687]}},{"type":"Feature","properties":{"id":"aAA0W000000h7ja","address":"9 S Spring St","oz":"N"},"geometry":{"type":"Point","coordinates":[-88.282405,42.036876]}},{"type":"Feature","properties":{"id":"aAA0W000000hAf0","address":"10 S Geneva St Unit 10E","hd_name":"Elgin","oz":"N"},"geometry":{"type":"Point","coordinates":[-88.279787,42.036885]}},{"type":"Feature","properties":{"id":"aAA0W000000hD5e","address":"9 N State St","oz":"N"},"geometry":{"type":"Point","coordinates":[-88.287175,42.036912]}},{"type":"Feature","properties":{"id":"aAA0W000000hIQ9","address":"7 S Spring St","oz":"N"},"geometry":{"type":"Point","coordinates":[-88.282406,42.036922]}},{"type":"Feature","properties":{"id":"aAA0W000000hGAt","address":"10 Villa Ct","oz":"N"},"geometry":{"type":"Point","coordinates":[-88.281274,42.036928]}},{"type":"Feature","properties":{"id":"aAA0W000000hAsn","address":"11 N State St","oz":"N"},"geometry":{"type":"Point","coordinates":[-88.287227,42.036957]}},{"type":"Feature","properties":{"id":"aAA0W000000h5iv","address":"5 S Spring St","oz":"N"},"geometry":{"type":"Point","coordinates":[-88.282406,42.03696]}},{"type":"Feature","properties":{"id":"aAA0W000000h9XT","address":"255 E Chicago St","hd_name":"Elgin","oz":"N"},"geometry":{"type":"Point","coordinates":[-88.280417,42.036961]}},{"type":"Feature","properties":{"id":"aAA0W000000hBnF","address":"163 E Chicago St Unit 2ND Flr","oz":"N"},"geometry":{"type":"Point","coordinates":[-88.28336,42.036968]}},{"type":"Feature","properties":{"id":"aAA0W000000hEeZ","address":"161 E Chicago St","oz":"N"},"geometry":{"type":"Point","coordinates":[-88.283435,42.036974]}},{"type":"Feature","properties":{"id":"aAA0W000000h7vr","address":"222 W Highland Ave Unit Upper","oz":"N"},"geometry":{"type":"Point","coordinates":[-88.288875,42.036984]}},{"type":"Feature","properties":{"id":"aAA0W000000hCCd","address":"163 E Chicago St","oz":"N"},"geometry":{"type":"Point","coordinates":[-88.28336,42.036985]}},{"type":"Feature","properties":{"id":"aAA0W000000hCZ4","address":"273 E Chicago St","hd_name":"Elgin","oz":"N"},"geometry":{"type":"Point","coordinates":[-88.279978,42.036992]}},{"type":"Feature","properties":{"id":"aAA0W000000h9iT","address":"277 E Chicago St","hd_name":"Elgin","oz":"N"},"geometry":{"type":"Point","coordinates":[-88.279824,42.03706]}},{"type":"Feature","properties":{"id":"aAA0W000000hC2H","address":"165 E Chicago St","oz":"N"},"geometry":{"type":"Point","coordinates":[-88.283285,42.036996]}},{"type":"Feature","properties":{"id":"aAA0W000000h7hQ","address":"220 W Highland Ave","oz":"N"},"geometry":{"type":"Point","coordinates":[-88.288828,42.037004]}},{"type":"Feature","properties":{"id":"aAA0W000000hD8a","address":"101 E Chicago St","oz":"N"},"geometry":{"type":"Point","coordinates":[-88.283741,42.037003]}},{"type":"Feature","properties":{"id":"aAA0W000000hAso","address":"13 N State St","oz":"N"},"geometry":{"type":"Point","coordinates":[-88.287262,42.037008]}},{"type":"Feature","properties":{"id":"aAA0W000000h8fp","address":"167 E Chicago St","oz":"N"},"geometry":{"type":"Point","coordinates":[-88.283191,42.037012]}},{"type":"Feature","properties":{"id":"aAA0W000000h8fq","address":"169 E Chicago St","oz":"N"},"geometry":{"type":"Point","coordinates":[-88.283111,42.037026]}},{"type":"Feature","properties":{"id":"aAA0W000000hAZ3","address":"100 W Chicago St","oz":"N"},"geometry":{"type":"Point","coordinates":[-88.286635,42.037047]}},{"type":"Feature","properties":{"id":"aAA0W000000h7hR","address":"220 W Highland Ave Unit Lower","oz":"N"},"geometry":{"type":"Point","coordinates":[-88.288838,42.037055]}},{"type":"Feature","properties":{"id":"aAA0W000000hDZe","address":"15 N State St","oz":"N"},"geometry":{"type":"Point","coordinates":[-88.287298,42.03706]}},{"type":"Feature","properties":{"id":"aAA0W000000h3Z7","address":"15 N State St Unit Upper","oz":"N"},"geometry":{"type":"Point","coordinates":[-88.287286,42.037065]}},{"type":"Feature","properties":{"id":"aAA0W000000hFCD","address":"179 E Chicago St","oz":"N"},"geometry":{"type":"Point","coordinates":[-88.282739,42.037091]}},{"type":"Feature","properties":{"id":"aAA0W000000h5Du","address":"209 E Chicago St Unit Upper","oz":"N"},"geometry":{"type":"Point","coordinates":[-88.282066,42.037098]}},{"type":"Feature","properties":{"id":"aAA0W000000hFHm","address":"217 E Chicago St Unit Upper","oz":"N"},"geometry":{"type":"Point","coordinates":[-88.281733,42.037098]}},{"type":"Feature","properties":{"id":"aAA0W000000h5Dk","address":"213 E Chicago St","oz":"N"},"geometry":{"type":"Point","coordinates":[-88.281897,42.037119]}},{"type":"Feature","properties":{"id":"aAA0W000000hFPl","address":"17 N State St Unit 8","oz":"N"},"geometry":{"type":"Point","coordinates":[-88.287333,42.037122]}},{"type":"Feature","properties":{"id":"aAA0W000000hIQB","address":"201 E Chicago St","oz":"N"},"geometry":{"type":"Point","coordinates":[-88.282402,42.03712]}},{"type":"Feature","properties":{"id":"aAA0W000000h93Y","address":"205 E Chicago St","oz":"N"},"geometry":{"type":"Point","coordinates":[-88.282233,42.037122]}},{"type":"Feature","properties":{"id":"aAA0W000000hCUY","address":"215 E Chicago St","oz":"N"},"geometry":{"type":"Point","coordinates":[-88.28182,42.037123]}},{"type":"Feature","properties":{"id":"aAA0W000000hAe4","address":"217 E Chicago St","oz":"N"},"geometry":{"type":"Point","coordinates":[-88.281733,42.037124]}},{"type":"Feature","properties":{"id":"aAA0W000000h5iw","address":"209 E Chicago St","oz":"N"},"geometry":{"type":"Point","coordinates":[-88.282066,42.037124]}},{"type":"Feature","properties":{"id":"aAA0W000000h5ix","address":"211 E Chicago St","oz":"N"},"geometry":{"type":"Point","coordinates":[-88.281992,42.037125]}},{"type":"Feature","properties":{"id":"aAA0W000000h5WS","address":"221 E Chicago St","oz":"N"},"geometry":{"type":"Point","coordinates":[-88.281568,42.037123]}},{"type":"Feature","properties":{"id":"aAA0W000000hIQA","address":"207 E Chicago St","oz":"N"},"geometry":{"type":"Point","coordinates":[-88.282152,42.037125]}},{"type":"Feature","properties":{"id":"aAA0W000000h7z7","address":"219 E Chicago St","oz":"N"},"geometry":{"type":"Point","coordinates":[-88.281659,42.037125]}},{"type":"Feature","properties":{"id":"aAA0W000000hCQ5","address":"225 E Chicago St","oz":"N"},"geometry":{"type":"Point","coordinates":[-88.281399,42.037127]}},{"type":"Feature","properties":{"id":"aAA0W000000hCQ6","address":"225 227 E Chicago St Unit 229","oz":"N"},"geometry":{"type":"Point","coordinates":[-88.281367,42.037127]}},{"type":"Feature","properties":{"id":"aAA0W000000hAT3","address":"17 N State St","oz":"N"},"geometry":{"type":"Point","coordinates":[-88.287313,42.03713]}},{"type":"Feature","properties":{"id":"aAA0W000000h50v","address":"201 203 E Chicago St","oz":"N"},"geometry":{"type":"Point","coordinates":[-88.28231,42.037129]}},{"type":"Feature","properties":{"id":"aAA0W000000h7Zy","address":"227 E Chicago St","oz":"N"},"geometry":{"type":"Point","coordinates":[-88.281319,42.03713]}},{"type":"Feature","properties":{"id":"aAA0W000000h3Z8","address":"19 N State St","oz":"N"},"geometry":{"type":"Point","coordinates":[-88.287381,42.037169]}},{"type":"Feature","properties":{"id":"aAA0W000000hCzu","address":"21 N State St","oz":"N"},"geometry":{"type":"Point","coordinates":[-88.287406,42.037203]}},{"type":"Feature","properties":{"id":"aAA0W000000h76A","address":"170 E Chicago St","oz":"N"},"geometry":{"type":"Point","coordinates":[-88.28299,42.037352]}},{"type":"Feature","properties":{"id":"aAA0W000000h5iy","address":"172 E Chicago St","oz":"N"},"geometry":{"type":"Point","coordinates":[-88.28299,42.037352]}},{"type":"Feature","properties":{"id":"aAA0W000000h8Td","address":"168 E Chicago St","oz":"N"},"geometry":{"type":"Point","coordinates":[-88.28299,42.037352]}},{"type":"Feature","properties":{"id":"aAA0W000000hDXP","address":"24 E Chicago St","oz":"N"},"geometry":{"type":"Point","coordinates":[-88.284746,42.03737]}},{"type":"Feature","properties":{"id":"aAA0W000000h9XP","address":"2 Douglas Ave","oz":"N"},"geometry":{"type":"Point","coordinates":[-88.284197,42.03752]}},{"type":"Feature","properties":{"id":"aAA0W000000h7hH","address":"176 E Chicago St","oz":"N"},"geometry":{"type":"Point","coordinates":[-88.282713,42.037383]}},{"type":"Feature","properties":{"id":"aAA0W000000hCJI","address":"100 E Chicago St","oz":"N"},"geometry":{"type":"Point","coordinates":[-88.28424,42.037376]}},{"type":"Feature","properties":{"id":"aAA0W000000hIPX","address":"1 Douglas Ave Unit 100","oz":"N"},"geometry":{"type":"Point","coordinates":[-88.283857,42.037406]}},{"type":"Feature","properties":{"id":"aAA0W000000hIPW","address":"214 E Chicago St","oz":"N"},"geometry":{"type":"Point","coordinates":[-88.281832,42.037426]}},{"type":"Feature","properties":{"id":"aAA0W000000hDXg","address":"162 E Chicago St","oz":"N"},"geometry":{"type":"Point","coordinates":[-88.283311,42.037431]}},{"type":"Feature","properties":{"id":"aAA0W000000h7hJ","address":"256 E Chicago St","hd_name":"Elgin","oz":"N"},"geometry":{"type":"Point","coordinates":[-88.280794,42.03744]}},{"type":"Feature","properties":{"id":"aAA0W000000hG6A","address":"1 Douglas Ave Unit 200","oz":"N"},"geometry":{"type":"Point","coordinates":[-88.283861,42.037446]}},{"type":"Feature","properties":{"id":"aAA0W000000hBCN","address":"214 216 E Chicago St","oz":"N"},"geometry":{"type":"Point","coordinates":[-88.281832,42.037449]}},{"type":"Feature","properties":{"id":"aAA0W000000hDQW","address":"164 E Chicago St","oz":"N"},"geometry":{"type":"Point","coordinates":[-88.283162,42.03746]}},{"type":"Feature","properties":{"id":"aAA0W000000hCaJ","address":"166 E Chicago St","oz":"N"},"geometry":{"type":"Point","coordinates":[-88.283162,42.03746]}},{"type":"Feature","properties":{"id":"aAA0W000000hDAA","address":"1 Douglas Ave","oz":"N"},"geometry":{"type":"Point","coordinates":[-88.283857,42.037467]}},{"type":"Feature","properties":{"id":"aAA0W000000h3Z9","address":"214 E Chicago St Unit 3RDFL","oz":"N"},"geometry":{"type":"Point","coordinates":[-88.281832,42.037466]}},{"type":"Feature","properties":{"id":"aAA0W000000hEmF","address":"220 E Chicago St","oz":"N"},"geometry":{"type":"Point","coordinates":[-88.281538,42.037472]}},{"type":"Feature","properties":{"id":"aAA0W000000h9pO","address":"200 E Chicago St Unit 4","oz":"N"},"geometry":{"type":"Point","coordinates":[-88.282018,42.037477]}},{"type":"Feature","properties":{"id":"aAA0W000000h8YQ","address":"158 E Chicago St","oz":"N"},"geometry":{"type":"Point","coordinates":[-88.283522,42.037479]}},{"type":"Feature","properties":{"id":"aAA0W000000hIPY","address":"154 E Chicago St","oz":"N"},"geometry":{"type":"Point","coordinates":[-88.283682,42.037481]}},{"type":"Feature","properties":{"id":"aAA0W000000hFMH","address":"1 Douglas Ave Unit 300","oz":"N"},"geometry":{"type":"Point","coordinates":[-88.283857,42.037499]}},{"type":"Feature","properties":{"id":"aAA0W000000h9KD","address":"270 E Chicago St","hd_name":"Elgin","oz":"N"},"geometry":{"type":"Point","coordinates":[-88.279968,42.037497]}},{"type":"Feature","properties":{"id":"aAA0W000000h4zS","address":"160 E Chicago St Unit A","oz":"N"},"geometry":{"type":"Point","coordinates":[-88.283422,42.037502]}},{"type":"Feature","properties":{"id":"aAA0W000000h3ZA","address":"160 E Chicago St Unit B","oz":"N"},"geometry":{"type":"Point","coordinates":[-88.283409,42.037502]}},{"type":"Feature","properties":{"id":"aAA0W000000h4zU","address":"156 E Chicago St","oz":"N"},"geometry":{"type":"Point","coordinates":[-88.283617,42.037506]}},{"type":"Feature","properties":{"id":"aAA0W000000h4zV","address":"216 E Chicago St","oz":"N"},"geometry":{"type":"Point","coordinates":[-88.281729,42.037514]}},{"type":"Feature","properties":{"id":"aAA0W000000hFT9","address":"9 N Grove Ave","oz":"N"},"geometry":{"type":"Point","coordinates":[-88.284473,42.037571]}},{"type":"Feature","properties":{"id":"aAA0W000000h5ji","address":"8 Douglas Ave","oz":"N"},"geometry":{"type":"Point","coordinates":[-88.284209,42.037572]}},{"type":"Feature","properties":{"id":"aAA0W000000h74P","address":"10 Douglas Ave","oz":"N"},"geometry":{"type":"Point","coordinates":[-88.284206,42.037638]}},{"type":"Feature","properties":{"id":"aAA0W000000hB96","address":"12 Douglas Ave","oz":"N"},"geometry":{"type":"Point","coordinates":[-88.284206,42.037638]}},{"type":"Feature","properties":{"id":"aAA0W000000h4cB","address":"11 N Grove Ave","oz":"N"},"geometry":{"type":"Point","coordinates":[-88.284443,42.037648]}},{"type":"Feature","properties":{"id":"aAA0W000000h7sL","address":"13 N Grove Ave","oz":"N"},"geometry":{"type":"Point","coordinates":[-88.284506,42.037689]}},{"type":"Feature","properties":{"id":"aAA0W000000h9EP","address":"11 Douglas Ave","oz":"N"},"geometry":{"type":"Point","coordinates":[-88.283787,42.037696]}},{"type":"Feature","properties":{"id":"aAA0W000000h7Yi","address":"14 Douglas Ave","oz":"N"},"geometry":{"type":"Point","coordinates":[-88.284222,42.037717]}},{"type":"Feature","properties":{"id":"aAA0W000000hAMd","address":"14 Center St","oz":"N"},"geometry":{"type":"Point","coordinates":[-88.281656,42.037743]}},{"type":"Feature","properties":{"id":"aAA0W000000h9Es","address":"11 Douglas Ave Unit 1","oz":"N"},"geometry":{"type":"Point","coordinates":[-88.283784,42.037726]}},{"type":"Feature","properties":{"id":"aAA0W000000hFgw","address":"70 N State St","oz":"N"},"geometry":{"type":"Point","coordinates":[-88.288623,42.037757]}},{"type":"Feature","properties":{"id":"aAA0W000000h4cC","address":"15 N Grove Ave","oz":"N"},"geometry":{"type":"Point","coordinates":[-88.284522,42.037755]}},{"type":"Feature","properties":{"id":"aAA0W000000hAGj","address":"16 Douglas Ave","oz":"N"},"geometry":{"type":"Point","coordinates":[-88.284243,42.037775]}},{"type":"Feature","properties":{"id":"aAA0W000000h7BK","address":"13 Douglas Ave","oz":"N"},"geometry":{"type":"Point","coordinates":[-88.283782,42.037757]}},{"type":"Feature","properties":{"id":"aAA0W000000h7vq","address":"226 Mountain St","oz":"N"},"geometry":{"type":"Point","coordinates":[-88.289499,42.03778]}},{"type":"Feature","properties":{"id":"aAA0W000000hASj","address":"15 Douglas Ave","oz":"N"},"geometry":{"type":"Point","coordinates":[-88.283782,42.037781]}},{"type":"Feature","properties":{"id":"aAA0W000000h7BL","address":"17 N Grove Ave","oz":"N"},"geometry":{"type":"Point","coordinates":[-88.284555,42.037812]}},{"type":"Feature","properties":{"id":"aAA0W000000h6jR","address":"17 Douglas Ave","oz":"N"},"geometry":{"type":"Point","coordinates":[-88.283702,42.037827]}},{"type":"Feature","properties":{"id":"aAA0W000000hDXu","address":"16 N Spring St","oz":"N"},"geometry":{"type":"Point","coordinates":[-88.282768,42.037846]}},{"type":"Feature","properties":{"id":"aAA0W000000h9K7","address":"19 N Grove Ave","oz":"N"},"geometry":{"type":"Point","coordinates":[-88.284591,42.037851]}},{"type":"Feature","properties":{"id":"aAA0W000000h9EO","address":"18 Douglas Ave Unit Lower","oz":"N"},"geometry":{"type":"Point","coordinates":[-88.284174,42.037821]}},{"type":"Feature","properties":{"id":"aAA0W000000h64E","address":"14 N Geneva St","hd_name":"Elgin","oz":"N"},"geometry":{"type":"Point","coordinates":[-88.279834,42.037871]}},{"type":"Feature","properties":{"id":"aAA0W000000hFTA","address":"18 Douglas Ave","oz":"N"},"geometry":{"type":"Point","coordinates":[-88.284174,42.037834]}},{"type":"Feature","properties":{"id":"aAA0W000000h8hE","address":"19 Douglas Ave","oz":"N"},"geometry":{"type":"Point","coordinates":[-88.283687,42.03789]}},{"type":"Feature","properties":{"id":"aAA0W000000h7BM","address":"18 Douglas Ave Unit Upper","oz":"N"},"geometry":{"type":"Point","coordinates":[-88.284174,42.037852]}},{"type":"Feature","properties":{"id":"aAA0W000000h56R","address":"28 N Grove Ave","oz":"N"},"geometry":{"type":"Point","coordinates":[-88.28539,42.037923]}},{"type":"Feature","properties":{"id":"aAA0W000000h7BN","address":"20 Douglas Ave","oz":"N"},"geometry":{"type":"Point","coordinates":[-88.284169,42.037934]}},{"type":"Feature","properties":{"id":"aAA0W000000hEzY","address":"40 Center St","oz":"N"},"geometry":{"type":"Point","coordinates":[-88.281432,42.037933]}},{"type":"Feature","properties":{"id":"aAA0W000000hErs","address":"19 Center St","hd_name":"Elgin","oz":"N"},"geometry":{"type":"Point","coordinates":[-88.280825,42.03794]}},{"type":"Feature","properties":{"id":"aAA0W000000h8hF","address":"21 Douglas Ave","oz":"N"},"geometry":{"type":"Point","coordinates":[-88.283708,42.03795]}},{"type":"Feature","properties":{"id":"aAA0W000000hC12","address":"165 E Highland Ave","oz":"N"},"geometry":{"type":"Point","coordinates":[-88.283168,42.037966]}},{"type":"Feature","properties":{"id":"aAA0W000000hFTB","address":"22 Douglas Ave","oz":"N"},"geometry":{"type":"Point","coordinates":[-88.284166,42.037977]}},{"type":"Feature","properties":{"id":"aAA0W000000h6DI","address":"25 N Grove Ave","oz":"N"},"geometry":{"type":"Point","coordinates":[-88.284858,42.037997]}},{"type":"Feature","properties":{"id":"aAA0W000000hF5w","address":"23 Douglas Ave","oz":"N"},"geometry":{"type":"Point","coordinates":[-88.283723,42.038007]}},{"type":"Feature","properties":{"id":"aAA0W000000hErm","address":"80 N State St","oz":"N"},"geometry":{"type":"Point","coordinates":[-88.288946,42.038014]}},{"type":"Feature","properties":{"id":"aAA0W000000h5Uc","address":"151 E Highland Ave","oz":"N"},"geometry":{"type":"Point","coordinates":[-88.283539,42.038016]}},{"type":"Feature","properties":{"id":"aAA0W000000h7vp","address":"108 Ludeka Pl","oz":"N"},"geometry":{"type":"Point","coordinates":[-88.289468,42.038019]}},{"type":"Feature","properties":{"id":"aAA0W000000hAXK","address":"113 E Highland Ave","oz":"N"},"geometry":{"type":"Point","coordinates":[-88.28448,42.038017]}},{"type":"Feature","properties":{"id":"aAA0W000000hFTC","address":"24 Douglas Ave","oz":"N"},"geometry":{"type":"Point","coordinates":[-88.284164,42.038023]}},{"type":"Feature","properties":{"id":"aAA0W000000h8hq","address":"27 N Grove Ave","oz":"N"},"geometry":{"type":"Point","coordinates":[-88.284895,42.038043]}},{"type":"Feature","properties":{"id":"aAA0W000000hFZh","address":"107 E Highland Ave","oz":"N"},"geometry":{"type":"Point","coordinates":[-88.284838,42.038055]}},{"type":"Feature","properties":{"id":"aAA0W000000h7Fv","address":"109 E Highland Ave","oz":"N"},"geometry":{"type":"Point","coordinates":[-88.284743,42.038055]}},{"type":"Feature","properties":{"id":"aAA0W000000h9Dj","address":"105 Ludeka Pl","oz":"N"},"geometry":{"type":"Point","coordinates":[-88.289152,42.03809]}},{"type":"Feature","properties":{"id":"aAA0W000000hD5t","address":"110 Ludeka Pl","oz":"N"},"geometry":{"type":"Point","coordinates":[-88.289563,42.038121]}},{"type":"Feature","properties":{"id":"aAA0W000000hCsr","address":"111 Ludeka Pl","oz":"N"},"geometry":{"type":"Point","coordinates":[-88.289223,42.038186]}},{"type":"Feature","properties":{"id":"aAA0W000000hC3T","address":"114 Ludeka Pl","oz":"N"},"geometry":{"type":"Point","coordinates":[-88.289617,42.038236]}},{"type":"Feature","properties":{"id":"aAA0W000000h8YO","address":"51 Douglas Ave","oz":"N"},"geometry":{"type":"Point","coordinates":[-88.283731,42.038267]}},{"type":"Feature","properties":{"id":"aAA0W000000h7Ys","address":"162 E Highland Ave","oz":"N"},"geometry":{"type":"Point","coordinates":[-88.283301,42.03831]}},{"type":"Feature","properties":{"id":"aAA0W000000h3y8","address":"164 E Highland Ave","oz":"N"},"geometry":{"type":"Point","coordinates":[-88.283238,42.038311]}},{"type":"Feature","properties":{"id":"aAA0W000000h5tS","address":"166 E Highland Ave","oz":"N"},"geometry":{"type":"Point","coordinates":[-88.283184,42.038313]}},{"type":"Feature","properties":{"id":"aAA0W000000hCXe","address":"168 E Highland Ave","oz":"N"},"geometry":{"type":"Point","coordinates":[-88.283121,42.038313]}},{"type":"Feature","properties":{"id":"aAA0W000000h5mz","address":"172 E Highland Ave","oz":"N"},"geometry":{"type":"Point","coordinates":[-88.282995,42.038314]}},{"type":"Feature","properties":{"id":"aAA0W000000h5E4","address":"53 Douglas Ave","oz":"N"},"geometry":{"type":"Point","coordinates":[-88.283814,42.038334]}},{"type":"Feature","properties":{"id":"aAA0W000000h5E2","address":"51 Center St","hd_name":"Elgin","oz":"N"},"geometry":{"type":"Point","coordinates":[-88.280803,42.038334]}},{"type":"Feature","properties":{"id":"aAA0W000000hCTp","address":"160 E Highland Ave","oz":"N"},"geometry":{"type":"Point","coordinates":[-88.283409,42.03838]}},{"type":"Feature","properties":{"id":"aAA0W000000h9KG","address":"216 E Highland Ave","oz":"N"},"geometry":{"type":"Point","coordinates":[-88.281589,42.038382]}},{"type":"Feature","properties":{"id":"aAA0W000000h3y4","address":"55 Douglas Ave","oz":"N"},"geometry":{"type":"Point","coordinates":[-88.283808,42.038388]}},{"type":"Feature","properties":{"id":"aAA0W000000hCeD","address":"55 N Spring St","oz":"N"},"geometry":{"type":"Point","coordinates":[-88.282178,42.03839]}},{"type":"Feature","properties":{"id":"aAA0W000000h3ZB","address":"55 Center St","hd_name":"Elgin","oz":"N"},"geometry":{"type":"Point","coordinates":[-88.280807,42.038412]}},{"type":"Feature","properties":{"id":"aAA0W000000h3ZC","address":"55 Center St Unit 2","hd_name":"Elgin","oz":"N"},"geometry":{"type":"Point","coordinates":[-88.280776,42.038414]}},{"type":"Feature","properties":{"id":"aAA0W000000h3y5","address":"57 Douglas Ave","oz":"N"},"geometry":{"type":"Point","coordinates":[-88.283809,42.03843]}},{"type":"Feature","properties":{"id":"aAA0W000000hDMe","address":"66 Grove Ct","oz":"N"},"geometry":{"type":"Point","coordinates":[-88.286002,42.038441]}},{"type":"Feature","properties":{"id":"aAA0W000000hDQT","address":"50 N Spring St","oz":"N"},"geometry":{"type":"Point","coordinates":[-88.282752,42.038467]}},{"type":"Feature","properties":{"id":"aAA0W000000h3y6","address":"59 Douglas Ave","oz":"N"},"geometry":{"type":"Point","coordinates":[-88.283812,42.038474]}},{"type":"Feature","properties":{"id":"aAA0W000000h3y7","address":"61 Douglas Ave","oz":"N"},"geometry":{"type":"Point","coordinates":[-88.28381,42.038516]}},{"type":"Feature","properties":{"id":"aAA0W000000hA6W","address":"63 Douglas Ave Unit 200","oz":"N"},"geometry":{"type":"Point","coordinates":[-88.283793,42.038556]}},{"type":"Feature","properties":{"id":"aAA0W000000hA6V","address":"63 Douglas Ave Unit 204","oz":"N"},"geometry":{"type":"Point","coordinates":[-88.283774,42.038556]}},{"type":"Feature","properties":{"id":"aAA0W000000hA6X","address":"63 Douglas Ave Unit 201","oz":"N"},"geometry":{"type":"Point","coordinates":[-88.283782,42.038556]}},{"type":"Feature","properties":{"id":"aAA0W000000hA6Y","address":"63 Douglas Ave","oz":"N"},"geometry":{"type":"Point","coordinates":[-88.28381,42.038561]}},{"type":"Feature","properties":{"id":"aAA0W000000hA6Z","address":"63 Douglas Ave Unit 302","oz":"N"},"geometry":{"type":"Point","coordinates":[-88.283782,42.038566]}},{"type":"Feature","properties":{"id":"aAA0W000000hA6a","address":"63 Douglas Ave Unit 301","oz":"N"},"geometry":{"type":"Point","coordinates":[-88.283794,42.038566]}},{"type":"Feature","properties":{"id":"aAA0W000000hA6b","address":"63 Douglas Ave Unit 304","oz":"N"},"geometry":{"type":"Point","coordinates":[-88.283773,42.038567]}},{"type":"Feature","properties":{"id":"aAA0W000000hC5l","address":"164 Division St Unit 111","oz":"N"},"geometry":{"type":"Point","coordinates":[-88.283224,42.038809]}},{"type":"Feature","properties":{"id":"aAA0W000000hCju","address":"164 Division St Unit 3","oz":"N"},"geometry":{"type":"Point","coordinates":[-88.283223,42.038827]}},{"type":"Feature","properties":{"id":"aAA0W000000hCjV","address":"316 Division St","hd_name":"Elgin","oz":"N"},"geometry":{"type":"Point","coordinates":[-88.278686,42.038838]}},{"type":"Feature","properties":{"id":"aAA0W000000h3ZD","address":"318 Division St","hd_name":"Elgin","oz":"N"},"geometry":{"type":"Point","coordinates":[-88.278644,42.03884]}},{"type":"Feature","properties":{"id":"aAA0W000000h7sN","address":"101 N Spring St","oz":"N"},"geometry":{"type":"Point","coordinates":[-88.282319,42.038802]}},{"type":"Feature","properties":{"id":"aAA0W000000hFTI","address":"103 N Spring St","oz":"N"},"geometry":{"type":"Point","coordinates":[-88.282319,42.038843]}},{"type":"Feature","properties":{"id":"aAA0W000000hFTH","address":"320 Division St","hd_name":"Elgin","oz":"N"},"geometry":{"type":"Point","coordinates":[-88.278567,42.038843]}},{"type":"Feature","properties":{"id":"aAA0W000000hC63","address":"164 Division St Unit 305","oz":"N"},"geometry":{"type":"Point","coordinates":[-88.283223,42.038849]}},{"type":"Feature","properties":{"id":"aAA0W000000h6mR","address":"304 Division St","hd_name":"Elgin","oz":"N"},"geometry":{"type":"Point","coordinates":[-88.27923,42.038848]}},{"type":"Feature","properties":{"id":"aAA0W000000h3ZE","address":"322 Division St","hd_name":"Elgin","oz":"N"},"geometry":{"type":"Point","coordinates":[-88.278523,42.038848]}},{"type":"Feature","properties":{"id":"aAA0W000000hC5u","address":"164 Division St Unit 515","oz":"N"},"geometry":{"type":"Point","coordinates":[-88.283223,42.038869]}},{"type":"Feature","properties":{"id":"aAA0W000000hA6C","address":"310 Division St","hd_name":"Elgin","oz":"N"},"geometry":{"type":"Point","coordinates":[-88.279047,42.038873]}},{"type":"Feature","properties":{"id":"aAA0W000000hErp","address":"220 Division St","oz":"N"},"geometry":{"type":"Point","coordinates":[-88.281351,42.038904]}},{"type":"Feature","properties":{"id":"aAA0W000000hD5f","address":"300 Division St","hd_name":"Elgin","oz":"N"},"geometry":{"type":"Point","coordinates":[-88.279423,42.038891]}},{"type":"Feature","properties":{"id":"aAA0W000000hD6i","address":"302 Division St","hd_name":"Elgin","oz":"N"},"geometry":{"type":"Point","coordinates":[-88.279364,42.038885]}},{"type":"Feature","properties":{"id":"aAA0W000000hIVYWA2","address":"272 Division St","hd_name":"Elgin","oz":"N"},"geometry":{"type":"Point","coordinates":[-88.280106,42.03891]}},{"type":"Feature","properties":{"id":"aAA0W000000hClg","address":"164 Division St","oz":"N"},"geometry":{"type":"Point","coordinates":[-88.283231,42.038912]}},{"type":"Feature","properties":{"id":"aAA0W000000h4PR","address":"216 Division St","oz":"N"},"geometry":{"type":"Point","coordinates":[-88.281602,42.038919]}},{"type":"Feature","properties":{"id":"aAA0W000000h93W","address":"270 Division St","hd_name":"Elgin","oz":"N"},"geometry":{"type":"Point","coordinates":[-88.280369,42.03894]}},{"type":"Feature","properties":{"id":"aAA0W000000hBlY","address":"102 N Spring St","oz":"N"},"geometry":{"type":"Point","coordinates":[-88.282648,42.03895]}},{"type":"Feature","properties":{"id":"aAA0W000000h9KH","address":"109 Douglas Ave","oz":"N"},"geometry":{"type":"Point","coordinates":[-88.283739,42.039023]}},{"type":"Feature","properties":{"id":"aAA0W000000hBxi","address":"105 Tennyson Ct","hd_name":"Elgin","oz":"N"},"geometry":{"type":"Point","coordinates":[-88.278688,42.038959]}},{"type":"Feature","properties":{"id":"aAA0W000000hC2l","address":"156 Division St","oz":"N"},"geometry":{"type":"Point","coordinates":[-88.283431,42.039016]}},{"type":"Feature","properties":{"id":"aAA0W000000h9EM","address":"109 N Spring St","oz":"N"},"geometry":{"type":"Point","coordinates":[-88.282232,42.039041]}},{"type":"Feature","properties":{"id":"aAA0W000000h9ER","address":"330 Division St","hd_name":"Elgin","oz":"N"},"geometry":{"type":"Point","coordinates":[-88.278305,42.039043]}},{"type":"Feature","properties":{"id":"aAA0W000000hHyz","address":"111 Douglas Ave","oz":"N"},"geometry":{"type":"Point","coordinates":[-88.283735,42.039056]}},{"type":"Feature","properties":{"id":"aAA0W000000hAhz","address":"112 Tennyson Ct","hd_name":"Elgin","oz":"N"},"geometry":{"type":"Point","coordinates":[-88.279022,42.039103]}},{"type":"Feature","properties":{"id":"aAA0W000000h4eb","address":"110 Tennyson Ct","hd_name":"Elgin","oz":"N"},"geometry":{"type":"Point","coordinates":[-88.279028,42.03906]}},{"type":"Feature","properties":{"id":"aAA0W000000h5DqWAI","address":"274 Division St","hd_name":"Elgin","oz":"N"},"geometry":{"type":"Point","coordinates":[-88.279815,42.039144]}},{"type":"Feature","properties":{"id":"aAA0W000000h9TV","address":"170 Ludeka Pl","oz":"N"},"geometry":{"type":"Point","coordinates":[-88.290338,42.039163]}},{"type":"Feature","properties":{"id":"aAA0W000000h6C0","address":"166 N State St","oz":"N"},"geometry":{"type":"Point","coordinates":[-88.28967,42.0392]}},{"type":"Feature","properties":{"id":"aAA0W000000hIZw","address":"114 N Spring St","oz":"N"},"geometry":{"type":"Point","coordinates":[-88.282682,42.039203]}},{"type":"Feature","properties":{"id":"aAA0W000000h74U","address":"112 N Spring St","oz":"N"},"geometry":{"type":"Point","coordinates":[-88.282682,42.039203]}},{"type":"Feature","properties":{"id":"aAA0W000000h8hS","address":"117 Tennyson Ct","hd_name":"Elgin","oz":"N"},"geometry":{"type":"Point","coordinates":[-88.278701,42.03924]}},{"type":"Feature","properties":{"id":"aAA0W000000hG8c","address":"118 Tennyson Ct","hd_name":"Elgin","oz":"N"},"geometry":{"type":"Point","coordinates":[-88.279049,42.039261]}},{"type":"Feature","properties":{"id":"aAA0W000000hAMe","address":"115 Center St","hd_name":"Elgin","oz":"N"},"geometry":{"type":"Point","coordinates":[-88.28071,42.039302]}},{"type":"Feature","properties":{"id":"aAA0W000000hDdM","address":"115 N Spring St","oz":"N"},"geometry":{"type":"Point","coordinates":[-88.28218,42.03937]}},{"type":"Feature","properties":{"id":"aAA0W000000hDQP","address":"116 Center St","oz":"N"},"geometry":{"type":"Point","coordinates":[-88.281252,42.039371]}},{"type":"Feature","properties":{"id":"aAA0W000000h3x1","address":"119 Tennyson Ct","hd_name":"Elgin","oz":"N"},"geometry":{"type":"Point","coordinates":[-88.278713,42.039386]}},{"type":"Feature","properties":{"id":"aAA0W000000h3wT","address":"172 N State St","oz":"N"},"geometry":{"type":"Point","coordinates":[-88.289822,42.039397]}},{"type":"Feature","properties":{"id":"aAA0W000000h6bL","address":"120 N Spring St","oz":"N"},"geometry":{"type":"Point","coordinates":[-88.282702,42.039403]}},{"type":"Feature","properties":{"id":"aAA0W000000hCR4","address":"118 Center St Unit 6","oz":"N"},"geometry":{"type":"Point","coordinates":[-88.281272,42.039417]}},{"type":"Feature","properties":{"id":"aAA0W000000hBry","address":"120 Tennyson Ct","hd_name":"Elgin","oz":"N"},"geometry":{"type":"Point","coordinates":[-88.279106,42.039424]}},{"type":"Feature","properties":{"id":"aAA0W000000hCQq","address":"118 Center St Unit 7","oz":"N"},"geometry":{"type":"Point","coordinates":[-88.281271,42.039429]}},{"type":"Feature","properties":{"id":"aAA0W000000hCmE","address":"118 Center St","oz":"N"},"geometry":{"type":"Point","coordinates":[-88.281253,42.039429]}},{"type":"Feature","properties":{"id":"aAA0W000000h8sw","address":"121 Tennyson Ct","hd_name":"Elgin","oz":"N"},"geometry":{"type":"Point","coordinates":[-88.278712,42.039433]}},{"type":"Feature","properties":{"id":"aAA0W000000hCQr","address":"118 Center St Unit F","oz":"N"},"geometry":{"type":"Point","coordinates":[-88.281272,42.03944]}},{"type":"Feature","properties":{"id":"aAA0W000000h4BC","address":"122 N Spring St","oz":"N"},"geometry":{"type":"Point","coordinates":[-88.282719,42.039459]}},{"type":"Feature","properties":{"id":"aAA0W000000hGT8","address":"116 College St","hd_name":"Elgin","oz":"N"},"geometry":{"type":"Point","coordinates":[-88.278151,42.039459]}},{"type":"Feature","properties":{"id":"aAA0W000000h6bt","address":"212 Ball St","oz":"N"},"geometry":{"type":"Point","coordinates":[-88.290494,42.039514]}},{"type":"Feature","properties":{"id":"aAA0W000000hD4j","address":"125 Tennyson Ct","hd_name":"Elgin","oz":"N"},"geometry":{"type":"Point","coordinates":[-88.27873,42.039535]}},{"type":"Feature","properties":{"id":"aAA0W000000hCxd","address":"126 Tennyson Ct","hd_name":"Elgin","oz":"N"},"geometry":{"type":"Point","coordinates":[-88.279118,42.039545]}},{"type":"Feature","properties":{"id":"aAA0W000000h5Va","address":"122 College St","hd_name":"Elgin","oz":"N"},"geometry":{"type":"Point","coordinates":[-88.27817,42.039571]}},{"type":"Feature","properties":{"id":"aAA0W000000hDXv","address":"150 Dexter Ct","oz":"N"},"geometry":{"type":"Point","coordinates":[-88.285169,42.03951]}},{"type":"Feature","properties":{"id":"aAA0W000000hD3M","address":"127 Tennyson Ct","hd_name":"Elgin","oz":"N"},"geometry":{"type":"Point","coordinates":[-88.27873,42.039582]}},{"type":"Feature","properties":{"id":"aAA0W000000h55v","address":"275 Silver Ct","oz":"N"},"geometry":{"type":"Point","coordinates":[-88.295304,42.039654]}},{"type":"Feature","properties":{"id":"aAA0W000000hCe8","address":"45 Symphony Way","oz":"N"},"geometry":{"type":"Point","coordinates":[-88.286866,42.03966]}},{"type":"Feature","properties":{"id":"aAA0W000000hDIQ","address":"129 Tennyson Ct","hd_name":"Elgin","oz":"N"},"geometry":{"type":"Point","coordinates":[-88.278723,42.039659]}},{"type":"Feature","properties":{"id":"aAA0W000000h7yo","address":"220 Dexter Ave","oz":"N"},"geometry":{"type":"Point","coordinates":[-88.281549,42.039669]}},{"type":"Feature","properties":{"id":"aAA0W000000hF43","address":"130 Tennyson Ct","hd_name":"Elgin","oz":"N"},"geometry":{"type":"Point","coordinates":[-88.279098,42.039682]}},{"type":"Feature","properties":{"id":"aAA0W000000hCFi","address":"128 College St","hd_name":"Elgin","oz":"N"},"geometry":{"type":"Point","coordinates":[-88.278092,42.039684]}},{"type":"Feature","properties":{"id":"aAA0W000000hCZx","address":"226 Dexter Ave","oz":"N"},"geometry":{"type":"Point","coordinates":[-88.281258,42.039688]}},{"type":"Feature","properties":{"id":"aAA0W000000h3kT","address":"131 Tennyson Ct","hd_name":"Elgin","oz":"N"},"geometry":{"type":"Point","coordinates":[-88.278723,42.039688]}},{"type":"Feature","properties":{"id":"aAA0W000000hFTJ","address":"226 Dexter Ave Unit 101","oz":"N"},"geometry":{"type":"Point","coordinates":[-88.281254,42.039718]}},{"type":"Feature","properties":{"id":"aAA0W000000hFTK","address":"226 Dexter Ave Unit 102","oz":"N"},"geometry":{"type":"Point","coordinates":[-88.281253,42.039735]}},{"type":"Feature","properties":{"id":"aAA0W000000hFTL","address":"226 Dexter Ave Unit 200","oz":"N"},"geometry":{"type":"Point","coordinates":[-88.281251,42.039749]}},{"type":"Feature","properties":{"id":"aAA0W000000hDHJ","address":"208 Dexter Ave","oz":"N"},"geometry":{"type":"Point","coordinates":[-88.282081,42.039765]}},{"type":"Feature","properties":{"id":"aAA0W000000h3eG","address":"210 Dexter Ave","oz":"N"},"geometry":{"type":"Point","coordinates":[-88.281992,42.039762]}},{"type":"Feature","properties":{"id":"aAA0W000000hBZt","address":"214 Dexter Ave","oz":"N"},"geometry":{"type":"Point","coordinates":[-88.28175,42.039764]}},{"type":"Feature","properties":{"id":"aAA0W000000h9fu","address":"165 Dundee Ave","hd_name":"Elgin","oz":"N"},"geometry":{"type":"Point","coordinates":[-88.280611,42.039772]}},{"type":"Feature","properties":{"id":"aAA0W000000hG6m","address":"277 Silver Ct","oz":"N"},"geometry":{"type":"Point","coordinates":[-88.295303,42.039791]}},{"type":"Feature","properties":{"id":"aAA0W000000hD7O","address":"134 College St","hd_name":"Elgin","oz":"N"},"geometry":{"type":"Point","coordinates":[-88.278059,42.039832]}},{"type":"Feature","properties":{"id":"aAA0W000000hDUB","address":"132 College St Unit A","hd_name":"Elgin","oz":"N"},"geometry":{"type":"Point","coordinates":[-88.278054,42.039751]}},{"type":"Feature","properties":{"id":"aAA0W000000h6W1","address":"156 Center St","oz":"N"},"geometry":{"type":"Point","coordinates":[-88.281374,42.039805]}},{"type":"Feature","properties":{"id":"aAA0W000000h7OL","address":"151 N Spring St","oz":"N"},"geometry":{"type":"Point","coordinates":[-88.282206,42.03982]}},{"type":"Feature","properties":{"id":"aAA0W000000hErV","address":"135 Tennyson Ct","hd_name":"Elgin","oz":"N"},"geometry":{"type":"Point","coordinates":[-88.27874,42.039838]}},{"type":"Feature","properties":{"id":"aAA0W000000hEiK","address":"137 Tennyson Ct","hd_name":"Elgin","oz":"N"},"geometry":{"type":"Point","coordinates":[-88.278741,42.039868]}},{"type":"Feature","properties":{"id":"aAA0W000000h7q7","address":"216 N State St","oz":"N"},"geometry":{"type":"Point","coordinates":[-88.290593,42.039882]}},{"type":"Feature","properties":{"id":"aAA0W000000h6W2","address":"160 Center St","oz":"N"},"geometry":{"type":"Point","coordinates":[-88.281365,42.039893]}},{"type":"Feature","properties":{"id":"aAA0W000000hCfG","address":"283 North St","hd_name":"Elgin","oz":"N"},"geometry":{"type":"Point","coordinates":[-88.27962,42.039896]}},{"type":"Feature","properties":{"id":"aAA0W000000h7yn","address":"277 North St Unit Lower","hd_name":"Elgin","oz":"N"},"geometry":{"type":"Point","coordinates":[-88.27981,42.039906]}},{"type":"Feature","properties":{"id":"aAA0W000000hGJ8","address":"271 North St","hd_name":"Elgin","oz":"N"},"geometry":{"type":"Point","coordinates":[-88.280122,42.039932]}},{"type":"Feature","properties":{"id":"aAA0W000000hEiL","address":"273 North St","hd_name":"Elgin","oz":"N"},"geometry":{"type":"Point","coordinates":[-88.280029,42.039929]}},{"type":"Feature","properties":{"id":"aAA0W000000hCRB","address":"277 North St","hd_name":"Elgin","oz":"N"},"geometry":{"type":"Point","coordinates":[-88.279841,42.039925]}},{"type":"Feature","properties":{"id":"aAA0W000000hCuN","address":"309 North St","hd_name":"Elgin","oz":"N"},"geometry":{"type":"Point","coordinates":[-88.279214,42.039938]}},{"type":"Feature","properties":{"id":"aAA0W000000hEiM","address":"311 North St","hd_name":"Elgin","oz":"N"},"geometry":{"type":"Point","coordinates":[-88.279145,42.039933]}},{"type":"Feature","properties":{"id":"aAA0W000000hCz5","address":"305 North St","hd_name":"Elgin","oz":"N"},"geometry":{"type":"Point","coordinates":[-88.279402,42.039932]}},{"type":"Feature","properties":{"id":"aAA0W000000h5FW","address":"307 North St","hd_name":"Elgin","oz":"N"},"geometry":{"type":"Point","coordinates":[-88.279346,42.039934]}},{"type":"Feature","properties":{"id":"aAA0W000000hCP4","address":"277 North St Unit Upper","hd_name":"Elgin","oz":"N"},"geometry":{"type":"Point","coordinates":[-88.27981,42.03994]}},{"type":"Feature","properties":{"id":"aAA0W000000hGSf","address":"313 North St","hd_name":"Elgin","oz":"N"},"geometry":{"type":"Point","coordinates":[-88.279027,42.039949]}},{"type":"Feature","properties":{"id":"aAA0W000000h6R2","address":"139 Tennyson Ct","hd_name":"Elgin","oz":"N"},"geometry":{"type":"Point","coordinates":[-88.278742,42.039956]}},{"type":"Feature","properties":{"id":"aAA0W000000hCe9","address":"151 Douglas Ave","oz":"N"},"geometry":{"type":"Point","coordinates":[-88.28339,42.039967]}},{"type":"Feature","properties":{"id":"aAA0W000000hDT2","address":"140 College St","hd_name":"Elgin","oz":"N"},"geometry":{"type":"Point","coordinates":[-88.278045,42.039966]}},{"type":"Feature","properties":{"id":"aAA0W000000h5ux","address":"321 North St","hd_name":"Elgin","oz":"N"},"geometry":{"type":"Point","coordinates":[-88.278544,42.039992]}},{"type":"Feature","properties":{"id":"aAA0W000000h5FX","address":"319 North St","hd_name":"Elgin","oz":"N"},"geometry":{"type":"Point","coordinates":[-88.278601,42.039993]}},{"type":"Feature","properties":{"id":"aAA0W000000h5uw","address":"141 Tennyson Ct","hd_name":"Elgin","oz":"N"},"geometry":{"type":"Point","coordinates":[-88.278742,42.039994]}},{"type":"Feature","properties":{"id":"aAA0W000000hCFo","address":"327 North St","hd_name":"Elgin","oz":"N"},"geometry":{"type":"Point","coordinates":[-88.27841,42.039994]}},{"type":"Feature","properties":{"id":"aAA0W000000hCeQ","address":"1 Walton Island","oz":"N"},"geometry":{"type":"Point","coordinates":[-88.288488,42.040002]}},{"type":"Feature","properties":{"id":"aAA0W000000hCXb","address":"55 Symphony Way","oz":"N"},"geometry":{"type":"Point","coordinates":[-88.285974,42.040018]}},{"type":"Feature","properties":{"id":"aAA0W000000h4W3","address":"165 N Spring St","oz":"N"},"geometry":{"type":"Point","coordinates":[-88.282257,42.040032]}},{"type":"Feature","properties":{"id":"aAA0W000000hAsA","address":"215 Mill St","oz":"N"},"geometry":{"type":"Point","coordinates":[-88.291072,42.040107]}},{"type":"Feature","properties":{"id":"aAA0W000000hCeF","address":"151 Douglas Ave Unit Lawn","oz":"N"},"geometry":{"type":"Point","coordinates":[-88.283466,42.040105]}},{"type":"Feature","properties":{"id":"aAA0W000000hC6l","address":"95 Symphony Way","oz":"N"},"geometry":{"type":"Point","coordinates":[-88.285248,42.040152]}},{"type":"Feature","properties":{"id":"aAA0W000000h5jM","address":"213 Mill St","oz":"N"},"geometry":{"type":"Point","coordinates":[-88.290933,42.040174]}},{"type":"Feature","properties":{"id":"aAA0W000000hCKY","address":"168 Center St","oz":"N"},"geometry":{"type":"Point","coordinates":[-88.281427,42.04018]}},{"type":"Feature","properties":{"id":"aAA0W000000h93S","address":"217 Symphony Way","oz":"N"},"geometry":{"type":"Point","coordinates":[-88.281758,42.04021]}},{"type":"Feature","properties":{"id":"aAA0W000000hCeE","address":"165 Center St","oz":"N"},"geometry":{"type":"Point","coordinates":[-88.280834,42.040212]}},{"type":"Feature","properties":{"id":"aAA0W000000hCcr","address":"209 Symphony Way","oz":"N"},"geometry":{"type":"Point","coordinates":[-88.282129,42.040233]}},{"type":"Feature","properties":{"id":"aAA0W000000h469","address":"199 N State St","oz":"N"},"geometry":{"type":"Point","coordinates":[-88.289823,42.04024]}},{"type":"Feature","properties":{"id":"aAA0W000000h8KX","address":"306 North St","hd_name":"Elgin","oz":"N"},"geometry":{"type":"Point","coordinates":[-88.279157,42.040248]}},{"type":"Feature","properties":{"id":"aAA0W000000hCx4","address":"152 College St","hd_name":"Elgin","oz":"N"},"geometry":{"type":"Point","coordinates":[-88.278123,42.040264]}},{"type":"Feature","properties":{"id":"aAA0W000000h51T","address":"209 Mill St","oz":"N"},"geometry":{"type":"Point","coordinates":[-88.290817,42.04029]}},{"type":"Feature","properties":{"id":"aAA0W000000h7a4","address":"175 Dundee Ave","hd_name":"Elgin","oz":"N"},"geometry":{"type":"Point","coordinates":[-88.280002,42.040293]}},{"type":"Feature","properties":{"id":"aAA0W000000h9Ab","address":"320 North St Unit Lower","hd_name":"Elgin","oz":"N"},"geometry":{"type":"Point","coordinates":[-88.278605,42.040293]}},{"type":"Feature","properties":{"id":"aAA0W000000hErg","address":"312 North St","hd_name":"Elgin","oz":"N"},"geometry":{"type":"Point","coordinates":[-88.27897,42.040299]}},{"type":"Feature","properties":{"id":"aAA0W000000hCvt","address":"318 North St","hd_name":"Elgin","oz":"N"},"geometry":{"type":"Point","coordinates":[-88.278715,42.040299]}},{"type":"Feature","properties":{"id":"aAA0W000000hD9A","address":"320 North St","hd_name":"Elgin","oz":"N"},"geometry":{"type":"Point","coordinates":[-88.278605,42.040316]}},{"type":"Feature","properties":{"id":"aAA0W000000hCXV","address":"226 N State St","oz":"N"},"geometry":{"type":"Point","coordinates":[-88.290556,42.040341]}},{"type":"Feature","properties":{"id":"aAA0W000000h5h4","address":"320 North St Unit Upper","hd_name":"Elgin","oz":"N"},"geometry":{"type":"Point","coordinates":[-88.278607,42.04034]}},{"type":"Feature","properties":{"id":"aAA0W000000h6JV","address":"216 Mill St","oz":"N"},"geometry":{"type":"Point","coordinates":[-88.29132,42.040459]}},{"type":"Feature","properties":{"id":"aAA0W000000hGIw","address":"212 Mill St","oz":"N"},"geometry":{"type":"Point","coordinates":[-88.291195,42.040511]}},{"type":"Feature","properties":{"id":"aAA0W000000h93U","address":"305 Park St","hd_name":"Elgin","oz":"N"},"geometry":{"type":"Point","coordinates":[-88.279829,42.040562]}},{"type":"Feature","properties":{"id":"aAA0W000000hDgx","address":"200 N Spring St","oz":"N"},"geometry":{"type":"Point","coordinates":[-88.282721,42.040567]}},{"type":"Feature","properties":{"id":"aAA0W000000h8DW","address":"206 Mill St","oz":"N"},"geometry":{"type":"Point","coordinates":[-88.291011,42.040574]}},{"type":"Feature","properties":{"id":"aAA0W000000hIa3","address":"158 Symphony Way","oz":"N"},"geometry":{"type":"Point","coordinates":[-88.28337,42.040574]}},{"type":"Feature","properties":{"id":"aAA0W000000h3yZ","address":"160 Symphony Way Unit 5","oz":"N"},"geometry":{"type":"Point","coordinates":[-88.283299,42.040574]}},{"type":"Feature","properties":{"id":"aAA0W000000hBW8","address":"317 Park St","hd_name":"Elgin","oz":"N"},"geometry":{"type":"Point","coordinates":[-88.279282,42.040574]}},{"type":"Feature","properties":{"id":"aAA0W000000hAsd","address":"337 Park St","hd_name":"Elgin","oz":"N"},"geometry":{"type":"Point","coordinates":[-88.278569,42.040579]}},{"type":"Feature","properties":{"id":"aAA0W000000hFHN","address":"329 Park St","hd_name":"Elgin","oz":"N"},"geometry":{"type":"Point","coordinates":[-88.278859,42.040598]}},{"type":"Feature","properties":{"id":"aAA0W000000hBpV","address":"323 Park St","hd_name":"Elgin","oz":"N"},"geometry":{"type":"Point","coordinates":[-88.27906,42.040606]}},{"type":"Feature","properties":{"id":"aAA0W000000h8YG","address":"162 College St","hd_name":"Elgin","oz":"N"},"geometry":{"type":"Point","coordinates":[-88.27812,42.04061]}},{"type":"Feature","properties":{"id":"aAA0W000000hC9q","address":"160 Symphony Way","oz":"N"},"geometry":{"type":"Point","coordinates":[-88.283249,42.040615]}},{"type":"Feature","properties":{"id":"aAA0W000000h3rs","address":"254 N State St","oz":"N"},"geometry":{"type":"Point","coordinates":[-88.290798,42.040655]}},{"type":"Feature","properties":{"id":"aAA0W000000h8TT","address":"201 N Spring St","oz":"N"},"geometry":{"type":"Point","coordinates":[-88.282217,42.040676]}},{"type":"Feature","properties":{"id":"aAA0W000000hIQt","address":"212 Dundee Ave","oz":"N"},"geometry":{"type":"Point","coordinates":[-88.280678,42.040727]}},{"type":"Feature","properties":{"id":"aAA0W000000h9XV","address":"214 Symphony Way","oz":"N"},"geometry":{"type":"Point","coordinates":[-88.281786,42.040728]}},{"type":"Feature","properties":{"id":"aAA0W000000hCRm","address":"210 Symphony Way","oz":"N"},"geometry":{"type":"Point","coordinates":[-88.281976,42.040735]}},{"type":"Feature","properties":{"id":"aAA0W000000h9I1","address":"211 Center St","oz":"N"},"geometry":{"type":"Point","coordinates":[-88.280854,42.040741]}},{"type":"Feature","properties":{"id":"aAA0W000000h3rt","address":"260 N State St","oz":"N"},"geometry":{"type":"Point","coordinates":[-88.290972,42.040844]}},{"type":"Feature","properties":{"id":"aAA0W000000h4GO","address":"217 Lawrence Ave","oz":"N"},"geometry":{"type":"Point","coordinates":[-88.291622,42.040864]}},{"type":"Feature","properties":{"id":"aAA0W000000h7ON","address":"166 Symphony Way","oz":"N"},"geometry":{"type":"Point","coordinates":[-88.283132,42.040867]}},{"type":"Feature","properties":{"id":"aAA0W000000h5MY","address":"216 Dundee Ave","oz":"N"},"geometry":{"type":"Point","coordinates":[-88.280665,42.040886]}},{"type":"Feature","properties":{"id":"aAA0W000000h7jf","address":"166 Symphony Way Unit 1","oz":"N"},"geometry":{"type":"Point","coordinates":[-88.283137,42.040899]}},{"type":"Feature","properties":{"id":"aAA0W000000h51V","address":"213 Center St","oz":"N"},"geometry":{"type":"Point","coordinates":[-88.280866,42.040912]}},{"type":"Feature","properties":{"id":"aAA0W000000h51W","address":"215 Center St","oz":"N"},"geometry":{"type":"Point","coordinates":[-88.280866,42.040912]}},{"type":"Feature","properties":{"id":"aAA0W000000h7cv","address":"266 N State St Unit Rear","oz":"N"},"geometry":{"type":"Point","coordinates":[-88.29124,42.040917]}},{"type":"Feature","properties":{"id":"aAA0W000000hCzF","address":"215 N Spring St","oz":"N"},"geometry":{"type":"Point","coordinates":[-88.282042,42.040959]}},{"type":"Feature","properties":{"id":"aAA0W000000h5Qn","address":"266 N State St","oz":"N"},"geometry":{"type":"Point","coordinates":[-88.29097,42.040984]}},{"type":"Feature","properties":{"id":"aAA0W000000hB3l","address":"211 Lawrence Ave","oz":"N"},"geometry":{"type":"Point","coordinates":[-88.291542,42.041005]}},{"type":"Feature","properties":{"id":"aAA0W000000h96U","address":"219 Center St","oz":"N"},"geometry":{"type":"Point","coordinates":[-88.280883,42.041053]}},{"type":"Feature","properties":{"id":"aAA0W000000hC3b","address":"222 Dundee Ave","oz":"N"},"geometry":{"type":"Point","coordinates":[-88.280404,42.041064]}},{"type":"Feature","properties":{"id":"aAA0W000000h3yb","address":"220 N Spring St","oz":"N"},"geometry":{"type":"Point","coordinates":[-88.282857,42.041066]}},{"type":"Feature","properties":{"id":"aAA0W000000h7SK","address":"100 Symphony Way","oz":"N"},"geometry":{"type":"Point","coordinates":[-88.285673,42.041162]}},{"type":"Feature","properties":{"id":"aAA0W000000hCeT","address":"200 N Grove Ave","oz":"N"},"geometry":{"type":"Point","coordinates":[-88.287734,42.041372]}},{"type":"Feature","properties":{"id":"aAA0W000000h4uS","address":"250 Dundee Ave","oz":"N"},"geometry":{"type":"Point","coordinates":[-88.280524,42.041387]}},{"type":"Feature","properties":{"id":"aAA0W000000h7OO","address":"231 Douglas Ave","oz":"N"},"geometry":{"type":"Point","coordinates":[-88.283636,42.041495]}},{"type":"Feature","properties":{"id":"aAA0W000000hGRN","address":"231 Douglas Ave Unit A","oz":"N"},"geometry":{"type":"Point","coordinates":[-88.28375,42.041539]}},{"type":"Feature","properties":{"id":"aAA0W000000hAHx","address":"148 Kimball St","hd_name":"Spring-Douglas","oz":"N"},"geometry":{"type":"Point","coordinates":[-88.284153,42.041959]}},{"type":"Feature","properties":{"id":"aAA0W000000hFPA","address":"144 Kimball St","hd_name":"Spring-Douglas","oz":"N"},"geometry":{"type":"Point","coordinates":[-88.284233,42.041961]}},{"type":"Feature","properties":{"id":"aAA0W000000hFPB","address":"136 Kimball St","hd_name":"Spring-Douglas","oz":"N"},"geometry":{"type":"Point","coordinates":[-88.284391,42.041965]}},{"type":"Feature","properties":{"id":"aAA0W000000hFPD","address":"132 Kimball St","hd_name":"Spring-Douglas","oz":"N"},"geometry":{"type":"Point","coordinates":[-88.284457,42.041966]}},{"type":"Feature","properties":{"id":"aAA0W000000hFPC","address":"140 Kimball St","hd_name":"Spring-Douglas","oz":"N"},"geometry":{"type":"Point","coordinates":[-88.284313,42.041966]}},{"type":"Feature","properties":{"id":"aAA0W000000hFPE","address":"124 Kimball St","hd_name":"Spring-Douglas","oz":"N"},"geometry":{"type":"Point","coordinates":[-88.284625,42.041968]}},{"type":"Feature","properties":{"id":"aAA0W000000hCWs","address":"128 Kimball St","hd_name":"Spring-Douglas","oz":"N"},"geometry":{"type":"Point","coordinates":[-88.284551,42.041969]}},{"type":"Feature","properties":{"id":"aAA0W000000hCLP","address":"160 Kimball St Unit 73","hd_name":"Spring-Douglas","oz":"N"},"geometry":{"type":"Point","coordinates":[-88.28343,42.041969]}},{"type":"Feature","properties":{"id":"aAA0W000000hCLQ","address":"160 Kimball St Unit 75","hd_name":"Spring-Douglas","oz":"N"},"geometry":{"type":"Point","coordinates":[-88.283394,42.041969]}},{"type":"Feature","properties":{"id":"aAA0W000000hAHy","address":"120 Kimball St","hd_name":"Spring-Douglas","oz":"N"},"geometry":{"type":"Point","coordinates":[-88.284705,42.041974]}},{"type":"Feature","properties":{"id":"aAA0W000000hCLR","address":"160 Kimball St","hd_name":"Spring-Douglas","oz":"N"},"geometry":{"type":"Point","coordinates":[-88.283411,42.041979]}},{"type":"Feature","properties":{"id":"aAA0W000000h3q5","address":"72 Kimball St","oz":"N"},"geometry":{"type":"Point","coordinates":[-88.285893,42.041991]}},{"type":"Feature","properties":{"id":"aAA0W000000hCLS","address":"160 Kimball St Unit 71","hd_name":"Spring-Douglas","oz":"N"},"geometry":{"type":"Point","coordinates":[-88.28343,42.041993]}},{"type":"Feature","properties":{"id":"aAA0W000000hCLT","address":"160 Kimball St Unit 77","hd_name":"Spring-Douglas","oz":"N"},"geometry":{"type":"Point","coordinates":[-88.283392,42.041993]}},{"type":"Feature","properties":{"id":"aAA0W000000hCku","address":"253 Brook St","oz":"N"},"geometry":{"type":"Point","coordinates":[-88.285159,42.042003]}},{"type":"Feature","properties":{"id":"aAA0W000000hCLU","address":"154 Kimball St","hd_name":"Spring-Douglas","oz":"N"},"geometry":{"type":"Point","coordinates":[-88.283625,42.042006]}},{"type":"Feature","properties":{"id":"aAA0W000000h3q6","address":"58 Kimball St","oz":"N"},"geometry":{"type":"Point","coordinates":[-88.286173,42.042011]}},{"type":"Feature","properties":{"id":"aAA0W000000hApy","address":"180 Kimball St","hd_name":"Spring-Douglas","oz":"N"},"geometry":{"type":"Point","coordinates":[-88.282829,42.042097]}},{"type":"Feature","properties":{"id":"aAA0W000000hC5s","address":"50 Kimball St","oz":"N"},"geometry":{"type":"Point","coordinates":[-88.286519,42.042116]}},{"type":"Feature","properties":{"id":"aAA0W000000hCVW","address":"259 Brook St","oz":"N"},"geometry":{"type":"Point","coordinates":[-88.285142,42.042151]}},{"type":"Feature","properties":{"id":"aAA0W000000h9pP","address":"261 Douglas Ave","hd_name":"Spring-Douglas","oz":"N"},"geometry":{"type":"Point","coordinates":[-88.283599,42.042202]}},{"type":"Feature","properties":{"id":"aAA0W000000hDQK","address":"260 Brook St","oz":"N"},"geometry":{"type":"Point","coordinates":[-88.285545,42.042203]}},{"type":"Feature","properties":{"id":"aAA0W000000hFHk","address":"258 Douglas Ave","hd_name":"Spring-Douglas","oz":"N"},"geometry":{"type":"Point","coordinates":[-88.284251,42.042236]}},{"type":"Feature","properties":{"id":"aAA0W000000h8YH","address":"260 N Spring St","hd_name":"Spring-Douglas","oz":"N"},"geometry":{"type":"Point","coordinates":[-88.282761,42.042309]}},{"type":"Feature","properties":{"id":"aAA0W000000h3wx","address":"263 Douglas Ave","hd_name":"Spring-Douglas","oz":"N"},"geometry":{"type":"Point","coordinates":[-88.283694,42.042335]}},{"type":"Feature","properties":{"id":"aAA0W000000hG0G","address":"263 Douglas Ave Unit C","hd_name":"Spring-Douglas","oz":"N"},"geometry":{"type":"Point","coordinates":[-88.283676,42.042336]}},{"type":"Feature","properties":{"id":"aAA0W000000hG0H","address":"262 N Spring St","hd_name":"Spring-Douglas","oz":"N"},"geometry":{"type":"Point","coordinates":[-88.28276,42.042346]}},{"type":"Feature","properties":{"id":"aAA0W000000hIaD","address":"265 Douglas Ave","hd_name":"Spring-Douglas","oz":"N"},"geometry":{"type":"Point","coordinates":[-88.283696,42.042364]}},{"type":"Feature","properties":{"id":"aAA0W000000hCtE","address":"266 Douglas Ave","hd_name":"Spring-Douglas","oz":"N"},"geometry":{"type":"Point","coordinates":[-88.284267,42.042364]}},{"type":"Feature","properties":{"id":"aAA0W000000hIaB","address":"266 Douglas Ave Unit 2","hd_name":"Spring-Douglas","oz":"N"},"geometry":{"type":"Point","coordinates":[-88.284301,42.042364]}},{"type":"Feature","properties":{"id":"aAA0W000000hIaC","address":"264 N Spring St Unit 3","hd_name":"Spring-Douglas","oz":"N"},"geometry":{"type":"Point","coordinates":[-88.282778,42.042374]}},{"type":"Feature","properties":{"id":"aAA0W000000hIYs","address":"264 N Spring St","hd_name":"Spring-Douglas","oz":"N"},"geometry":{"type":"Point","coordinates":[-88.282761,42.042374]}},{"type":"Feature","properties":{"id":"aAA0W000000hCN6","address":"265 Brook St","oz":"N"},"geometry":{"type":"Point","coordinates":[-88.285136,42.042378]}},{"type":"Feature","properties":{"id":"aAA0W000000hIaE","address":"267 Douglas Ave","hd_name":"Spring-Douglas","oz":"N"},"geometry":{"type":"Point","coordinates":[-88.283695,42.042392]}},{"type":"Feature","properties":{"id":"aAA0W000000hCbw","address":"348 N State St","oz":"N"},"geometry":{"type":"Point","coordinates":[-88.292368,42.042421]}},{"type":"Feature","properties":{"id":"aAA0W000000h7Ru","address":"270 N Grove Ave","oz":"N"},"geometry":{"type":"Point","coordinates":[-88.288281,42.042472]}},{"type":"Feature","properties":{"id":"aAA0W000000hD8X","address":"268 Douglas Ave","hd_name":"Spring-Douglas","oz":"N"},"geometry":{"type":"Point","coordinates":[-88.284296,42.042476]}},{"type":"Feature","properties":{"id":"aAA0W000000hIaF","address":"270 Douglas Ave","hd_name":"Spring-Douglas","oz":"N"},"geometry":{"type":"Point","coordinates":[-88.284289,42.042513]}},{"type":"Feature","properties":{"id":"aAA0W000000hIa5","address":"269 Douglas Ave","hd_name":"Spring-Douglas","oz":"N"},"geometry":{"type":"Point","coordinates":[-88.283662,42.042503]}},{"type":"Feature","properties":{"id":"aAA0W000000h6Nb","address":"269 Douglas Ave Unit 2","hd_name":"Spring-Douglas","oz":"N"},"geometry":{"type":"Point","coordinates":[-88.283638,42.042503]}},{"type":"Feature","properties":{"id":"aAA0W000000hFcO","address":"271 Brook St","oz":"N"},"geometry":{"type":"Point","coordinates":[-88.285141,42.042515]}},{"type":"Feature","properties":{"id":"aAA0W000000hDSS","address":"272 N Spring St","hd_name":"Spring-Douglas","oz":"N"},"geometry":{"type":"Point","coordinates":[-88.282768,42.042541]}},{"type":"Feature","properties":{"id":"aAA0W000000hIaG","address":"271 Douglas Ave","hd_name":"Spring-Douglas","oz":"N"},"geometry":{"type":"Point","coordinates":[-88.283661,42.042568]}},{"type":"Feature","properties":{"id":"aAA0W000000h8yJ","address":"55 Franklin St","oz":"N"},"geometry":{"type":"Point","coordinates":[-88.28636,42.042669]}},{"type":"Feature","properties":{"id":"aAA0W000000h7x5","address":"278 Douglas Ave Unit 1","hd_name":"Spring-Douglas","oz":"N"},"geometry":{"type":"Point","coordinates":[-88.284318,42.042695]}},{"type":"Feature","properties":{"id":"aAA0W000000hIYq","address":"278 Douglas Ave","hd_name":"Spring-Douglas","oz":"N"},"geometry":{"type":"Point","coordinates":[-88.284295,42.042695]}},{"type":"Feature","properties":{"id":"aAA0W000000h5jj","address":"167 Franklin St","hd_name":"Spring-Douglas","oz":"N"},"geometry":{"type":"Point","coordinates":[-88.283138,42.042701]}},{"type":"Feature","properties":{"id":"aAA0W000000hFZU","address":"275 Brook St Unit B","oz":"N"},"geometry":{"type":"Point","coordinates":[-88.285177,42.042713]}},{"type":"Feature","properties":{"id":"aAA0W000000hCqF","address":"279 Douglas Ave","hd_name":"Spring-Douglas","oz":"N"},"geometry":{"type":"Point","coordinates":[-88.283713,42.042713]}},{"type":"Feature","properties":{"id":"aAA0W000000hC0a","address":"276 N Spring St","hd_name":"Spring-Douglas","oz":"N"},"geometry":{"type":"Point","coordinates":[-88.282733,42.042725]}},{"type":"Feature","properties":{"id":"aAA0W000000hD3N","address":"275 Brook St","oz":"N"},"geometry":{"type":"Point","coordinates":[-88.285079,42.042729]}},{"type":"Feature","properties":{"id":"aAA0W000000h965","address":"161 Franklin St","hd_name":"Spring-Douglas","oz":"N"},"geometry":{"type":"Point","coordinates":[-88.283365,42.042732]}},{"type":"Feature","properties":{"id":"aAA0W000000h8Jc","address":"171 Franklin St","hd_name":"Spring-Douglas","oz":"N"},"geometry":{"type":"Point","coordinates":[-88.28299,42.042733]}},{"type":"Feature","properties":{"id":"aAA0W000000hGBF","address":"275 Brook St Unit A","oz":"N"},"geometry":{"type":"Point","coordinates":[-88.285176,42.042747]}},{"type":"Feature","properties":{"id":"aAA0W000000hCAA","address":"276 Brook St","oz":"N"},"geometry":{"type":"Point","coordinates":[-88.285619,42.042767]}},{"type":"Feature","properties":{"id":"aAA0W000000hC5y","address":"279 Douglas Ave Unit 2","hd_name":"Spring-Douglas","oz":"N"},"geometry":{"type":"Point","coordinates":[-88.283713,42.042766]}},{"type":"Feature","properties":{"id":"aAA0W000000h6vx","address":"280 Douglas Ave Unit 2","hd_name":"Spring-Douglas","oz":"N"},"geometry":{"type":"Point","coordinates":[-88.284363,42.042818]}},{"type":"Feature","properties":{"id":"aAA0W000000h7iI","address":"280 Douglas Ave Unit 3","hd_name":"Spring-Douglas","oz":"N"},"geometry":{"type":"Point","coordinates":[-88.28434,42.042818]}},{"type":"Feature","properties":{"id":"aAA0W000000hFIe","address":"280 Douglas Ave Unit 5","hd_name":"Spring-Douglas","oz":"N"},"geometry":{"type":"Point","coordinates":[-88.284318,42.042818]}},{"type":"Feature","properties":{"id":"aAA0W000000hFIf","address":"282 Douglas Ave Unit 2","hd_name":"Spring-Douglas","oz":"N"},"geometry":{"type":"Point","coordinates":[-88.284356,42.042874]}},{"type":"Feature","properties":{"id":"aAA0W000000hFIg","address":"282 Douglas Ave Unit 4","hd_name":"Spring-Douglas","oz":"N"},"geometry":{"type":"Point","coordinates":[-88.284312,42.042874]}},{"type":"Feature","properties":{"id":"aAA0W000000hIYt","address":"282 Douglas Ave","hd_name":"Spring-Douglas","oz":"N"},"geometry":{"type":"Point","coordinates":[-88.284265,42.042878]}},{"type":"Feature","properties":{"id":"aAA0W000000hFIh","address":"282 Douglas Ave Unit 6","hd_name":"Spring-Douglas","oz":"N"},"geometry":{"type":"Point","coordinates":[-88.284356,42.042885]}},{"type":"Feature","properties":{"id":"aAA0W000000hFIi","address":"282 Douglas Ave Unit 8","hd_name":"Spring-Douglas","oz":"N"},"geometry":{"type":"Point","coordinates":[-88.284312,42.042886]}},{"type":"Feature","properties":{"id":"aAA0W000000h7Hh","address":"283 Brook St","oz":"N"},"geometry":{"type":"Point","coordinates":[-88.285109,42.04291]}},{"type":"Feature","properties":{"id":"aAA0W000000h7Yj","address":"300 Douglas Ave","hd_name":"Spring-Douglas","oz":"N"},"geometry":{"type":"Point","coordinates":[-88.284251,42.042987]}},{"type":"Feature","properties":{"id":"aAA0W000000hANe","address":"301 Brook St","oz":"N"},"geometry":{"type":"Point","coordinates":[-88.285118,42.04303]}},{"type":"Feature","properties":{"id":"aAA0W000000hBWH","address":"303 Douglas Ave","hd_name":"Spring-Douglas","oz":"N"},"geometry":{"type":"Point","coordinates":[-88.283613,42.043043]}},{"type":"Feature","properties":{"id":"aAA0W000000h5tT","address":"302 Douglas Ave","hd_name":"Spring-Douglas","oz":"N"},"geometry":{"type":"Point","coordinates":[-88.284252,42.043049]}},{"type":"Feature","properties":{"id":"aAA0W000000hBTi","address":"168 Franklin St","hd_name":"Spring-Douglas","oz":"N"},"geometry":{"type":"Point","coordinates":[-88.283105,42.043057]}},{"type":"Feature","properties":{"id":"aAA0W000000h9bW","address":"160 Franklin St","hd_name":"Spring-Douglas","oz":"N"},"geometry":{"type":"Point","coordinates":[-88.283406,42.043058]}},{"type":"Feature","properties":{"id":"aAA0W000000hIa6","address":"300 Brook St","oz":"N"},"geometry":{"type":"Point","coordinates":[-88.285721,42.043072]}},{"type":"Feature","properties":{"id":"aAA0W000000hC7b","address":"162 Franklin St","hd_name":"Spring-Douglas","oz":"N"},"geometry":{"type":"Point","coordinates":[-88.283272,42.043085]}},{"type":"Feature","properties":{"id":"aAA0W000000hBDz","address":"303 Brook St","oz":"N"},"geometry":{"type":"Point","coordinates":[-88.285125,42.043148]}},{"type":"Feature","properties":{"id":"aAA0W000000h7Yf","address":"306 N Spring St","hd_name":"Spring-Douglas","oz":"N"},"geometry":{"type":"Point","coordinates":[-88.28283,42.043194]}},{"type":"Feature","properties":{"id":"aAA0W000000hGIl","address":"307 Douglas Ave","hd_name":"Spring-Douglas","oz":"N"},"geometry":{"type":"Point","coordinates":[-88.283618,42.043226]}},{"type":"Feature","properties":{"id":"aAA0W000000hDLy","address":"309 Brook St","oz":"N"},"geometry":{"type":"Point","coordinates":[-88.285108,42.043272]}},{"type":"Feature","properties":{"id":"aAA0W000000h9Kf","address":"274 N Grove Ave","oz":"N"},"geometry":{"type":"Point","coordinates":[-88.288763,42.043307]}},{"type":"Feature","properties":{"id":"aAA0W000000h9to","address":"310 N Spring St","hd_name":"Spring-Douglas","oz":"N"},"geometry":{"type":"Point","coordinates":[-88.282712,42.043339]}},{"type":"Feature","properties":{"id":"aAA0W000000hD9j","address":"315 Douglas Ave","hd_name":"Spring-Douglas","oz":"N"},"geometry":{"type":"Point","coordinates":[-88.28357,42.043357]}},{"type":"Feature","properties":{"id":"aAA0W000000h9pJ","address":"69 Ann St","oz":"N"},"geometry":{"type":"Point","coordinates":[-88.286131,42.043373]}},{"type":"Feature","properties":{"id":"aAA0W000000h3ph","address":"314 Brook St","oz":"N"},"geometry":{"type":"Point","coordinates":[-88.285657,42.043427]}},{"type":"Feature","properties":{"id":"aAA0W000000hBcF","address":"316 N Spring St","hd_name":"Spring-Douglas","oz":"N"},"geometry":{"type":"Point","coordinates":[-88.282721,42.043446]}},{"type":"Feature","properties":{"id":"aAA0W000000hBKa","address":"317 Douglas Ave","hd_name":"Spring-Douglas","oz":"N"},"geometry":{"type":"Point","coordinates":[-88.283679,42.043447]}},{"type":"Feature","properties":{"id":"aAA0W000000h9pK","address":"320 Brook St","oz":"N"},"geometry":{"type":"Point","coordinates":[-88.285648,42.043484]}},{"type":"Feature","properties":{"id":"aAA0W000000h5nx","address":"319 Brook St","oz":"N"},"geometry":{"type":"Point","coordinates":[-88.285096,42.043526]}},{"type":"Feature","properties":{"id":"aAA0W000000hDU4","address":"316 Douglas Ave","hd_name":"Spring-Douglas","oz":"N"},"geometry":{"type":"Point","coordinates":[-88.284251,42.043534]}},{"type":"Feature","properties":{"id":"aAA0W000000hCg7","address":"113 Ann St","oz":"N"},"geometry":{"type":"Point","coordinates":[-88.28471,42.043542]}},{"type":"Feature","properties":{"id":"aAA0W000000hFT8","address":"111 Ann St","oz":"N"},"geometry":{"type":"Point","coordinates":[-88.284852,42.043563]}},{"type":"Feature","properties":{"id":"aAA0W000000hCPv","address":"169 Ann St","hd_name":"Spring-Douglas","oz":"N"},"geometry":{"type":"Point","coordinates":[-88.283128,42.043598]}},{"type":"Feature","properties":{"id":"aAA0W000000hIYv","address":"171 Ann St","hd_name":"Spring-Douglas","oz":"N"},"geometry":{"type":"Point","coordinates":[-88.283051,42.043595]}},{"type":"Feature","properties":{"id":"aAA0W000000hEcm","address":"161 163 Ann St","hd_name":"Spring-Douglas","oz":"N"},"geometry":{"type":"Point","coordinates":[-88.2833,42.043603]}},{"type":"Feature","properties":{"id":"aAA0W000000hEcR","address":"163 Ann St","hd_name":"Spring-Douglas","oz":"N"},"geometry":{"type":"Point","coordinates":[-88.283251,42.043601]}},{"type":"Feature","properties":{"id":"aAA0W000000hCXL","address":"320 N Spring St","hd_name":"Spring-Douglas","oz":"N"},"geometry":{"type":"Point","coordinates":[-88.282717,42.043619]}},{"type":"Feature","properties":{"id":"aAA0W000000hC5P","address":"110 Ann St","oz":"N"},"geometry":{"type":"Point","coordinates":[-88.284824,42.043893]}},{"type":"Feature","properties":{"id":"aAA0W000000h8t0","address":"112 Ann St","oz":"N"},"geometry":{"type":"Point","coordinates":[-88.284759,42.043893]}},{"type":"Feature","properties":{"id":"aAA0W000000hCN8","address":"351 Brook St","oz":"N"},"geometry":{"type":"Point","coordinates":[-88.285139,42.043909]}},{"type":"Feature","properties":{"id":"aAA0W000000hCDU","address":"114 Ann St","oz":"N"},"geometry":{"type":"Point","coordinates":[-88.284578,42.043915]}},{"type":"Feature","properties":{"id":"aAA0W000000hDQX","address":"60 Ann St","oz":"N"},"geometry":{"type":"Point","coordinates":[-88.286089,42.043923]}},{"type":"Feature","properties":{"id":"aAA0W000000h9XC","address":"359 Brook St","oz":"N"},"geometry":{"type":"Point","coordinates":[-88.284997,42.044103]}},{"type":"Feature","properties":{"id":"aAA0W000000h9kc","address":"363 Brook St","oz":"N"},"geometry":{"type":"Point","coordinates":[-88.285128,42.044225]}},{"type":"Feature","properties":{"id":"aAA0W000000h9kd","address":"367 Brook St","oz":"N"},"geometry":{"type":"Point","coordinates":[-88.285118,42.044313]}},{"type":"Feature","properties":{"id":"aAA0W000000h9aY","address":"115 Cherry St","oz":"N"},"geometry":{"type":"Point","coordinates":[-88.284598,42.044393]}},{"type":"Feature","properties":{"id":"aAA0W000000hEza","address":"370 Brook St","oz":"N"},"geometry":{"type":"Point","coordinates":[-88.285716,42.044414]}},{"type":"Feature","properties":{"id":"aAA0W000000hCnT","address":"370 Douglas Ave","hd_name":"Spring-Douglas","oz":"N"},"geometry":{"type":"Point","coordinates":[-88.284242,42.044431]}},{"type":"Feature","properties":{"id":"aAA0W000000h6nD","address":"373 Brook St Unit 1","oz":"N"},"geometry":{"type":"Point","coordinates":[-88.28517,42.044443]}},{"type":"Feature","properties":{"id":"aAA0W000000hIBt","address":"113 Cherry St","oz":"N"},"geometry":{"type":"Point","coordinates":[-88.284761,42.044449]}},{"type":"Feature","properties":{"id":"aAA0W000000hDPS","address":"111 Cherry St","oz":"N"},"geometry":{"type":"Point","coordinates":[-88.284894,42.04445]}},{"type":"Feature","properties":{"id":"aAA0W000000hIBs","address":"373 Brook St","oz":"N"},"geometry":{"type":"Point","coordinates":[-88.285106,42.044467]}},{"type":"Feature","properties":{"id":"aAA0W000000hD5q","address":"412 N State St","oz":"N"},"geometry":{"type":"Point","coordinates":[-88.293302,42.044482]}},{"type":"Feature","properties":{"id":"aAA0W000000h9jz","address":"106 Cherry St","oz":"N"},"geometry":{"type":"Point","coordinates":[-88.284859,42.044781]}},{"type":"Feature","properties":{"id":"aAA0W000000h9EL","address":"400 Douglas Ave Unit 2S","hd_name":"Spring-Douglas","oz":"N"},"geometry":{"type":"Point","coordinates":[-88.28427,42.044813]}},{"type":"Feature","properties":{"id":"aAA0W000000hGCI","address":"412 N State St Unit North","oz":"N"},"geometry":{"type":"Point","coordinates":[-88.293454,42.044822]}},{"type":"Feature","properties":{"id":"aAA0W000000hCHb","address":"405 Brook St","oz":"N"},"geometry":{"type":"Point","coordinates":[-88.285169,42.044825]}},{"type":"Feature","properties":{"id":"aAA0W000000h8fm","address":"411 N Grove Ave","oz":"N"},"geometry":{"type":"Point","coordinates":[-88.286669,42.044828]}},{"type":"Feature","properties":{"id":"aAA0W000000h7PB","address":"58 Cherry St","oz":"N"},"geometry":{"type":"Point","coordinates":[-88.286477,42.044833]}},{"type":"Feature","properties":{"id":"aAA0W000000h9wZ","address":"114 Cherry St","oz":"N"},"geometry":{"type":"Point","coordinates":[-88.284649,42.04485]}},{"type":"Feature","properties":{"id":"aAA0W000000hEqT","address":"400 Douglas Ave","hd_name":"Spring-Douglas","oz":"N"},"geometry":{"type":"Point","coordinates":[-88.284268,42.044857]}},{"type":"Feature","properties":{"id":"aAA0W000000hEiN","address":"400 Douglas Ave Unit 2N","hd_name":"Spring-Douglas","oz":"N"},"geometry":{"type":"Point","coordinates":[-88.28427,42.044903]}},{"type":"Feature","properties":{"id":"aAA0W000000hCCj","address":"408 N Grove Ave","oz":"N"},"geometry":{"type":"Point","coordinates":[-88.287008,42.045027]}},{"type":"Feature","properties":{"id":"aAA0W000000hBcN","address":"415 Brook St","oz":"N"},"geometry":{"type":"Point","coordinates":[-88.285105,42.045112]}},{"type":"Feature","properties":{"id":"aAA0W000000h9Pz","address":"412 N Grove Ave","oz":"N"},"geometry":{"type":"Point","coordinates":[-88.287042,42.045131]}},{"type":"Feature","properties":{"id":"aAA0W000000hBxX","address":"415 N Grove Ave","oz":"N"},"geometry":{"type":"Point","coordinates":[-88.286707,42.045151]}},{"type":"Feature","properties":{"id":"aAA0W000000hC5i","address":"408 Brook St","oz":"N"},"geometry":{"type":"Point","coordinates":[-88.285637,42.045154]}},{"type":"Feature","properties":{"id":"aAA0W000000hG72","address":"419 N Grove Ave","oz":"N"},"geometry":{"type":"Point","coordinates":[-88.286604,42.045193]}},{"type":"Feature","properties":{"id":"aAA0W000000h6UP","address":"59 Seneca St","oz":"N"},"geometry":{"type":"Point","coordinates":[-88.286139,42.045347]}},{"type":"Feature","properties":{"id":"aAA0W000000hDU3","address":"420 Douglas Ave","hd_name":"Spring-Douglas","oz":"N"},"geometry":{"type":"Point","coordinates":[-88.284248,42.045328]}},{"type":"Feature","properties":{"id":"aAA0W000000hDFo","address":"55 Seneca St","oz":"N"},"geometry":{"type":"Point","coordinates":[-88.286373,42.045339]}},{"type":"Feature","properties":{"id":"aAA0W000000h764","address":"113 Seneca St","oz":"N"},"geometry":{"type":"Point","coordinates":[-88.284712,42.045349]}},{"type":"Feature","properties":{"id":"aAA0W000000hFBq","address":"423 N Grove Ave","oz":"N"},"geometry":{"type":"Point","coordinates":[-88.286626,42.04538]}},{"type":"Feature","properties":{"id":"aAA0W000000h8sh","address":"421 Brook St","oz":"N"},"geometry":{"type":"Point","coordinates":[-88.285089,42.045391]}},{"type":"Feature","properties":{"id":"aAA0W000000h3ku","address":"420 Brook St","oz":"N"},"geometry":{"type":"Point","coordinates":[-88.285568,42.045399]}},{"type":"Feature","properties":{"id":"aAA0W000000h4e3","address":"426 N Grove Ave","oz":"N"},"geometry":{"type":"Point","coordinates":[-88.287071,42.045531]}},{"type":"Feature","properties":{"id":"aAA0W000000hDFC","address":"452 N Grove Ave","oz":"N"},"geometry":{"type":"Point","coordinates":[-88.287288,42.045689]}},{"type":"Feature","properties":{"id":"aAA0W000000hCv7","address":"533 N State St","oz":"N"},"geometry":{"type":"Point","coordinates":[-88.293645,42.046026]}},{"type":"Feature","properties":{"id":"aAA0W000000hErk","address":"460 N Grove Ave","oz":"N"},"geometry":{"type":"Point","coordinates":[-88.287057,42.046206]}},{"type":"Feature","properties":{"id":"aAA0W000000h4Bl","address":"504 N Grove Ave","oz":"N"},"geometry":{"type":"Point","coordinates":[-88.287041,42.046636]}},{"type":"Feature","properties":{"id":"aAA0W000000h83V","address":"502 N Grove Ave","oz":"N"},"geometry":{"type":"Point","coordinates":[-88.287794,42.046639]}},{"type":"Feature","properties":{"id":"aAA0W000000h9cc","address":"508 N Grove Ave","oz":"N"},"geometry":{"type":"Point","coordinates":[-88.287014,42.046763]}},{"type":"Feature","properties":{"id":"aAA0W000000hCY1","address":"563 N State St","oz":"N"},"geometry":{"type":"Point","coordinates":[-88.294012,42.046883]}},{"type":"Feature","properties":{"id":"aAA0W000000hCIb","address":"565 N State St","oz":"N"},"geometry":{"type":"Point","coordinates":[-88.29414,42.047072]}},{"type":"Feature","properties":{"id":"aAA0W000000hGA0","address":"530 N Grove Ave","oz":"N"},"geometry":{"type":"Point","coordinates":[-88.28735,42.047329]}},{"type":"Feature","properties":{"id":"aAA0W000000h68x","address":"25 Daniels Ave","oz":"N"},"geometry":{"type":"Point","coordinates":[-88.287929,42.047433]}},{"type":"Feature","properties":{"id":"aAA0W000000hAfV","address":"21 Daniels Ave","oz":"N"},"geometry":{"type":"Point","coordinates":[-88.288071,42.047456]}},{"type":"Feature","properties":{"id":"aAA0W000000hA6O","address":"31 Daniels Ave","oz":"N"},"geometry":{"type":"Point","coordinates":[-88.287764,42.04746]}},{"type":"Feature","properties":{"id":"aAA0W000000h9pW","address":"37 Daniels Ave","oz":"N"},"geometry":{"type":"Point","coordinates":[-88.287499,42.047464]}},{"type":"Feature","properties":{"id":"aAA0W000000hDSZ","address":"585 N State St","oz":"N"},"geometry":{"type":"Point","coordinates":[-88.294345,42.047473]}},{"type":"Feature","properties":{"id":"aAA0W000000h6l3","address":"35 Daniels Ave","oz":"N"},"geometry":{"type":"Point","coordinates":[-88.287609,42.047476]}},{"type":"Feature","properties":{"id":"aAA0W000000h69X","address":"534 N Grove Ave","oz":"N"},"geometry":{"type":"Point","coordinates":[-88.287088,42.047493]}},{"type":"Feature","properties":{"id":"aAA0W000000hBCj","address":"22 Daniels Ave","oz":"N"},"geometry":{"type":"Point","coordinates":[-88.288021,42.04773]}},{"type":"Feature","properties":{"id":"aAA0W000000hCFY","address":"26 Daniels Ave","oz":"N"},"geometry":{"type":"Point","coordinates":[-88.287892,42.047731]}},{"type":"Feature","properties":{"id":"aAA0W000000hFby","address":"32 Daniels Ave","oz":"N"},"geometry":{"type":"Point","coordinates":[-88.287761,42.047734]}},{"type":"Feature","properties":{"id":"aAA0W000000h4A6","address":"34 Daniels Ave","oz":"N"},"geometry":{"type":"Point","coordinates":[-88.287617,42.047737]}},{"type":"Feature","properties":{"id":"aAA0W000000hD54","address":"562 N Grove Ave","oz":"N"},"geometry":{"type":"Point","coordinates":[-88.287062,42.04776]}},{"type":"Feature","properties":{"id":"aAA0W000000hFbl","address":"31 Jefferson Ave","oz":"N"},"geometry":{"type":"Point","coordinates":[-88.287606,42.047976]}},{"type":"Feature","properties":{"id":"aAA0W000000h5tk","address":"21 Jefferson Ave","oz":"N"},"geometry":{"type":"Point","coordinates":[-88.288057,42.047988]}},{"type":"Feature","properties":{"id":"aAA0W000000h64S","address":"29 Jefferson Ave","oz":"N"},"geometry":{"type":"Point","coordinates":[-88.287761,42.047999]}},{"type":"Feature","properties":{"id":"aAA0W000000hAEu","address":"27 Jefferson Ave","oz":"N"},"geometry":{"type":"Point","coordinates":[-88.287912,42.048004]}},{"type":"Feature","properties":{"id":"aAA0W000000hGAe","address":"572 N Grove Ave","oz":"N"},"geometry":{"type":"Point","coordinates":[-88.287097,42.048031]}},{"type":"Feature","properties":{"id":"aAA0W000000h8IB","address":"604 Mcbride St","oz":"N"},"geometry":{"type":"Point","coordinates":[-88.28962,42.048239]}},{"type":"Feature","properties":{"id":"aAA0W000000h9Pj","address":"28 Jefferson Ave","oz":"N"},"geometry":{"type":"Point","coordinates":[-88.287699,42.048308]}},{"type":"Feature","properties":{"id":"aAA0W000000h4kd","address":"34 Jefferson Ave","oz":"N"},"geometry":{"type":"Point","coordinates":[-88.287504,42.048314]}},{"type":"Feature","properties":{"id":"aAA0W000000hIZD","address":"24 Jefferson Ave","oz":"N"},"geometry":{"type":"Point","coordinates":[-88.28788,42.048318]}},{"type":"Feature","properties":{"id":"aAA0W000000hIZP","address":"22 Jefferson Ave","oz":"N"},"geometry":{"type":"Point","coordinates":[-88.288073,42.048333]}},{"type":"Feature","properties":{"id":"aAA0W000000h3zk","address":"38 Jefferson Ave","oz":"N"},"geometry":{"type":"Point","coordinates":[-88.28731,42.048334]}},{"type":"Feature","properties":{"id":"aAA0W000000h85c","address":"44 Jefferson Ave","oz":"N"},"geometry":{"type":"Point","coordinates":[-88.287114,42.048335]}},{"type":"Feature","properties":{"id":"aAA0W000000hGTl","address":"20 Jefferson Ave","oz":"N"},"geometry":{"type":"Point","coordinates":[-88.288498,42.048451]}},{"type":"Feature","properties":{"id":"aAA0W000000hEzc","address":"617 N State St","oz":"N"},"geometry":{"type":"Point","coordinates":[-88.294579,42.04846]}},{"type":"Feature","properties":{"id":"aAA0W000000h4Pg","address":"606 Mcbride St","oz":"N"},"geometry":{"type":"Point","coordinates":[-88.289332,42.048444]}},{"type":"Feature","properties":{"id":"aAA0W000000hBSw","address":"37 Julian Pl","oz":"N"},"geometry":{"type":"Point","coordinates":[-88.287537,42.04869]}},{"type":"Feature","properties":{"id":"aAA0W000000hCq3","address":"47 Julian Pl","oz":"N"},"geometry":{"type":"Point","coordinates":[-88.287041,42.048693]}},{"type":"Feature","properties":{"id":"aAA0W000000hDSh","address":"27 Julian Pl","oz":"N"},"geometry":{"type":"Point","coordinates":[-88.28796,42.04872]}},{"type":"Feature","properties":{"id":"aAA0W000000hCdQ","address":"42 Julian Pl","oz":"N"},"geometry":{"type":"Point","coordinates":[-88.287329,42.049058]}},{"type":"Feature","properties":{"id":"aAA0W000000h4BA","address":"44 Julian Pl","oz":"N"},"geometry":{"type":"Point","coordinates":[-88.287057,42.049062]}},{"type":"Feature","properties":{"id":"aAA0W000000hBJi","address":"24 Julian Pl","oz":"N"},"geometry":{"type":"Point","coordinates":[-88.288068,42.049065]}},{"type":"Feature","properties":{"id":"aAA0W000000h5jZ","address":"28 Julian Pl","oz":"N"},"geometry":{"type":"Point","coordinates":[-88.287796,42.049068]}},{"type":"Feature","properties":{"id":"aAA0W000000h6BP","address":"34 Julian Pl","oz":"N"},"geometry":{"type":"Point","coordinates":[-88.287519,42.049088]}},{"type":"Feature","properties":{"id":"aAA0W000000hC2R","address":"636 N Grove Ave","oz":"N"},"geometry":{"type":"Point","coordinates":[-88.287073,42.049371]}},{"type":"Feature","properties":{"id":"aAA0W000000h7Ly","address":"640 N Grove Ave","oz":"N"},"geometry":{"type":"Point","coordinates":[-88.287075,42.049532]}},{"type":"Feature","properties":{"id":"aAA0W000000hF5q","address":"31 Lovell St","oz":"N"},"geometry":{"type":"Point","coordinates":[-88.287822,42.049669]}},{"type":"Feature","properties":{"id":"aAA0W000000hCq1","address":"35 Lovell St","oz":"N"},"geometry":{"type":"Point","coordinates":[-88.287588,42.049684]}},{"type":"Feature","properties":{"id":"aAA0W000000h6jV","address":"667 N State St","oz":"N"},"geometry":{"type":"Point","coordinates":[-88.294794,42.049694]}},{"type":"Feature","properties":{"id":"aAA0W000000h3od","address":"652 Mcbride St","oz":"N"},"geometry":{"type":"Point","coordinates":[-88.289675,42.049704]}},{"type":"Feature","properties":{"id":"aAA0W000000hCBG","address":"17 Lovell St","oz":"N"},"geometry":{"type":"Point","coordinates":[-88.288775,42.049709]}},{"type":"Feature","properties":{"id":"aAA0W000000h7P0","address":"19 Lovell St","oz":"N"},"geometry":{"type":"Point","coordinates":[-88.288549,42.049714]}},{"type":"Feature","properties":{"id":"aAA0W000000hIZ7","address":"27 Lovell St","oz":"N"},"geometry":{"type":"Point","coordinates":[-88.288048,42.049718]}},{"type":"Feature","properties":{"id":"aAA0W000000h6Nf","address":"25 Lovell St","oz":"N"},"geometry":{"type":"Point","coordinates":[-88.288201,42.049551]}},{"type":"Feature","properties":{"id":"aAA0W000000h3vn","address":"41 Lovell St","oz":"N"},"geometry":{"type":"Point","coordinates":[-88.2874,42.049724]}},{"type":"Feature","properties":{"id":"aAA0W000000hC6F","address":"23 Lovell St","oz":"N"},"geometry":{"type":"Point","coordinates":[-88.288351,42.049726]}},{"type":"Feature","properties":{"id":"aAA0W000000hCYK","address":"15 Lovell St","oz":"N"},"geometry":{"type":"Point","coordinates":[-88.288944,42.04973]}},{"type":"Feature","properties":{"id":"aAA0W000000hBbT","address":"646 N Grove Ave","oz":"N"},"geometry":{"type":"Point","coordinates":[-88.287057,42.049739]}},{"type":"Feature","properties":{"id":"aAA0W000000hFRA","address":"658 Mcbride St","oz":"N"},"geometry":{"type":"Point","coordinates":[-88.289752,42.049802]}},{"type":"Feature","properties":{"id":"aAA0W000000hFo6","address":"660 Mcbride St","oz":"N"},"geometry":{"type":"Point","coordinates":[-88.289783,42.049948]}},{"type":"Feature","properties":{"id":"aAA0W000000hF2Z","address":"700 Mcbride St","oz":"N"},"geometry":{"type":"Point","coordinates":[-88.28972,42.050057]}},{"type":"Feature","properties":{"id":"aAA0W000000hBDb","address":"26 Lovell St","oz":"N"},"geometry":{"type":"Point","coordinates":[-88.288125,42.050109]}},{"type":"Feature","properties":{"id":"aAA0W000000h6iB","address":"18 Lovell St","oz":"N"},"geometry":{"type":"Point","coordinates":[-88.288517,42.050112]}},{"type":"Feature","properties":{"id":"aAA0W000000h4kV","address":"14 Lovell St","oz":"N"},"geometry":{"type":"Point","coordinates":[-88.288809,42.05012]}},{"type":"Feature","properties":{"id":"aAA0W000000h6XE","address":"700 N Grove Ave","oz":"N"},"geometry":{"type":"Point","coordinates":[-88.287089,42.050125]}},{"type":"Feature","properties":{"id":"aAA0W000000hBCe","address":"30 Lovell St","oz":"N"},"geometry":{"type":"Point","coordinates":[-88.287854,42.050128]}},{"type":"Feature","properties":{"id":"aAA0W000000h49j","address":"22 Lovell St","oz":"N"},"geometry":{"type":"Point","coordinates":[-88.288317,42.050148]}},{"type":"Feature","properties":{"id":"aAA0W000000h9aS","address":"704 Mcbride St","oz":"N"},"geometry":{"type":"Point","coordinates":[-88.289598,42.050151]}},{"type":"Feature","properties":{"id":"aAA0W000000hBzT","address":"34 Lovell St","oz":"N"},"geometry":{"type":"Point","coordinates":[-88.287693,42.050262]}},{"type":"Feature","properties":{"id":"aAA0W000000hD3Y","address":"706 Mcbride St","oz":"N"},"geometry":{"type":"Point","coordinates":[-88.289574,42.050294]}},{"type":"Feature","properties":{"id":"aAA0W000000h7MB","address":"708 N Grove Ave","oz":"N"},"geometry":{"type":"Point","coordinates":[-88.287077,42.050311]}},{"type":"Feature","properties":{"id":"aAA0W000000hAHJ","address":"712 N Grove Ave","oz":"N"},"geometry":{"type":"Point","coordinates":[-88.287161,42.050472]}},{"type":"Feature","properties":{"id":"aAA0W000000h6qn","address":"716 Mcbride St","oz":"N"},"geometry":{"type":"Point","coordinates":[-88.289477,42.050558]}},{"type":"Feature","properties":{"id":"aAA0W000000hA1q","address":"716 N Grove Ave","oz":"N"},"geometry":{"type":"Point","coordinates":[-88.287074,42.050687]}},{"type":"Feature","properties":{"id":"aAA0W000000h56S","address":"701 N State St","oz":"N"},"geometry":{"type":"Point","coordinates":[-88.29552,42.050761]}},{"type":"Feature","properties":{"id":"aAA0W000000h8Ng","address":"703 N State St","oz":"N"},"geometry":{"type":"Point","coordinates":[-88.295073,42.050771]}},{"type":"Feature","properties":{"id":"aAA0W000000h8Nh","address":"705 N State St","oz":"N"},"geometry":{"type":"Point","coordinates":[-88.294623,42.050774]}},{"type":"Feature","properties":{"id":"aAA0W000000h3pj","address":"21 Lincoln Ave","oz":"N"},"geometry":{"type":"Point","coordinates":[-88.288384,42.050796]}},{"type":"Feature","properties":{"id":"aAA0W000000hEmv","address":"726 N Grove Ave","oz":"N"},"geometry":{"type":"Point","coordinates":[-88.287092,42.050885]}},{"type":"Feature","properties":{"id":"aAA0W000000h8cv","address":"5 Lincoln Ave","oz":"N"},"geometry":{"type":"Point","coordinates":[-88.289536,42.051032]}},{"type":"Feature","properties":{"id":"aAA0W000000h7Q7","address":"736 N Grove Ave","oz":"N"},"geometry":{"type":"Point","coordinates":[-88.287058,42.051054]}},{"type":"Feature","properties":{"id":"aAA0W000000h4A7","address":"37 Lincoln Ave","oz":"N"},"geometry":{"type":"Point","coordinates":[-88.287268,42.051069]}},{"type":"Feature","properties":{"id":"aAA0W000000hEzZ","address":"739 N State St","oz":"N"},"geometry":{"type":"Point","coordinates":[-88.295728,42.051673]}},{"type":"Feature","properties":{"id":"aAA0W000000hAVi","address":"749 N State St","oz":"N"},"geometry":{"type":"Point","coordinates":[-88.29572,42.051898]}},{"type":"Feature","properties":{"id":"aAA0W000000h9Xr","address":"637 Frazier Ave Unit 8","oz":"N"},"geometry":{"type":"Point","coordinates":[-88.29446,42.052149]}},{"type":"Feature","properties":{"id":"aAA0W000000hIUB","address":"637 Frazier Ave Unit 7","oz":"N"},"geometry":{"type":"Point","coordinates":[-88.294573,42.052171]}},{"type":"Feature","properties":{"id":"aAA0W000000hCg9","address":"637 Frazier Ave","oz":"N"},"geometry":{"type":"Point","coordinates":[-88.294876,42.052175]}},{"type":"Feature","properties":{"id":"aAA0W000000hIUC","address":"637 Frazier Ave Unit 6","oz":"N"},"geometry":{"type":"Point","coordinates":[-88.294682,42.052194]}},{"type":"Feature","properties":{"id":"aAA0W000000hCr3","address":"637 Frazier Ave Unit 5","oz":"N"},"geometry":{"type":"Point","coordinates":[-88.29479,42.052217]}},{"type":"Feature","properties":{"id":"aAA0W000000h7Yt","address":"850 N Grove Ave","oz":"N"},"geometry":{"type":"Point","coordinates":[-88.287805,42.052231]}},{"type":"Feature","properties":{"id":"aAA0W000000hIUD","address":"637 Frazier Ave Unit 4","oz":"N"},"geometry":{"type":"Point","coordinates":[-88.294901,42.052241]}},{"type":"Feature","properties":{"id":"aAA0W000000hIUE","address":"637 Frazier Ave Unit 3","oz":"N"},"geometry":{"type":"Point","coordinates":[-88.295001,42.052258]}},{"type":"Feature","properties":{"id":"aAA0W000000hGA2","address":"637 Frazier Ave Unit 2","oz":"N"},"geometry":{"type":"Point","coordinates":[-88.295103,42.052275]}},{"type":"Feature","properties":{"id":"aAA0W000000hGA3","address":"637 Frazier Ave Unit 1","oz":"N"},"geometry":{"type":"Point","coordinates":[-88.295206,42.052296]}},{"type":"Feature","properties":{"id":"aAA0W000000h4t7","address":"751 N State St","oz":"N"},"geometry":{"type":"Point","coordinates":[-88.295503,42.05249]}},{"type":"Feature","properties":{"id":"aAA0W000000hBwe","address":"1 Slade Ave","hd_name":"DC Cook-Lovell","oz":"N"},"geometry":{"type":"Point","coordinates":[-88.289339,42.053206]}},{"type":"Feature","properties":{"id":"aAA0W000000hFkk","address":"3 Slade Ave","hd_name":"DC Cook-Lovell","oz":"N"},"geometry":{"type":"Point","coordinates":[-88.2893,42.053321]}},{"type":"Feature","properties":{"id":"aAA0W000000hFkm","address":"9 Slade Ave","hd_name":"DC Cook-Lovell","oz":"N"},"geometry":{"type":"Point","coordinates":[-88.28871,42.053493]}},{"type":"Feature","properties":{"id":"aAA0W000000hAsh","address":"11 Slade Ave","hd_name":"DC Cook-Lovell","oz":"N"},"geometry":{"type":"Point","coordinates":[-88.288533,42.053498]}},{"type":"Feature","properties":{"id":"aAA0W000000h4fo","address":"5 Slade Ave","hd_name":"DC Cook-Lovell","oz":"N"},"geometry":{"type":"Point","coordinates":[-88.28921,42.053542]}},{"type":"Feature","properties":{"id":"aAA0W000000h8oR","address":"825 Clifford St","oz":"N"},"geometry":{"type":"Point","coordinates":[-88.292622,42.053583]}},{"type":"Feature","properties":{"id":"aAA0W000000h9Kg","address":"4 Slade Ave","oz":"N"},"geometry":{"type":"Point","coordinates":[-88.286252,42.056107]}},{"type":"Feature","properties":{"id":"aAA0W000000hDe5","address":"33 Jerusha Ave","oz":"N"},"geometry":{"type":"Point","coordinates":[-88.290033,42.056348]}},{"type":"Feature","properties":{"id":"aAA0W000000hFG8","address":"49 Jerusha Ave","oz":"N"},"geometry":{"type":"Point","coordinates":[-88.290973,42.05637]}},{"type":"Feature","properties":{"id":"aAA0W000000hD5n","address":"2 Slade Ave","oz":"N"},"geometry":{"type":"Point","coordinates":[-88.285966,42.056434]}},{"type":"Feature","properties":{"id":"aAA0W000000h57B","address":"450 Jerusha Ave","oz":"N"},"geometry":{"type":"Point","coordinates":[-88.290286,42.057167]}},{"type":"Feature","properties":{"id":"aAA0W000000h569","address":"1151 N State St Unit Plant","oz":"N"},"geometry":{"type":"Point","coordinates":[-88.289874,42.058088]}},{"type":"Feature","properties":{"id":"aAA0W000000hEvr","address":"1238 Cedar Ave","oz":"N"},"geometry":{"type":"Point","coordinates":[-88.275191,42.060469]}},{"type":"Feature","properties":{"id":"aAA0W000000h9cD","address":"1246 Cedar Ave","oz":"N"},"geometry":{"type":"Point","coordinates":[-88.274618,42.060542]}},{"type":"Feature","properties":{"id":"aAA0W000000h9ES","address":"1242 Cedar Ave","oz":"N"},"geometry":{"type":"Point","coordinates":[-88.2749,42.060592]}},{"type":"Feature","properties":{"id":"aAA0W000000hDN9","address":"1254 Cedar Ave","oz":"N"},"geometry":{"type":"Point","coordinates":[-88.274465,42.060764]}},{"type":"Feature","properties":{"id":"aAA0W000000h8hZ","address":"1255 Cedar Ave","oz":"N"},"geometry":{"type":"Point","coordinates":[-88.274374,42.060873]}},{"type":"Feature","properties":{"id":"aAA0W000000h4Pz","address":"1256 Cedar Ave","oz":"N"},"geometry":{"type":"Point","coordinates":[-88.274119,42.06094]}},{"type":"Feature","properties":{"id":"aAA0W000000h8IF","address":"1260 Cedar Ave","oz":"N"},"geometry":{"type":"Point","coordinates":[-88.273756,42.060978]}},{"type":"Feature","properties":{"id":"aAA0W000000hB2z","address":"1258 Cedar Ave","oz":"N"},"geometry":{"type":"Point","coordinates":[-88.274087,42.061153]}},{"type":"Feature","properties":{"id":"aAA0W000000h88h","address":"1262 Cedar Ave","oz":"N"},"geometry":{"type":"Point","coordinates":[-88.273911,42.061326]}},{"type":"Feature","properties":{"id":"aAA0W000000h7MU","address":"1266 Cedar Ave","oz":"N"},"geometry":{"type":"Point","coordinates":[-88.273594,42.061356]}},{"type":"Feature","properties":{"id":"aAA0W000000hCBs","address":"1264 Cedar Ave","oz":"N"},"geometry":{"type":"Point","coordinates":[-88.273773,42.061373]}},{"type":"Feature","properties":{"id":"aAA0W000000h7MV","address":"1268 Cedar Ave","oz":"N"},"geometry":{"type":"Point","coordinates":[-88.273506,42.061448]}},{"type":"Feature","properties":{"id":"aAA0W000000h7MX","address":"1270 Cedar Ave","oz":"N"},"geometry":{"type":"Point","coordinates":[-88.273602,42.061722]}},{"type":"Feature","properties":{"id":"aAA0W000000hEdC","address":"576 Trout Park Blvd Unit Concr","oz":"N"},"geometry":{"type":"Point","coordinates":[-88.267181,42.063703]}},{"type":"Feature","properties":{"id":"aAA0W000000hCLu","address":"576 Trout Park Blvd","oz":"N"},"geometry":{"type":"Point","coordinates":[-88.267234,42.064213]}},{"type":"Feature","properties":{"id":"aAA0W000000h8oT","address":"576 Trout Park Blvd Unit Shelw","oz":"N"},"geometry":{"type":"Point","coordinates":[-88.266632,42.064893]}},{"type":"Feature","properties":{"id":"aAA0W000000h8oV","address":"576 Trout Park Blvd Unit Shele","oz":"N"},"geometry":{"type":"Point","coordinates":[-88.264905,42.065157]}},{"type":"Feature","properties":{"id":"aAA0W000000h8oW","address":"1 Trout Park Blvd","oz":"N"},"geometry":{"type":"Point","coordinates":[-88.270833,42.065358]}},{"type":"Feature","properties":{"id":"aAA0W000000h5Jr","address":"215 Washington St","oz":"N"},"geometry":{"type":"Point","coordinates":[-88.289219,42.038435]}},{"type":"Feature","properties":{"id":"aAA0W000000h9Ou","address":"51 S Spring St Unit 125A","oz":"N"},"geometry":{"type":"Point","coordinates":[-88.282394,42.036132]}},{"type":"Feature","properties":{"id":"aAA0W000000hCth","address":"51 Ziegler Ct","oz":"N"},"geometry":{"type":"Point","coordinates":[-88.281606,42.035824]}},{"type":"Feature","properties":{"id":"aAA0W000000hIPA","address":"190 S Grove Ave","oz":"N"},"geometry":{"type":"Point","coordinates":[-88.2813,42.033189]}},{"type":"Feature","properties":{"id":"aAA0W000000hIaP","address":"6 Slade Ave","oz":"N"},"geometry":{"type":"Point","coordinates":[-88.2885,42.054032]}},{"type":"Feature","properties":{"id":"aAA0W000000h9pM","address":"391 N State St","oz":"N"},"geometry":{"type":"Point","coordinates":[-88.292437,42.043776]}},{"type":"Feature","properties":{"id":"aAA0W000000hAMc","address":"225 Fulton St","oz":"N"},"geometry":{"type":"Point","coordinates":[-88.281548,42.035183]}},{"type":"Feature","properties":{"id":"aAA0W000000h4cK","address":"255 Lawrence Ave","oz":"N"},"geometry":{"type":"Point","coordinates":[-88.291923,42.040893]}},{"type":"Feature","properties":{"id":"aAA0W000000hCek","address":"120 E Highland Ave","oz":"N"},"geometry":{"type":"Point","coordinates":[-88.284651,42.038471]}},{"type":"Feature","properties":{"id":"aAA0W000000h6kj","address":"41 Clock Tower Plz","oz":"N"},"geometry":{"type":"Point","coordinates":[-88.276164,42.029514]}},{"type":"Feature","properties":{"id":"aAA0W000000hDdi","address":"10 N Spring St","oz":"N"},"geometry":{"type":"Point","coordinates":[-88.282718,42.03748]}},{"type":"Feature","properties":{"id":"aAA0W000000hCti","address":"153 Division St","oz":"N"},"geometry":{"type":"Point","coordinates":[-88.283611,42.038427]}},{"type":"Feature","properties":{"id":"aAA0W000000h8al","address":"402 N Grove Ave","oz":"N"},"geometry":{"type":"Point","coordinates":[-88.286971,42.04482]}},{"type":"Feature","properties":{"id":"aAA0W000000h4cJ","address":"15 S Crystal Ave","oz":"Y"},"geometry":{"type":"Point","coordinates":[-88.288013,42.035645]}},{"type":"Feature","properties":{"id":"aAA0W000000hIP9","address":"273 Prairie St","oz":"N"},"geometry":{"type":"Point","coordinates":[-88.279573,42.034307]}},{"type":"Feature","properties":{"id":"aAA0W000000h8af","address":"291 N Grove Ave","oz":"N"},"geometry":{"type":"Point","coordinates":[-88.286549,42.043079]}},{"type":"Feature","properties":{"id":"aAA0W000000hEiR","address":"297 N Grove Ave","oz":"N"},"geometry":{"type":"Point","coordinates":[-88.286628,42.043427]}},{"type":"Feature","properties":{"id":"aAA0W000000hG91","address":"269 Dupage St","hd_name":"Elgin","oz":"N"},"geometry":{"type":"Point","coordinates":[-88.280039,42.036142]}},{"type":"Feature","properties":{"id":"aAA0W000000h5uo","address":"271 Dupage St","hd_name":"Elgin","oz":"N"},"geometry":{"type":"Point","coordinates":[-88.279958,42.036138]}},{"type":"Feature","properties":{"id":"aAA0W000000h5up","address":"273 Dupage St","hd_name":"Elgin","oz":"N"},"geometry":{"type":"Point","coordinates":[-88.279889,42.03614]}},{"type":"Feature","properties":{"id":"aAA0W000000hF5g","address":"275 Dupage St","hd_name":"Elgin","oz":"N"},"geometry":{"type":"Point","coordinates":[-88.279801,42.036139]}},{"type":"Feature","properties":{"id":"aAA0W000000hCiU","address":"200 National St","hd_name":"Elgin National Watch","oz":"N"},"geometry":{"type":"Point","coordinates":[-88.276613,42.030947]}},{"type":"Feature","properties":{"id":"aAA0W000000h7eu","address":"111 N Crystal Ave","oz":"N"},"geometry":{"type":"Point","coordinates":[-88.289817,42.037984]}},{"type":"Feature","properties":{"id":"aAA0W000000h8kI","address":"40 S Spring St Unit 402","oz":"N"},"geometry":{"type":"Point","coordinates":[-88.282855,42.036717]}},{"type":"Feature","properties":{"id":"aAA0W000000h9AZ","address":"100 E Chicago St Unit 1101","oz":"N"},"geometry":{"type":"Point","coordinates":[-88.28436,42.037471]}},{"type":"Feature","properties":{"id":"aAA0W000000h9AY","address":"100 E Chicago St Unit 1301","oz":"N"},"geometry":{"type":"Point","coordinates":[-88.284326,42.037471]}},{"type":"Feature","properties":{"id":"aAA0W000000h9AX","address":"100 E Chicago St Unit 1401","oz":"N"},"geometry":{"type":"Point","coordinates":[-88.284293,42.037471]}},{"type":"Feature","properties":{"id":"aAA0W000000h9AV","address":"100 E Chicago St Unit 303","oz":"N"},"geometry":{"type":"Point","coordinates":[-88.284326,42.037449]}},{"type":"Feature","properties":{"id":"aAA0W000000h9AT","address":"100 E Chicago St Unit 401","oz":"N"},"geometry":{"type":"Point","coordinates":[-88.284255,42.037448]}},{"type":"Feature","properties":{"id":"aAA0W000000hGB6","address":"100 E Chicago St Unit 502","oz":"N"},"geometry":{"type":"Point","coordinates":[-88.284361,42.037424]}},{"type":"Feature","properties":{"id":"aAA0W000000hGB5","address":"100 E Chicago St Unit 503","oz":"N"},"geometry":{"type":"Point","coordinates":[-88.284323,42.037424]}},{"type":"Feature","properties":{"id":"aAA0W000000hGB4","address":"100 E Chicago St Unit 601","oz":"N"},"geometry":{"type":"Point","coordinates":[-88.284291,42.037424]}},{"type":"Feature","properties":{"id":"aAA0W000000hGB3","address":"100 E Chicago St Unit 602","oz":"N"},"geometry":{"type":"Point","coordinates":[-88.284252,42.037424]}},{"type":"Feature","properties":{"id":"aAA0W000000hGAz","address":"100 E Chicago St Unit 801","oz":"N"},"geometry":{"type":"Point","coordinates":[-88.28434,42.037404]}},{"type":"Feature","properties":{"id":"aAA0W000000hGB0","address":"100 E Chicago St Unit 803","oz":"N"},"geometry":{"type":"Point","coordinates":[-88.28432,42.037393]}},{"type":"Feature","properties":{"id":"aAA0W000000hGB2","address":"100 E Chicago St Unit 901","oz":"N"},"geometry":{"type":"Point","coordinates":[-88.284279,42.037394]}},{"type":"Feature","properties":{"id":"aAA0W000000hGB1","address":"100 E Chicago St Unit 902","oz":"N"},"geometry":{"type":"Point","coordinates":[-88.284249,42.037394]}},{"type":"Feature","properties":{"id":"aAA0W000000h51a","address":"204 Lawrence Ave","oz":"N"},"geometry":{"type":"Point","coordinates":[-88.291447,42.041388]}},{"type":"Feature","properties":{"id":"aAA0W000000h6EL","address":"64 Cherry St","oz":"N"},"geometry":{"type":"Point","coordinates":[-88.286128,42.044867]}},{"type":"Feature","properties":{"id":"aAA0W000000h6na","address":"54 National St Unit D","oz":"N"},"geometry":{"type":"Point","coordinates":[-88.281845,42.029668]}},{"type":"Feature","properties":{"id":"aAA0W000000hIVa","address":"65 Villa St","hd_name":"Elgin","oz":"N"},"geometry":{"type":"Point","coordinates":[-88.280279,42.035956]}},{"type":"Feature","properties":{"id":"aAA0W000000hD1O","address":"50 S Grove Ave Unit 607","oz":"N"},"geometry":{"type":"Point","coordinates":[-88.283835,42.036056]}},{"type":"Feature","properties":{"id":"aAA0W000000h8kG","address":"40 S Spring Stunit 307","oz":"N"},"geometry":{"type":"Point","coordinates":[-88.282726,42.036529]}},{"type":"Feature","properties":{"id":"aAA0W000000h3ge","address":"40 S Spring St Unit 305","oz":"N"},"geometry":{"type":"Point","coordinates":[-88.282839,42.03656]}},{"type":"Feature","properties":{"id":"aAA0W000000hIAK","address":"275 Silver Ct Unit 3","oz":"N"},"geometry":{"type":"Point","coordinates":[-88.295303,42.039828]}},{"type":"Feature","properties":{"id":"aAA0W000000hIAH","address":"275 Silver Ct Unit 4","oz":"N"},"geometry":{"type":"Point","coordinates":[-88.295302,42.039766]}},{"type":"Feature","properties":{"id":"aAA0W000000h3eF","address":"275 Silver Ct Unit 5","oz":"N"},"geometry":{"type":"Point","coordinates":[-88.295303,42.039738]}},{"type":"Feature","properties":{"id":"aAA0W000000hCH6","address":"275 Silver Ct Unit 6","oz":"N"},"geometry":{"type":"Point","coordinates":[-88.295303,42.039695]}},{"type":"Feature","properties":{"id":"aAA0W000000h3eD","address":"275 Silver Ct Unit 7","oz":"N"},"geometry":{"type":"Point","coordinates":[-88.295306,42.039719]}},{"type":"Feature","properties":{"id":"aAA0W000000h3e6","address":"275 Silver Ct Unit 8","oz":"N"},"geometry":{"type":"Point","coordinates":[-88.295304,42.039623]}},{"type":"Feature","properties":{"id":"aAA0W000000hDJH","address":"85 S Crystal Ave Unit 1B","oz":"Y"},"geometry":{"type":"Point","coordinates":[-88.286615,42.034647]}},{"type":"Feature","properties":{"id":"aAA0W000000hDJF","address":"85 S Crystal Ave Unit 1C","oz":"Y"},"geometry":{"type":"Point","coordinates":[-88.286583,42.034609]}},{"type":"Feature","properties":{"id":"aAA0W000000hDJD","address":"85 S Crystal Ave Unit 2B","oz":"Y"},"geometry":{"type":"Point","coordinates":[-88.28657,42.034568]}},{"type":"Feature","properties":{"id":"aAA0W000000hDJC","address":"85 S Crystal Ave Unit 2C","oz":"Y"},"geometry":{"type":"Point","coordinates":[-88.286509,42.034485]}},{"type":"Feature","properties":{"id":"aAA0W000000hDJA","address":"85 S Crystal Ave Unit 2D","oz":"Y"},"geometry":{"type":"Point","coordinates":[-88.28649,42.034449]}},{"type":"Feature","properties":{"id":"aAA0W000000hDJ9","address":"85 S Crystal Ave Unit 2E","oz":"Y"},"geometry":{"type":"Point","coordinates":[-88.286471,42.034406]}},{"type":"Feature","properties":{"id":"aAA0W000000hCBw","address":"85 S Crystal Ave Unit 3A","oz":"Y"},"geometry":{"type":"Point","coordinates":[-88.286631,42.03468]}},{"type":"Feature","properties":{"id":"aAA0W000000hCBv","address":"85 S Crystal Ave Unit 3B","oz":"Y"},"geometry":{"type":"Point","coordinates":[-88.286727,42.034675]}},{"type":"Feature","properties":{"id":"aAA0W000000hCBu","address":"85 S Crystal Ave Unit 3D","oz":"Y"},"geometry":{"type":"Point","coordinates":[-88.286538,42.034373]}},{"type":"Feature","properties":{"id":"aAA0W000000hCxC","address":"222 Locust St Unit 203","oz":"Y"},"geometry":{"type":"Point","coordinates":[-88.286323,42.034023]}},{"type":"Feature","properties":{"id":"aAA0W000000hAmS","address":"222 Locust St Unit 210","oz":"Y"},"geometry":{"type":"Point","coordinates":[-88.286314,42.03401]}},{"type":"Feature","properties":{"id":"aAA0W000000h3si","address":"222 Locust St Unit 211","oz":"Y"},"geometry":{"type":"Point","coordinates":[-88.286304,42.033996]}},{"type":"Feature","properties":{"id":"aAA0W000000h9Wd","address":"222 Locust St Unit 212","oz":"Y"},"geometry":{"type":"Point","coordinates":[-88.286297,42.033981]}},{"type":"Feature","properties":{"id":"aAA0W000000h4nD","address":"222 Locust St Unit 301","oz":"Y"},"geometry":{"type":"Point","coordinates":[-88.286286,42.033966]}},{"type":"Feature","properties":{"id":"aAA0W000000hAlq","address":"222 Locust St Unit 305","oz":"Y"},"geometry":{"type":"Point","coordinates":[-88.286277,42.033954]}},{"type":"Feature","properties":{"id":"aAA0W000000h8gB","address":"222 Locust St Unit 308","oz":"Y"},"geometry":{"type":"Point","coordinates":[-88.286267,42.033937]}},{"type":"Feature","properties":{"id":"aAA0W000000hAmU","address":"222 Locust St Unit 310","oz":"Y"},"geometry":{"type":"Point","coordinates":[-88.286365,42.034013]}},{"type":"Feature","properties":{"id":"aAA0W000000hAmO","address":"222 Locust St Unit 311","oz":"Y"},"geometry":{"type":"Point","coordinates":[-88.286354,42.033998]}},{"type":"Feature","properties":{"id":"aAA0W000000h3se","address":"222 Locust St Unit 403","oz":"Y"},"geometry":{"type":"Point","coordinates":[-88.286344,42.033985]}},{"type":"Feature","properties":{"id":"aAA0W000000h4nF","address":"222 Locust St Unit 404","oz":"Y"},"geometry":{"type":"Point","coordinates":[-88.286333,42.033968]}},{"type":"Feature","properties":{"id":"aAA0W000000hAlr","address":"222 Locust St Unit 407","oz":"Y"},"geometry":{"type":"Point","coordinates":[-88.286323,42.033954]}},{"type":"Feature","properties":{"id":"aAA0W000000h8gG","address":"222 Locust St Unit 408","oz":"Y"},"geometry":{"type":"Point","coordinates":[-88.286314,42.033942]}},{"type":"Feature","properties":{"id":"aAA0W000000hIXt","address":"222 Locust St Unit 409","oz":"Y"},"geometry":{"type":"Point","coordinates":[-88.286302,42.033926]}},{"type":"Feature","properties":{"id":"aAA0W000000hAmP","address":"222 Locust St Unit 410","oz":"Y"},"geometry":{"type":"Point","coordinates":[-88.286407,42.033999]}},{"type":"Feature","properties":{"id":"aAA0W000000h3sd","address":"222 Locust St Unit 411","oz":"Y"},"geometry":{"type":"Point","coordinates":[-88.286395,42.033984]}},{"type":"Feature","properties":{"id":"aAA0W000000h4nG","address":"222 Locust St Unit 503","oz":"Y"},"geometry":{"type":"Point","coordinates":[-88.286385,42.033968]}},{"type":"Feature","properties":{"id":"aAA0W000000hAlt","address":"222 Locust St Unit 504","oz":"Y"},"geometry":{"type":"Point","coordinates":[-88.286371,42.033955]}},{"type":"Feature","properties":{"id":"aAA0W000000h7DE","address":"222 Locust St Unit 507","oz":"Y"},"geometry":{"type":"Point","coordinates":[-88.286362,42.033941]}},{"type":"Feature","properties":{"id":"aAA0W000000h8g9","address":"222 Locust St Unit 508","oz":"Y"},"geometry":{"type":"Point","coordinates":[-88.286354,42.03393]}},{"type":"Feature","properties":{"id":"aAA0W000000h3fM","address":"222 Locust St Unit 509","oz":"Y"},"geometry":{"type":"Point","coordinates":[-88.286344,42.033912]}},{"type":"Feature","properties":{"id":"aAA0W000000h3sf","address":"222 Locust St Unit 512","oz":"Y"},"geometry":{"type":"Point","coordinates":[-88.286444,42.033985]}},{"type":"Feature","properties":{"id":"aAA0W000000h4nE","address":"222 Locust St Unit 602","oz":"Y"},"geometry":{"type":"Point","coordinates":[-88.286431,42.033967]}},{"type":"Feature","properties":{"id":"aAA0W000000hAcO","address":"222 Locust St Unit 603","oz":"Y"},"geometry":{"type":"Point","coordinates":[-88.286423,42.033953]}},{"type":"Feature","properties":{"id":"aAA0W000000h8gE","address":"222 Locust St Unit 604","oz":"Y"},"geometry":{"type":"Point","coordinates":[-88.286414,42.03394]}},{"type":"Feature","properties":{"id":"aAA0W000000hIXs","address":"222 Locust St Unit 606","oz":"Y"},"geometry":{"type":"Point","coordinates":[-88.286403,42.033923]}},{"type":"Feature","properties":{"id":"aAA0W000000h3fK","address":"222 Locust St Unit 608","oz":"Y"},"geometry":{"type":"Point","coordinates":[-88.286392,42.03391]}},{"type":"Feature","properties":{"id":"aAA0W000000h4JC","address":"222 Locust St Unit 609","oz":"Y"},"geometry":{"type":"Point","coordinates":[-88.286381,42.033894]}},{"type":"Feature","properties":{"id":"aAA0W000000h9WZ","address":"222 Locust St Unit 610","oz":"Y"},"geometry":{"type":"Point","coordinates":[-88.286485,42.033971]}},{"type":"Feature","properties":{"id":"aAA0W000000hAcN","address":"222 Locust St Unit 611","oz":"Y"},"geometry":{"type":"Point","coordinates":[-88.286472,42.033952]}},{"type":"Feature","properties":{"id":"aAA0W000000h8gC","address":"222 Locust St Unit 612","oz":"Y"},"geometry":{"type":"Point","coordinates":[-88.286461,42.033937]}},{"type":"Feature","properties":{"id":"aAA0W000000hIXw","address":"222 Locust St Unit 703","oz":"Y"},"geometry":{"type":"Point","coordinates":[-88.286452,42.033929]}},{"type":"Feature","properties":{"id":"aAA0W000000h3fN","address":"222 Locust St Unit 704","oz":"Y"},"geometry":{"type":"Point","coordinates":[-88.286443,42.033913]}},{"type":"Feature","properties":{"id":"aAA0W000000hBlR","address":"222 Locust St Unit 705","oz":"Y"},"geometry":{"type":"Point","coordinates":[-88.286433,42.033899]}},{"type":"Feature","properties":{"id":"aAA0W000000h4J6","address":"222 Locust St Unit 706","oz":"Y"},"geometry":{"type":"Point","coordinates":[-88.28642,42.033878]}},{"type":"Feature","properties":{"id":"aAA0W000000h4nC","address":"222 Locust St Unit 707","oz":"Y"},"geometry":{"type":"Point","coordinates":[-88.286535,42.033955]}},{"type":"Feature","properties":{"id":"aAA0W000000h8gD","address":"222 Locust St Unit 708","oz":"Y"},"geometry":{"type":"Point","coordinates":[-88.286521,42.033939]}},{"type":"Feature","properties":{"id":"aAA0W000000hIXu","address":"222 Locust St Unit 709","oz":"Y"},"geometry":{"type":"Point","coordinates":[-88.286509,42.033926]}},{"type":"Feature","properties":{"id":"aAA0W000000h3fL","address":"222 Locust St Unit 710","oz":"Y"},"geometry":{"type":"Point","coordinates":[-88.286496,42.033911]}},{"type":"Feature","properties":{"id":"aAA0W000000h4JD","address":"222 Locust St Unit 712","oz":"Y"},"geometry":{"type":"Point","coordinates":[-88.286487,42.033895]}},{"type":"Feature","properties":{"id":"aAA0W000000h4J8","address":"222 Locust St Unit 801","oz":"Y"},"geometry":{"type":"Point","coordinates":[-88.286476,42.03388]}},{"type":"Feature","properties":{"id":"aAA0W000000hFDQ","address":"222 Locust St Unit 805","oz":"Y"},"geometry":{"type":"Point","coordinates":[-88.286462,42.033862]}},{"type":"Feature","properties":{"id":"aAA0W000000h8gF","address":"222 Locust St Unit 806","oz":"Y"},"geometry":{"type":"Point","coordinates":[-88.286575,42.033941]}},{"type":"Feature","properties":{"id":"aAA0W000000hIXv","address":"222 Locust St Unit 808","oz":"Y"},"geometry":{"type":"Point","coordinates":[-88.286564,42.033928]}},{"type":"Feature","properties":{"id":"aAA0W000000h3fJ","address":"222 Locust St Unit 809","oz":"Y"},"geometry":{"type":"Point","coordinates":[-88.286552,42.033909]}},{"type":"Feature","properties":{"id":"aAA0W000000h4JB","address":"222 Locust St Unit 901","oz":"Y"},"geometry":{"type":"Point","coordinates":[-88.286538,42.033894]}},{"type":"Feature","properties":{"id":"aAA0W000000h4J7","address":"222 Locust St Unit 902","oz":"Y"},"geometry":{"type":"Point","coordinates":[-88.286528,42.03388]}},{"type":"Feature","properties":{"id":"aAA0W000000h5ZV","address":"222 Locust St Unit 903","oz":"Y"},"geometry":{"type":"Point","coordinates":[-88.286521,42.033867]}},{"type":"Feature","properties":{"id":"aAA0W000000hA0R","address":"222 Locust St Unit 905","oz":"Y"},"geometry":{"type":"Point","coordinates":[-88.286503,42.033845]}},{"type":"Feature","properties":{"id":"aAA0W000000hIXr","address":"222 Locust St Unit 906","oz":"Y"},"geometry":{"type":"Point","coordinates":[-88.286626,42.033921]}},{"type":"Feature","properties":{"id":"aAA0W000000h3fH","address":"222 Locust St Unit 908","oz":"Y"},"geometry":{"type":"Point","coordinates":[-88.286614,42.033909]}},{"type":"Feature","properties":{"id":"aAA0W000000h4J9","address":"222 Locust St Unit 909","oz":"Y"},"geometry":{"type":"Point","coordinates":[-88.2866,42.033887]}},{"type":"Feature","properties":{"id":"aAA0W000000h5ZX","address":"222 Locust St Unit 910","oz":"Y"},"geometry":{"type":"Point","coordinates":[-88.28659,42.033873]}},{"type":"Feature","properties":{"id":"aAA0W000000hFDP","address":"222 Locust St Unit 911","oz":"Y"},"geometry":{"type":"Point","coordinates":[-88.286577,42.033858]}},{"type":"Feature","properties":{"id":"aAA0W000000hA6c","address":"63 Douglas Ave Unit 205","oz":"N"},"geometry":{"type":"Point","coordinates":[-88.283809,42.038543]}},{"type":"Feature","properties":{"id":"aAA0W000000h64Y","address":"646 Mcbride St","oz":"N"},"geometry":{"type":"Point","coordinates":[-88.28979,42.049576]}},{"type":"Feature","properties":{"id":"aAA0W000000h9Bm","address":"642 Mcbride St","oz":"N"},"geometry":{"type":"Point","coordinates":[-88.289779,42.049471]}},{"type":"Feature","properties":{"id":"aAA0W000000h6l8","address":"640 Mcbride St","oz":"N"},"geometry":{"type":"Point","coordinates":[-88.289789,42.049359]}},{"type":"Feature","properties":{"id":"aAA0W000000hGA1","address":"638 Mcbride St","oz":"N"},"geometry":{"type":"Point","coordinates":[-88.289796,42.049249]}},{"type":"Feature","properties":{"id":"aAA0W000000h83Y","address":"636 Mcbride St","oz":"N"},"geometry":{"type":"Point","coordinates":[-88.289798,42.049124]}},{"type":"Feature","properties":{"id":"aAA0W000000h9Bl","address":"36 Daniels Ave","oz":"N"},"geometry":{"type":"Point","coordinates":[-88.287475,42.047869]}},{"type":"Feature","properties":{"id":"aAA0W000000h5W5","address":"724 Lincoln Ct","oz":"N"},"geometry":{"type":"Point","coordinates":[-88.28959,42.050797]}},{"type":"Feature","properties":{"id":"aAA0W000000h5Nj","address":"710 Mcbride St","oz":"N"},"geometry":{"type":"Point","coordinates":[-88.2896,42.050418]}},{"type":"Feature","properties":{"id":"aAA0W000000h46s","address":"720 Mcbride St","oz":"N"},"geometry":{"type":"Point","coordinates":[-88.289646,42.050677]}},{"type":"Feature","properties":{"id":"aAA0W000000h4OE","address":"256 Division St","hd_name":"Elgin","oz":"N"},"geometry":{"type":"Point","coordinates":[-88.280552,42.038938]}},{"type":"Feature","properties":{"id":"aAA0W000000h9zH","address":"101 Center St","hd_name":"Elgin","oz":"N"},"geometry":{"type":"Point","coordinates":[-88.280753,42.038795]}},{"type":"Feature","properties":{"id":"aAA0W000000hFMX","address":"107 Center St","hd_name":"Elgin","oz":"N"},"geometry":{"type":"Point","coordinates":[-88.280807,42.03901]}},{"type":"Feature","properties":{"id":"aAA0W000000h6EH","address":"275 N Grove Ave","oz":"N"},"geometry":{"type":"Point","coordinates":[-88.286355,42.04249]}},{"type":"Feature","properties":{"id":"aAA0W000000hGAE","address":"271 N Grove Ave","oz":"N"},"geometry":{"type":"Point","coordinates":[-88.286295,42.042356]}},{"type":"Feature","properties":{"id":"aAA0W000000hFQP","address":"612 Wellington Ave","oz":"N"},"geometry":{"type":"Point","coordinates":[-88.274223,42.023706]}},{"type":"Feature","properties":{"id":"aAA0W000000h7EZ","address":"129 S State St","oz":"N"},"geometry":{"type":"Point","coordinates":[-88.284729,42.033048]}},{"type":"Feature","properties":{"id":"aAA0W000000h482","address":"127 S State St","oz":"N"},"geometry":{"type":"Point","coordinates":[-88.284786,42.033129]}},{"type":"Feature","properties":{"id":"aAA0W000000hF4m","address":"125 S State St","oz":"N"},"geometry":{"type":"Point","coordinates":[-88.284835,42.033204]}},{"type":"Feature","properties":{"id":"aAA0W000000h489","address":"123 S State St","oz":"N"},"geometry":{"type":"Point","coordinates":[-88.284887,42.033269]}},{"type":"Feature","properties":{"id":"aAA0W000000h9ZE","address":"50 S State St","oz":"Y"},"geometry":{"type":"Point","coordinates":[-88.286853,42.035437]}},{"type":"Feature","properties":{"id":"aAA0W000000h9nX","address":"58 S State St","oz":"Y"},"geometry":{"type":"Point","coordinates":[-88.28674,42.035313]}},{"type":"Feature","properties":{"id":"aAA0W000000h9Yz","address":"64 S State St","oz":"Y"},"geometry":{"type":"Point","coordinates":[-88.286558,42.035123]}},{"type":"Feature","properties":{"id":"aAA0W000000h51Z","address":"208 Lawrence Ave","oz":"N"},"geometry":{"type":"Point","coordinates":[-88.291692,42.041305]}},{"type":"Feature","properties":{"id":"aAA0W000000h51X","address":"216 Lawrence Ave","oz":"N"},"geometry":{"type":"Point","coordinates":[-88.291867,42.041253]}},{"type":"Feature","properties":{"id":"aAA0W000000h9w8","address":"340 N State St","oz":"N"},"geometry":{"type":"Point","coordinates":[-88.292176,42.042118]}},{"type":"Feature","properties":{"id":"aAA0W000000hB6P","address":"360 N State St","oz":"N"},"geometry":{"type":"Point","coordinates":[-88.292553,42.042693]}},{"type":"Feature","properties":{"id":"aAA0W000000h7cx","address":"372 N State St","oz":"N"},"geometry":{"type":"Point","coordinates":[-88.292669,42.042878]}},{"type":"Feature","properties":{"id":"aAA0W000000hB6Q","address":"345 N State St","oz":"N"},"geometry":{"type":"Point","coordinates":[-88.291146,42.04271]}},{"type":"Feature","properties":{"id":"aAA0W000000h4Wq","address":"375 N State St","oz":"N"},"geometry":{"type":"Point","coordinates":[-88.291917,42.042984]}},{"type":"Feature","properties":{"id":"aAA0W000000h9pL","address":"383 N State St","oz":"N"},"geometry":{"type":"Point","coordinates":[-88.292427,42.043587]}},{"type":"Feature","properties":{"id":"aAA0W000000hG9y","address":"393 N State St","oz":"N"},"geometry":{"type":"Point","coordinates":[-88.292473,42.043927]}},{"type":"Feature","properties":{"id":"aAA0W000000hFW2","address":"401 N State St","oz":"N"},"geometry":{"type":"Point","coordinates":[-88.292642,42.044211]}},{"type":"Feature","properties":{"id":"aAA0W000000hFMZ","address":"523 N State St","oz":"N"},"geometry":{"type":"Point","coordinates":[-88.293564,42.045813]}},{"type":"Feature","properties":{"id":"aAA0W000000h3rz","address":"507 N State St","oz":"N"},"geometry":{"type":"Point","coordinates":[-88.293389,42.045504]}},{"type":"Feature","properties":{"id":"aAA0W000000h46H","address":"501 N State St","oz":"N"},"geometry":{"type":"Point","coordinates":[-88.293241,42.045265]}},{"type":"Feature","properties":{"id":"aAA0W000000h6VG","address":"617 N State St Unit Rear","oz":"N"},"geometry":{"type":"Point","coordinates":[-88.294329,42.048489]}},{"type":"Feature","properties":{"id":"aAA0W000000h46u","address":"470 Owasco Ave","oz":"N"},"geometry":{"type":"Point","coordinates":[-88.291012,42.054309]}},{"type":"Feature","properties":{"id":"aAA0W000000h83a","address":"471 Teal Ave","oz":"N"},"geometry":{"type":"Point","coordinates":[-88.291127,42.05536]}},{"type":"Feature","properties":{"id":"aAA0W000000hAIz","address":"1 Times Sq Unit 101","oz":"N"},"geometry":{"type":"Point","coordinates":[-88.275804,42.028176]}},{"type":"Feature","properties":{"id":"aAA0W000000hAJ0","address":"1 Times Sq Unit 102","oz":"N"},"geometry":{"type":"Point","coordinates":[-88.275772,42.028187]}},{"type":"Feature","properties":{"id":"aAA0W000000hAJ2","address":"1 Times Sq Unit 105","oz":"N"},"geometry":{"type":"Point","coordinates":[-88.275724,42.028201]}},{"type":"Feature","properties":{"id":"aAA0W000000h63J","address":"1 Times Sq Unit 107","oz":"N"},"geometry":{"type":"Point","coordinates":[-88.275792,42.028139]}},{"type":"Feature","properties":{"id":"aAA0W000000h63L","address":"1 Times Sq Unit 111","oz":"N"},"geometry":{"type":"Point","coordinates":[-88.275734,42.028153]}},{"type":"Feature","properties":{"id":"aAA0W000000hAIy","address":"1 Times Sq Unit 112","oz":"N"},"geometry":{"type":"Point","coordinates":[-88.27569,42.028172]}},{"type":"Feature","properties":{"id":"aAA0W000000h63E","address":"1 Times Sq Unit 203","oz":"N"},"geometry":{"type":"Point","coordinates":[-88.275753,42.028089]}},{"type":"Feature","properties":{"id":"aAA0W000000h63G","address":"1 Times Sq Unit 204","oz":"N"},"geometry":{"type":"Point","coordinates":[-88.275696,42.028116]}},{"type":"Feature","properties":{"id":"aAA0W000000h63I","address":"1 Times Sq Unit 205","oz":"N"},"geometry":{"type":"Point","coordinates":[-88.275645,42.028133]}},{"type":"Feature","properties":{"id":"aAA0W000000h639","address":"1 Times Sq Unit 207","oz":"N"},"geometry":{"type":"Point","coordinates":[-88.275736,42.02805]}},{"type":"Feature","properties":{"id":"aAA0W000000h63B","address":"1 Times Sq Unit 208","oz":"N"},"geometry":{"type":"Point","coordinates":[-88.275703,42.028066]}},{"type":"Feature","properties":{"id":"aAA0W000000h63D","address":"1 Times Sq Unit 210","oz":"N"},"geometry":{"type":"Point","coordinates":[-88.275659,42.028083]}},{"type":"Feature","properties":{"id":"aAA0W000000h63F","address":"1 Times Sq Unit 211","oz":"N"},"geometry":{"type":"Point","coordinates":[-88.275606,42.028102]}},{"type":"Feature","properties":{"id":"aAA0W000000h63H","address":"1 Times Sq Unit 302","oz":"N"},"geometry":{"type":"Point","coordinates":[-88.275523,42.028121]}},{"type":"Feature","properties":{"id":"aAA0W000000h63K","address":"1 Times Sq Unit 303","oz":"N"},"geometry":{"type":"Point","coordinates":[-88.275473,42.028143]}},{"type":"Feature","properties":{"id":"aAA0W000000hAIx","address":"1 Times Sq Unit 304","oz":"N"},"geometry":{"type":"Point","coordinates":[-88.275422,42.02817]}},{"type":"Feature","properties":{"id":"aAA0W000000hAJ1","address":"1 Times Sq Unit 307","oz":"N"},"geometry":{"type":"Point","coordinates":[-88.275378,42.028196]}},{"type":"Feature","properties":{"id":"aAA0W000000hEnZ","address":"1 Times Sq Unit 308","oz":"N"},"geometry":{"type":"Point","coordinates":[-88.275316,42.02822]}},{"type":"Feature","properties":{"id":"aAA0W000000hFEj","address":"1 Times Sq Unit 310","oz":"N"},"geometry":{"type":"Point","coordinates":[-88.275256,42.02824]}},{"type":"Feature","properties":{"id":"aAA0W000000hFEk","address":"1 Times Sq Unit 311","oz":"N"},"geometry":{"type":"Point","coordinates":[-88.275189,42.02827]}},{"type":"Feature","properties":{"id":"aAA0W000000hFEl","address":"1 Times Sq Unit 312","oz":"N"},"geometry":{"type":"Point","coordinates":[-88.275192,42.028308]}},{"type":"Feature","properties":{"id":"aAA0W000000hFEl","address":"1 Times Sq Unit 313","oz":"N"},"geometry":{"type":"Point","coordinates":[-88.275239,42.028282]}},{"type":"Feature","properties":{"id":"aAA0W000000h9YF","address":"1 Times Sq Unit 314","oz":"N"},"geometry":{"type":"Point","coordinates":[-88.27529,42.028295]}},{"type":"Feature","properties":{"id":"aAA0W000000hG9M","address":"2 Times Sq Unit 101","oz":"N"},"geometry":{"type":"Point","coordinates":[-88.274942,42.027529]}},{"type":"Feature","properties":{"id":"aAA0W000000hG9I","address":"2 Times Sq Unit 102","oz":"N"},"geometry":{"type":"Point","coordinates":[-88.274923,42.027494]}},{"type":"Feature","properties":{"id":"aAA0W000000hA4k","address":"2 Times Sq Unit 103","oz":"N"},"geometry":{"type":"Point","coordinates":[-88.274898,42.027453]}},{"type":"Feature","properties":{"id":"aAA0W000000hG9O","address":"2 Times Sq Unit 104","oz":"N"},"geometry":{"type":"Point","coordinates":[-88.274873,42.027538]}},{"type":"Feature","properties":{"id":"aAA0W000000hG9J","address":"2 Times Sq Unit 105","oz":"N"},"geometry":{"type":"Point","coordinates":[-88.274852,42.027505]}},{"type":"Feature","properties":{"id":"aAA0W000000hA4m","address":"2 Times Sq Unit 106","oz":"N"},"geometry":{"type":"Point","coordinates":[-88.274838,42.027472]}},{"type":"Feature","properties":{"id":"aAA0W000000h62y","address":"2 Times Sq Unit 108","oz":"N"},"geometry":{"type":"Point","coordinates":[-88.275173,42.027931]}},{"type":"Feature","properties":{"id":"aAA0W000000h62z","address":"2 Times Sq Unit 111","oz":"N"},"geometry":{"type":"Point","coordinates":[-88.275109,42.027951]}},{"type":"Feature","properties":{"id":"aAA0W000000h631","address":"2 Times Sq Unit 112","oz":"N"},"geometry":{"type":"Point","coordinates":[-88.275066,42.027961]}},{"type":"Feature","properties":{"id":"aAA0W000000h635","address":"2 Times Sq Unit 114","oz":"N"},"geometry":{"type":"Point","coordinates":[-88.27503,42.028016]}},{"type":"Feature","properties":{"id":"aAA0W000000h633","address":"2 Times Sq Unit 116","oz":"N"},"geometry":{"type":"Point","coordinates":[-88.2751,42.027995]}},{"type":"Feature","properties":{"id":"aAA0W000000h632","address":"2 Times Sq Unit 201","oz":"N"},"geometry":{"type":"Point","coordinates":[-88.275175,42.027969]}},{"type":"Feature","properties":{"id":"aAA0W000000h634","address":"2 Times Sq Unit 204","oz":"N"},"geometry":{"type":"Point","coordinates":[-88.275197,42.027999]}},{"type":"Feature","properties":{"id":"aAA0W000000h637","address":"2 Times Sq Unit 206","oz":"N"},"geometry":{"type":"Point","coordinates":[-88.275126,42.028025]}},{"type":"Feature","properties":{"id":"aAA0W000000h638","address":"2 Times Sq Unit 207","oz":"N"},"geometry":{"type":"Point","coordinates":[-88.275056,42.028044]}},{"type":"Feature","properties":{"id":"aAA0W000000h63C","address":"2 Times Sq Unit 214","oz":"N"},"geometry":{"type":"Point","coordinates":[-88.275067,42.028079]}},{"type":"Feature","properties":{"id":"aAA0W000000h63A","address":"2 Times Sq Unit 215","oz":"N"},"geometry":{"type":"Point","coordinates":[-88.275144,42.028051]}},{"type":"Feature","properties":{"id":"aAA0W000000h636","address":"2 Times Sq Unit 302","oz":"N"},"geometry":{"type":"Point","coordinates":[-88.275234,42.028023]}},{"type":"Feature","properties":{"id":"aAA0W000000hA4o","address":"2 Times Sq Unit 303","oz":"N"},"geometry":{"type":"Point","coordinates":[-88.274797,42.027482]}},{"type":"Feature","properties":{"id":"aAA0W000000hG9L","address":"2 Times Sq Unit 307","oz":"N"},"geometry":{"type":"Point","coordinates":[-88.274822,42.027529]}},{"type":"Feature","properties":{"id":"aAA0W000000hG9Q","address":"2 Times Sq Unit 310","oz":"N"},"geometry":{"type":"Point","coordinates":[-88.274842,42.027572]}},{"type":"Feature","properties":{"id":"aAA0W000000h5n0","address":"2 Times Sq Unit 312","oz":"N"},"geometry":{"type":"Point","coordinates":[-88.274863,42.027611]}},{"type":"Feature","properties":{"id":"aAA0W000000h5n1","address":"2 Times Sq Unit 315","oz":"N"},"geometry":{"type":"Point","coordinates":[-88.274879,42.027649]}},{"type":"Feature","properties":{"id":"aAA0W000000h5n3","address":"2 Times Sq Unit 317","oz":"N"},"geometry":{"type":"Point","coordinates":[-88.274911,42.027706]}},{"type":"Feature","properties":{"id":"aAA0W000000h5n7","address":"2 Times Sq Unit 318","oz":"N"},"geometry":{"type":"Point","coordinates":[-88.274947,42.027772]}},{"type":"Feature","properties":{"id":"aAA0W000000h62r","address":"3 Times Sq Unit 101","oz":"N"},"geometry":{"type":"Point","coordinates":[-88.275597,42.027819]}},{"type":"Feature","properties":{"id":"aAA0W000000h62s","address":"3 Times Sq Unit 105","oz":"N"},"geometry":{"type":"Point","coordinates":[-88.275534,42.027827]}},{"type":"Feature","properties":{"id":"aAA0W000000h62t","address":"3 Times Sq Unit 107","oz":"N"},"geometry":{"type":"Point","coordinates":[-88.275485,42.027836]}},{"type":"Feature","properties":{"id":"aAA0W000000hA4j","address":"3 Times Sq Unit 109","oz":"N"},"geometry":{"type":"Point","coordinates":[-88.275409,42.027425]}},{"type":"Feature","properties":{"id":"aAA0W000000hA4i","address":"3 Times Sq Unit 111","oz":"N"},"geometry":{"type":"Point","coordinates":[-88.275408,42.027388]}},{"type":"Feature","properties":{"id":"aAA0W000000hA4h","address":"3 Times Sq Unit 113","oz":"N"},"geometry":{"type":"Point","coordinates":[-88.275398,42.027358]}},{"type":"Feature","properties":{"id":"aAA0W000000h3YE","address":"3 Times Sq Unit 115","oz":"N"},"geometry":{"type":"Point","coordinates":[-88.275564,42.027298]}},{"type":"Feature","properties":{"id":"aAA0W000000h3YG","address":"3 Times Sq Unit 116","oz":"N"},"geometry":{"type":"Point","coordinates":[-88.2755,42.027312]}},{"type":"Feature","properties":{"id":"aAA0W000000hA4e","address":"3 Times Sq Unit 202","oz":"N"},"geometry":{"type":"Point","coordinates":[-88.275439,42.02732]}},{"type":"Feature","properties":{"id":"aAA0W000000hA4f","address":"3 Times Sq Unit 204","oz":"N"},"geometry":{"type":"Point","coordinates":[-88.275386,42.027327]}},{"type":"Feature","properties":{"id":"aAA0W000000hAMb","address":"3 Times Sq Unit 205","oz":"N"},"geometry":{"type":"Point","coordinates":[-88.27555,42.027266]}},{"type":"Feature","properties":{"id":"aAA0W000000h3Y9","address":"3 Times Sq Unit 206","oz":"N"},"geometry":{"type":"Point","coordinates":[-88.27548,42.027274]}},{"type":"Feature","properties":{"id":"aAA0W000000h3YA","address":"3 Times Sq Unit 211","oz":"N"},"geometry":{"type":"Point","coordinates":[-88.275429,42.02728]}},{"type":"Feature","properties":{"id":"aAA0W000000h3YC","address":"3 Times Sq Unit 216","oz":"N"},"geometry":{"type":"Point","coordinates":[-88.275373,42.02729]}},{"type":"Feature","properties":{"id":"aAA0W000000h4dL","address":"3 Times Sq Unit 302","oz":"N"},"geometry":{"type":"Point","coordinates":[-88.275546,42.027232]}},{"type":"Feature","properties":{"id":"aAA0W000000h4dM","address":"3 Times Sq Unit 307","oz":"N"},"geometry":{"type":"Point","coordinates":[-88.275477,42.027238]}},{"type":"Feature","properties":{"id":"aAA0W000000h4dN","address":"3 Times Sq Unit 308","oz":"N"},"geometry":{"type":"Point","coordinates":[-88.275429,42.027241]}},{"type":"Feature","properties":{"id":"aAA0W000000h4dO","address":"3 Times Sq Unit 309","oz":"N"},"geometry":{"type":"Point","coordinates":[-88.275367,42.02725]}},{"type":"Feature","properties":{"id":"aAA0W000000h5n9","address":"3 Times Sq Unit 310","oz":"N"},"geometry":{"type":"Point","coordinates":[-88.275479,42.027799]}},{"type":"Feature","properties":{"id":"aAA0W000000h5n2","address":"3 Times Sq Unit 311","oz":"N"},"geometry":{"type":"Point","coordinates":[-88.275543,42.027685]}},{"type":"Feature","properties":{"id":"aAA0W000000h5n5","address":"3 Times Sq Unit 314","oz":"N"},"geometry":{"type":"Point","coordinates":[-88.275552,42.027743]}},{"type":"Feature","properties":{"id":"aAA0W000000h62p","address":"3 Times Sq Unit 316","oz":"N"},"geometry":{"type":"Point","coordinates":[-88.275557,42.027801]}},{"type":"Feature","properties":{"id":"aAA0W000000h8z6","address":"4 Times Sq Unit 102","oz":"N"},"geometry":{"type":"Point","coordinates":[-88.275694,42.027056]}},{"type":"Feature","properties":{"id":"aAA0W000000h8z7","address":"4 Times Sq Unit 103","oz":"N"},"geometry":{"type":"Point","coordinates":[-88.27564,42.027058]}},{"type":"Feature","properties":{"id":"aAA0W000000h8z5","address":"4 Times Sq Unit 104","oz":"N"},"geometry":{"type":"Point","coordinates":[-88.275594,42.027056]}},{"type":"Feature","properties":{"id":"aAA0W000000h8pG","address":"4 Times Sq Unit 105","oz":"N"},"geometry":{"type":"Point","coordinates":[-88.27559,42.027005]}},{"type":"Feature","properties":{"id":"aAA0W000000h8pF","address":"4 Times Sq Unit 106","oz":"N"},"geometry":{"type":"Point","coordinates":[-88.275514,42.027004]}},{"type":"Feature","properties":{"id":"aAA0W000000h8pE","address":"4 Times Sq Unit 107","oz":"N"},"geometry":{"type":"Point","coordinates":[-88.275439,42.027004]}},{"type":"Feature","properties":{"id":"aAA0W000000h8pH","address":"4 Times Sq Unit 108","oz":"N"},"geometry":{"type":"Point","coordinates":[-88.275315,42.027006]}},{"type":"Feature","properties":{"id":"aAA0W000000hCh4","address":"4 Times Sq Unit 111","oz":"N"},"geometry":{"type":"Point","coordinates":[-88.275191,42.027009]}},{"type":"Feature","properties":{"id":"aAA0W000000h8p3","address":"4 Times Sq Unit 304","oz":"N"},"geometry":{"type":"Point","coordinates":[-88.275067,42.026967]}},{"type":"Feature","properties":{"id":"aAA0W000000h8Dw","address":"4 Times Sq Unit 305","oz":"N"},"geometry":{"type":"Point","coordinates":[-88.275142,42.026965]}},{"type":"Feature","properties":{"id":"aAA0W000000h8Dv","address":"4 Times Sq Unit 306","oz":"N"},"geometry":{"type":"Point","coordinates":[-88.275234,42.026962]}},{"type":"Feature","properties":{"id":"aAA0W000000h8Dt","address":"4 Times Sq Unit 308","oz":"N"},"geometry":{"type":"Point","coordinates":[-88.275297,42.026958]}},{"type":"Feature","properties":{"id":"aAA0W000000h8Dq","address":"4 Times Sq Unit 202","oz":"N"},"geometry":{"type":"Point","coordinates":[-88.275485,42.026953]}},{"type":"Feature","properties":{"id":"aAA0W000000h8Dr","address":"4 Times Sq Unit 203","oz":"N"},"geometry":{"type":"Point","coordinates":[-88.275565,42.026953]}},{"type":"Feature","properties":{"id":"aAA0W000000h8Ds","address":"4 Times Sq Unit 204","oz":"N"},"geometry":{"type":"Point","coordinates":[-88.275633,42.026953]}},{"type":"Feature","properties":{"id":"aAA0W000000h7Nt","address":"4 Times Sq Unit 205","oz":"N"},"geometry":{"type":"Point","coordinates":[-88.275694,42.026951]}},{"type":"Feature","properties":{"id":"aAA0W000000h8pD","address":"4 Times Sq Unit 206","oz":"N"},"geometry":{"type":"Point","coordinates":[-88.275682,42.027002]}},{"type":"Feature","properties":{"id":"aAA0W000000h8Ea","address":"4 Times Sq Unit 207","oz":"N"},"geometry":{"type":"Point","coordinates":[-88.275687,42.026922]}},{"type":"Feature","properties":{"id":"aAA0W000000h8EZ","address":"4 Times Sq Unit 208","oz":"N"},"geometry":{"type":"Point","coordinates":[-88.275585,42.02692]}},{"type":"Feature","properties":{"id":"aAA0W000000h7No","address":"4 Times Sq Unit 209","oz":"N"},"geometry":{"type":"Point","coordinates":[-88.275507,42.026923]}},{"type":"Feature","properties":{"id":"aAA0W000000h8Eb","address":"4 Times Sq Unit 210","oz":"N"},"geometry":{"type":"Point","coordinates":[-88.275424,42.026923]}},{"type":"Feature","properties":{"id":"aAA0W000000h8EX","address":"4 Times Sq Unit 211","oz":"N"},"geometry":{"type":"Point","coordinates":[-88.275312,42.026913]}},{"type":"Feature","properties":{"id":"aAA0W000000h8EY","address":"4 Times Sq Unit 212","oz":"N"},"geometry":{"type":"Point","coordinates":[-88.275164,42.026918]}},{"type":"Feature","properties":{"id":"aAA0W000000h7Nq","address":"4 Times Sq Unit 309","oz":"N"},"geometry":{"type":"Point","coordinates":[-88.275108,42.026943]}},{"type":"Feature","properties":{"id":"aAA0W000000h7Np","address":"4 Times Sq Unit 310","oz":"N"},"geometry":{"type":"Point","coordinates":[-88.275062,42.026924]}},{"type":"Feature","properties":{"id":"aAA0W000000h8z1","address":"4 Times Sq Unit 312","oz":"N"},"geometry":{"type":"Point","coordinates":[-88.275052,42.027023]}},{"type":"Feature","properties":{"id":"aAA0W000000hCh3","address":"4 Times Sq Unit 314","oz":"N"},"geometry":{"type":"Point","coordinates":[-88.275146,42.026987]}},{"type":"Feature","properties":{"id":"aAA0W000000h7Nr","address":"4 Times Sq Unit 302","oz":"N"},"geometry":{"type":"Point","coordinates":[-88.275188,42.026944]}},{"type":"Feature","properties":{"id":"aAA0W000000h8z2","address":"4 Times Sq Unit 303","oz":"N"},"geometry":{"type":"Point","coordinates":[-88.27514,42.027023]}},{"type":"Feature","properties":{"id":"aAA0W000000h4dQ","address":"5 Times Sq Unit 102","oz":"N"},"geometry":{"type":"Point","coordinates":[-88.274831,42.027273]}},{"type":"Feature","properties":{"id":"aAA0W000000h3YB","address":"5 Times Sq Unit 103","oz":"N"},"geometry":{"type":"Point","coordinates":[-88.274768,42.027283]}},{"type":"Feature","properties":{"id":"aAA0W000000h3YD","address":"5 Times Sq Unit 104","oz":"N"},"geometry":{"type":"Point","coordinates":[-88.274712,42.027291]}},{"type":"Feature","properties":{"id":"aAA0W000000h8Dn","address":"5 Times Sq Unit 105","oz":"N"},"geometry":{"type":"Point","coordinates":[-88.274719,42.026838]}},{"type":"Feature","properties":{"id":"aAA0W000000h8Dp","address":"5 Times Sq Unit 107","oz":"N"},"geometry":{"type":"Point","coordinates":[-88.27465,42.026859]}},{"type":"Feature","properties":{"id":"aAA0W000000h8EV","address":"5 Times Sq Unit 108","oz":"N"},"geometry":{"type":"Point","coordinates":[-88.274558,42.026872]}},{"type":"Feature","properties":{"id":"aAA0W000000h8E0","address":"5 Times Sq Unit 110","oz":"N"},"geometry":{"type":"Point","coordinates":[-88.274656,42.026967]}},{"type":"Feature","properties":{"id":"aAA0W000000h7Ns","address":"5 Times Sq Unit 111","oz":"N"},"geometry":{"type":"Point","coordinates":[-88.274741,42.026948]}},{"type":"Feature","properties":{"id":"aAA0W000000h4dJ","address":"5 Times Sq Unit 203","oz":"N"},"geometry":{"type":"Point","coordinates":[-88.274724,42.0272]}},{"type":"Feature","properties":{"id":"aAA0W000000h4dI","address":"5 Times Sq Unit 204","oz":"N"},"geometry":{"type":"Point","coordinates":[-88.274787,42.027195]}},{"type":"Feature","properties":{"id":"aAA0W000000h3YF","address":"5 Times Sq Unit 205","oz":"N"},"geometry":{"type":"Point","coordinates":[-88.274848,42.027306]}},{"type":"Feature","properties":{"id":"aAA0W000000h3YH","address":"5 Times Sq Unit 208","oz":"N"},"geometry":{"type":"Point","coordinates":[-88.274775,42.027316]}},{"type":"Feature","properties":{"id":"aAA0W000000hA4g","address":"5 Times Sq Unit 209","oz":"Y"},"geometry":{"type":"Point","coordinates":[-88.274707,42.027334]}},{"type":"Feature","properties":{"id":"aAA0W000000h8EW","address":"5 Times Sq Unit 210","oz":"N"},"geometry":{"type":"Point","coordinates":[-88.274619,42.026895]}},{"type":"Feature","properties":{"id":"aAA0W000000h8Do","address":"5 Times Sq Unit 213","oz":"N"},"geometry":{"type":"Point","coordinates":[-88.274602,42.026848]}},{"type":"Feature","properties":{"id":"aAA0W000000h9Xo","address":"5 Times Sq Unit 305","oz":"N"},"geometry":{"type":"Point","coordinates":[-88.274692,42.026878]}},{"type":"Feature","properties":{"id":"aAA0W000000h8z3","address":"5 Times Sq Unit 306","oz":"N"},"geometry":{"type":"Point","coordinates":[-88.27467,42.027029]}},{"type":"Feature","properties":{"id":"aAA0W000000h4dH","address":"5 Times Sq Unit 307","oz":"N"},"geometry":{"type":"Point","coordinates":[-88.274706,42.027142]}},{"type":"Feature","properties":{"id":"aAA0W000000h4dK","address":"5 Times Sq Unit 310","oz":"N"},"geometry":{"type":"Point","coordinates":[-88.27468,42.02722]}},{"type":"Feature","properties":{"id":"aAA0W000000h4dP","address":"5 Times Sq Unit 311","oz":"N"},"geometry":{"type":"Point","coordinates":[-88.274797,42.027252]}},{"type":"Feature","properties":{"id":"aAA0W000000hC64","address":"164 Division St Unit 408","oz":"N"},"geometry":{"type":"Point","coordinates":[-88.283224,42.038891]}},{"type":"Feature","properties":{"id":"aAA0W000000hC5n","address":"164 Division St Unit 402","oz":"N"},"geometry":{"type":"Point","coordinates":[-88.283234,42.038932]}},{"type":"Feature","properties":{"id":"aAA0W000000h6Rj","address":"96 S Grove Ave","oz":"N"},"geometry":{"type":"Point","coordinates":[-88.283088,42.035153]}},{"type":"Feature","properties":{"id":"aAA0W000000hAli","address":"8 S Spring St","oz":"N"},"geometry":{"type":"Point","coordinates":[-88.282735,42.0369]}},{"type":"Feature","properties":{"id":"aAA0W000000h5a9","address":"152 E Chicago St","oz":"N"},"geometry":{"type":"Point","coordinates":[-88.283768,42.037477]}},{"type":"Feature","properties":{"id":"aAA0W000000hDFI","address":"321 Park St","hd_name":"Elgin","oz":"N"},"geometry":{"type":"Point","coordinates":[-88.279022,42.040607]}},{"type":"Feature","properties":{"id":"aAA0W000000hDdp","address":"215 Dexter Ave","oz":"N"},"geometry":{"type":"Point","coordinates":[-88.281786,42.039349]}},{"type":"Feature","properties":{"id":"aAA0W000000h5ul","address":"26 N Grove Ave","oz":"N"},"geometry":{"type":"Point","coordinates":[-88.285381,42.037959]}},{"type":"Feature","properties":{"id":"aAA0W000000hDMk","address":"424 N Grove Ave","oz":"N"},"geometry":{"type":"Point","coordinates":[-88.287096,42.045365]}},{"type":"Feature","properties":{"id":"aAA0W000000h5um","address":"464 N Grove Ave","oz":"N"},"geometry":{"type":"Point","coordinates":[-88.287252,42.046189]}},{"type":"Feature","properties":{"id":"aAA0W000000h60q","address":"321 Douglas Ave","hd_name":"Spring-Douglas","oz":"N"},"geometry":{"type":"Point","coordinates":[-88.283638,42.043594]}},{"type":"Feature","properties":{"id":"aAA0W000000hCzG","address":"220 222 Dundee Ave","oz":"N"},"geometry":{"type":"Point","coordinates":[-88.280408,42.041042]}},{"type":"Feature","properties":{"id":"aAA0W000000h6GR","address":"208 Washington St","oz":"N"},"geometry":{"type":"Point","coordinates":[-88.289893,42.038756]}},{"type":"Feature","properties":{"id":"aAA0W000000h5k0","address":"70 Villa St","oz":"N"},"geometry":{"type":"Point","coordinates":[-88.28082,42.03576]}},{"type":"Feature","properties":{"id":"aAA0W000000h5Wi","address":"80 Villa St","oz":"N"},"geometry":{"type":"Point","coordinates":[-88.280776,42.035577]}},{"type":"Feature","properties":{"id":"aAA0W000000h6fo","address":"101 N State St","oz":"N"},"geometry":{"type":"Point","coordinates":[-88.288484,42.038474]}},{"type":"Feature","properties":{"id":"aAA0W000000h5wO","address":"71 Riverside Dr","oz":"N"},"geometry":{"type":"Point","coordinates":[-88.28341,42.035399]}},{"type":"Feature","properties":{"id":"aAA0W000000h60u","address":"178 E Chicago St","oz":"N"},"geometry":{"type":"Point","coordinates":[-88.282796,42.037413]}},{"type":"Feature","properties":{"id":"aAA0W000000hCBh","address":"571 Frazier Ave","oz":"N"},"geometry":{"type":"Point","coordinates":[-88.293441,42.052048]}},{"type":"Feature","properties":{"id":"aAA0W000000h613","address":"400 Douglas Ave Unit 1N","hd_name":"Spring-Douglas","oz":"N"},"geometry":{"type":"Point","coordinates":[-88.284307,42.044901]}},{"type":"Feature","properties":{"id":"aAA0W000000h614","address":"400 Douglas Ave Unit 1S","hd_name":"Spring-Douglas","oz":"N"},"geometry":{"type":"Point","coordinates":[-88.284303,42.044812]}},{"type":"Feature","properties":{"id":"aAA0W000000h615","address":"400 Douglas Ave Unit 3N","hd_name":"Spring-Douglas","oz":"N"},"geometry":{"type":"Point","coordinates":[-88.284358,42.044906]}},{"type":"Feature","properties":{"id":"aAA0W000000h6N7","address":"400 Douglas Ave Unit 3S","hd_name":"Spring-Douglas","oz":"N"},"geometry":{"type":"Point","coordinates":[-88.284356,42.044806]}},{"type":"Feature","properties":{"id":"aAA0W000000h5aN","address":"10 S Geneva St Unit B","hd_name":"Elgin","oz":"N"},"geometry":{"type":"Point","coordinates":[-88.279847,42.036886]}},{"type":"Feature","properties":{"id":"aAA0W000000h5aO","address":"12 S Geneva St Unit A","hd_name":"Elgin","oz":"N"},"geometry":{"type":"Point","coordinates":[-88.279838,42.036814]}},{"type":"Feature","properties":{"id":"aAA0W000000h5aP","address":"12 S Geneva St Unit C","hd_name":"Elgin","oz":"N"},"geometry":{"type":"Point","coordinates":[-88.279782,42.036812]}},{"type":"Feature","properties":{"id":"aAA0W000000h5aQ","address":"12 S Geneva St Unit D","hd_name":"Elgin","oz":"N"},"geometry":{"type":"Point","coordinates":[-88.279838,42.036797]}},{"type":"Feature","properties":{"id":"aAA0W000000h6NF","address":"234 Villa St Unit 1","hd_name":"Elgin National Watch","oz":"N"},"geometry":{"type":"Point","coordinates":[-88.276798,42.032997]}},{"type":"Feature","properties":{"id":"aAA0W000000h6NG","address":"234 Villa St Unit 2","hd_name":"Elgin National Watch","oz":"N"},"geometry":{"type":"Point","coordinates":[-88.27666,42.033108]}},{"type":"Feature","properties":{"id":"aAA0W000000h6NH","address":"234 Villa St Unit 3","hd_name":"Elgin National Watch","oz":"N"},"geometry":{"type":"Point","coordinates":[-88.276683,42.033067]}},{"type":"Feature","properties":{"id":"aAA0W000000h6NI","address":"234 Villa St Unit 4","hd_name":"Elgin National Watch","oz":"N"},"geometry":{"type":"Point","coordinates":[-88.276721,42.033014]}},{"type":"Feature","properties":{"id":"aAA0W000000h6NJ","address":"234 Villa St Unit 6","hd_name":"Elgin National Watch","oz":"N"},"geometry":{"type":"Point","coordinates":[-88.27674,42.03298]}},{"type":"Feature","properties":{"id":"aAA0W000000h6NK","address":"234 Villa St Unit 7","hd_name":"Elgin National Watch","oz":"N"},"geometry":{"type":"Point","coordinates":[-88.276745,42.033132]}},{"type":"Feature","properties":{"id":"aAA0W000000h6NL","address":"234 Villa St Unit 8","hd_name":"Elgin National Watch","oz":"N"},"geometry":{"type":"Point","coordinates":[-88.276783,42.033078]}},{"type":"Feature","properties":{"id":"aAA0W000000h6NM","address":"234 Villa St Unit 9","hd_name":"Elgin National Watch","oz":"N"},"geometry":{"type":"Point","coordinates":[-88.276815,42.033027]}},{"type":"Feature","properties":{"id":"aAA0W000000hDMm","address":"319 Park St","hd_name":"Elgin","oz":"N"},"geometry":{"type":"Point","coordinates":[-88.27902,42.040587]}},{"type":"Feature","properties":{"id":"aAA0W000000h5x7","address":"101 National St","oz":"N"},"geometry":{"type":"Point","coordinates":[-88.278424,42.029355]}},{"type":"Feature","properties":{"id":"aAA0W000000hC1E","address":"260 Division St","hd_name":"Elgin","oz":"N"},"geometry":{"type":"Point","coordinates":[-88.280579,42.039031]}},{"type":"Feature","properties":{"id":"aAA0W000000h6Sa","address":"200 E Chicago St","oz":"N"},"geometry":{"type":"Point","coordinates":[-88.282296,42.037481]}},{"type":"Feature","properties":{"id":"aAA0W000000h6Xn","address":"14 E Chicago St","oz":"N"},"geometry":{"type":"Point","coordinates":[-88.285004,42.037386]}},{"type":"Feature","properties":{"id":"aAA0W000000h5aV","address":"4 6 S Geneva St","hd_name":"Elgin","oz":"N"},"geometry":{"type":"Point","coordinates":[-88.279827,42.036999]}},{"type":"Feature","properties":{"id":"aAA0W000000h5aY","address":"268 National St","hd_name":"Elgin National Watch","oz":"N"},"geometry":{"type":"Point","coordinates":[-88.274623,42.031723]}},{"type":"Feature","properties":{"id":"aAA0W000000hDMj","address":"260 Villa St","hd_name":"Elgin National Watch","oz":"N"},"geometry":{"type":"Point","coordinates":[-88.275516,42.032552]}},{"type":"Feature","properties":{"id":"aAA0W000000h7tC","address":"115 W Chicago St","oz":"N"},"geometry":{"type":"Point","coordinates":[-88.286699,42.036467]}},{"type":"Feature","properties":{"id":"aAA0W000000h6Hr","address":"16 N State St","oz":"Y"},"geometry":{"type":"Point","coordinates":[-88.288322,42.036618]}},{"type":"Feature","properties":{"id":"aAA0W000000h5lu","address":"213 W Chicago St","oz":"Y"},"geometry":{"type":"Point","coordinates":[-88.287779,42.036034]}},{"type":"Feature","properties":{"id":"aAA0W000000h5lv","address":"102 N State St","oz":"N"},"geometry":{"type":"Point","coordinates":[-88.288937,42.038236]}},{"type":"Feature","properties":{"id":"aAA0W000000hAEf","address":"255 S Grove Ave","oz":"N"},"geometry":{"type":"Point","coordinates":[-88.278501,42.031791]}},{"type":"Feature","properties":{"id":"aAA0W000000hAEg","address":"95 National St","oz":"N"},"geometry":{"type":"Point","coordinates":[-88.277655,42.025574]}},{"type":"Feature","properties":{"id":"aAA0W000000hAEh","address":"81 National St","oz":"N"},"geometry":{"type":"Point","coordinates":[-88.28075,42.02915]}},{"type":"Feature","properties":{"id":"aAA0W000000hFFV","address":"212 Michigan St","hd_name":"Elgin National Watch","oz":"N"},"geometry":{"type":"Point","coordinates":[-88.278228,42.032876]}},{"type":"Feature","properties":{"id":"aAA0W000000hFFe","address":"20 S Spring St","oz":"N"},"geometry":{"type":"Point","coordinates":[-88.282735,42.036761]}},{"type":"Feature","properties":{"id":"aAA0W000000h5Gi","address":"22 S Spring St","oz":"N"},"geometry":{"type":"Point","coordinates":[-88.282737,42.036747]}},{"type":"Feature","properties":{"id":"aAA0W000000h5R1","address":"226 Dexter Ave Unit 201","oz":"N"},"geometry":{"type":"Point","coordinates":[-88.281252,42.039767]}},{"type":"Feature","properties":{"id":"aAA0W000000h5Gk","address":"40 S Spring St Unit 201","oz":"N"},"geometry":{"type":"Point","coordinates":[-88.282815,42.036749]}},{"type":"Feature","properties":{"id":"aAA0W000000h5Gl","address":"40 S Spring St Unit 202","oz":"N"},"geometry":{"type":"Point","coordinates":[-88.282815,42.036706]}},{"type":"Feature","properties":{"id":"aAA0W000000h5Gm","address":"40 S Spring St Unit 203","oz":"N"},"geometry":{"type":"Point","coordinates":[-88.282817,42.036656]}},{"type":"Feature","properties":{"id":"aAA0W000000h5Gn","address":"40 S Spring St Unit 204","oz":"N"},"geometry":{"type":"Point","coordinates":[-88.282823,42.0366]}},{"type":"Feature","properties":{"id":"aAA0W000000h5Go","address":"40 S Spring St Unit 205","oz":"N"},"geometry":{"type":"Point","coordinates":[-88.282824,42.036546]}},{"type":"Feature","properties":{"id":"aAA0W000000h5Gp","address":"40 S Spring St Unit 206","oz":"N"},"geometry":{"type":"Point","coordinates":[-88.2828,42.036484]}},{"type":"Feature","properties":{"id":"aAA0W000000h5Gq","address":"40 S Spring St Unit 207","oz":"N"},"geometry":{"type":"Point","coordinates":[-88.282706,42.036519]}},{"type":"Feature","properties":{"id":"aAA0W000000h5Gr","address":"40 S Spring St Unit 208","oz":"N"},"geometry":{"type":"Point","coordinates":[-88.282705,42.036585]}},{"type":"Feature","properties":{"id":"aAA0W000000h5Gs","address":"40 S Spring St Unit 209","oz":"N"},"geometry":{"type":"Point","coordinates":[-88.282706,42.036649]}},{"type":"Feature","properties":{"id":"aAA0W000000h5Gt","address":"40 S Spring St Unit 210","oz":"N"},"geometry":{"type":"Point","coordinates":[-88.282702,42.036698]}},{"type":"Feature","properties":{"id":"aAA0W000000h5Gu","address":"40 S Spring St Unit 301","oz":"N"},"geometry":{"type":"Point","coordinates":[-88.282836,42.036752]}},{"type":"Feature","properties":{"id":"aAA0W000000h5Gv","address":"40 S Spring St Unit 302","oz":"N"},"geometry":{"type":"Point","coordinates":[-88.282834,42.03671]}},{"type":"Feature","properties":{"id":"aAA0W000000h5pp","address":"40 S Spring St Unit 303","oz":"N"},"geometry":{"type":"Point","coordinates":[-88.28283,42.03666]}},{"type":"Feature","properties":{"id":"aAA0W000000h5pq","address":"40 S Spring St Unit 304","oz":"N"},"geometry":{"type":"Point","coordinates":[-88.282835,42.036607]}},{"type":"Feature","properties":{"id":"aAA0W000000h4Mb","address":"501 Wellington Ave","hd_name":"Elgin National Watch","oz":"Y"},"geometry":{"type":"Point","coordinates":[-88.274142,42.026658]}},{"type":"Feature","properties":{"id":"aAA0W000000h68Y","address":"266 Douglas Ave Unit 1","hd_name":"Spring-Douglas","oz":"N"},"geometry":{"type":"Point","coordinates":[-88.284302,42.042356]}},{"type":"Feature","properties":{"id":"aAA0W000000h57M","address":"266 Douglas Ave Unit 3","hd_name":"Spring-Douglas","oz":"N"},"geometry":{"type":"Point","coordinates":[-88.284273,42.042356]}},{"type":"Feature","properties":{"id":"aAA0W000000h4vB","address":"256 Michigan St Unit A","hd_name":"Elgin National Watch","oz":"N"},"geometry":{"type":"Point","coordinates":[-88.277263,42.031963]}},{"type":"Feature","properties":{"id":"aAA0W000000h4vC","address":"256 Michigan St Unit B","hd_name":"Elgin National Watch","oz":"N"},"geometry":{"type":"Point","coordinates":[-88.27725,42.031948]}},{"type":"Feature","properties":{"id":"aAA0W000000h4vD","address":"256 Michigan St Unit D","hd_name":"Elgin National Watch","oz":"N"},"geometry":{"type":"Point","coordinates":[-88.277236,42.031932]}},{"type":"Feature","properties":{"id":"aAA0W000000h4vE","address":"256 Michigan St Unit E","hd_name":"Elgin National Watch","oz":"N"},"geometry":{"type":"Point","coordinates":[-88.277224,42.031913]}},{"type":"Feature","properties":{"id":"aAA0W000000hFh1","address":"234 Villa St Unit 11","hd_name":"Elgin National Watch","oz":"N"},"geometry":{"type":"Point","coordinates":[-88.276809,42.033052]}},{"type":"Feature","properties":{"id":"aAA0W000000hFh2","address":"234 Villa St Unit 12","hd_name":"Elgin National Watch","oz":"N"},"geometry":{"type":"Point","coordinates":[-88.276794,42.033051]}},{"type":"Feature","properties":{"id":"aAA0W000000hCnO","address":"222 Villa St Unit 1","hd_name":"Elgin National Watch","oz":"N"},"geometry":{"type":"Point","coordinates":[-88.277297,42.033283]}},{"type":"Feature","properties":{"id":"aAA0W000000hFh3","address":"222 Villa St Unit 2","hd_name":"Elgin National Watch","oz":"N"},"geometry":{"type":"Point","coordinates":[-88.277293,42.033266]}},{"type":"Feature","properties":{"id":"aAA0W000000hFh4","address":"222 Villa St Unit 4","hd_name":"Elgin National Watch","oz":"N"},"geometry":{"type":"Point","coordinates":[-88.277282,42.033226]}},{"type":"Feature","properties":{"id":"aAA0W000000hFIu","address":"280 Douglas Ave Unit 4","hd_name":"Spring-Douglas","oz":"N"},"geometry":{"type":"Point","coordinates":[-88.28439,42.042816]}},{"type":"Feature","properties":{"id":"aAA0W000000hFIv","address":"271 Douglas Ave Unit 1","hd_name":"Spring-Douglas","oz":"N"},"geometry":{"type":"Point","coordinates":[-88.283697,42.042568]}},{"type":"Feature","properties":{"id":"aAA0W000000hFIw","address":"271 Douglas Ave Unit 2","hd_name":"Spring-Douglas","oz":"N"},"geometry":{"type":"Point","coordinates":[-88.28361,42.042568]}},{"type":"Feature","properties":{"id":"aAA0W000000hFIx","address":"271 Douglas Ave Unit 3","hd_name":"Spring-Douglas","oz":"N"},"geometry":{"type":"Point","coordinates":[-88.283694,42.042543]}},{"type":"Feature","properties":{"id":"aAA0W000000hFIy","address":"271 Douglas Ave Unit 4","hd_name":"Spring-Douglas","oz":"N"},"geometry":{"type":"Point","coordinates":[-88.283655,42.042544]}},{"type":"Feature","properties":{"id":"aAA0W000000hFIz","address":"271 Douglas Ave Unit 5","hd_name":"Spring-Douglas","oz":"N"},"geometry":{"type":"Point","coordinates":[-88.283606,42.042544]}},{"type":"Feature","properties":{"id":"aAA0W000000hFJ0","address":"271 Douglas Ave Unit 6","hd_name":"Spring-Douglas","oz":"N"},"geometry":{"type":"Point","coordinates":[-88.283715,42.042555]}},{"type":"Feature","properties":{"id":"aAA0W000000hFJ1","address":"269 Douglas Ave Unit 1","hd_name":"Spring-Douglas","oz":"N"},"geometry":{"type":"Point","coordinates":[-88.283717,42.042502]}},{"type":"Feature","properties":{"id":"aAA0W000000hFJ2","address":"269 Douglas Ave Unit 3","hd_name":"Spring-Douglas","oz":"N"},"geometry":{"type":"Point","coordinates":[-88.283681,42.042503]}},{"type":"Feature","properties":{"id":"aAA0W000000h5R2","address":"269 Douglas Ave Unit 4","hd_name":"Spring-Douglas","oz":"N"},"geometry":{"type":"Point","coordinates":[-88.283696,42.04249]}},{"type":"Feature","properties":{"id":"aAA0W000000h5R3","address":"269 Douglas Ave Unit 5","hd_name":"Spring-Douglas","oz":"N"},"geometry":{"type":"Point","coordinates":[-88.283665,42.042491]}},{"type":"Feature","properties":{"id":"aAA0W000000h5R4","address":"269 Douglas Ave Unit 6","hd_name":"Spring-Douglas","oz":"N"},"geometry":{"type":"Point","coordinates":[-88.283633,42.042491]}},{"type":"Feature","properties":{"id":"aAA0W000000h5R5","address":"279 Raymond St Unit 2","hd_name":"Elgin National Watch","oz":"N"},"geometry":{"type":"Point","coordinates":[-88.27536,42.031781]}},{"type":"Feature","properties":{"id":"aAA0W000000h4F1","address":"279 Raymond St Unit 3","hd_name":"Elgin National Watch","oz":"N"},"geometry":{"type":"Point","coordinates":[-88.275391,42.031741]}},{"type":"Feature","properties":{"id":"aAA0W000000h5Gy","address":"275 Silver Ct Unit 1","oz":"N"},"geometry":{"type":"Point","coordinates":[-88.295304,42.039847]}},{"type":"Feature","properties":{"id":"aAA0W000000h5bY","address":"275 Silver Ct Unit 2","oz":"N"},"geometry":{"type":"Point","coordinates":[-88.295303,42.039815]}},{"type":"Feature","properties":{"id":"aAA0W000000h5vF","address":"314 Raymond St Unit 1","hd_name":"Elgin National Watch","oz":"N"},"geometry":{"type":"Point","coordinates":[-88.275048,42.030706]}},{"type":"Feature","properties":{"id":"aAA0W000000h5vG","address":"314 Raymond St Unit 3","hd_name":"Elgin National Watch","oz":"N"},"geometry":{"type":"Point","coordinates":[-88.275022,42.030708]}},{"type":"Feature","properties":{"id":"aAA0W000000h5vH","address":"211 National St Unit 2","hd_name":"Elgin National Watch","oz":"N"},"geometry":{"type":"Point","coordinates":[-88.275722,42.030758]}},{"type":"Feature","properties":{"id":"aAA0W000000h5vI","address":"211 National St Unit 3","hd_name":"Elgin National Watch","oz":"N"},"geometry":{"type":"Point","coordinates":[-88.275702,42.030765]}},{"type":"Feature","properties":{"id":"aAA0W000000h3zE","address":"213 National St Unit 1","hd_name":"Elgin National Watch","oz":"N"},"geometry":{"type":"Point","coordinates":[-88.275658,42.030788]}},{"type":"Feature","properties":{"id":"aAA0W000000h3zF","address":"213 National St Unit 2","hd_name":"Elgin National Watch","oz":"N"},"geometry":{"type":"Point","coordinates":[-88.275653,42.030779]}},{"type":"Feature","properties":{"id":"aAA0W000000h3zG","address":"213 National St Unit 3","hd_name":"Elgin National Watch","oz":"N"},"geometry":{"type":"Point","coordinates":[-88.275653,42.030769]}},{"type":"Feature","properties":{"id":"aAA0W000000hIY4","address":"179 S State St","oz":"N"},"geometry":{"type":"Point","coordinates":[-88.283968,42.032028]}},{"type":"Feature","properties":{"id":"aAA0W000000hEtT","address":"1272 Cedar Ave","oz":"N"},"geometry":{"type":"Point","coordinates":[-88.273292,42.061855]}},{"type":"Feature","properties":{"id":"aAA0W000000h3sM","address":"1274 Cedar Ave","oz":"N"},"geometry":{"type":"Point","coordinates":[-88.272876,42.061902]}},{"type":"Feature","properties":{"id":"aAA0W000000h48J","address":"400 Teal Ave","oz":"N"},"geometry":{"type":"Point","coordinates":[-88.288381,42.05599]}},{"type":"Feature","properties":{"id":"aAA0W000000h8P8","address":"520 N Grove Ave","oz":"N"},"geometry":{"type":"Point","coordinates":[-88.287425,42.047039]}},{"type":"Feature","properties":{"id":"aAA0W000000h7tI","address":"67 S Grove Ave","oz":"N"},"geometry":{"type":"Point","coordinates":[-88.282894,42.03581]}},{"type":"Feature","properties":{"id":"aAA0W000000hD0j","address":"52 S Grove Ave","oz":"N"},"geometry":{"type":"Point","coordinates":[-88.283634,42.036112]}},{"type":"Feature","properties":{"id":"aAA0W000000hD0m","address":"28 S Grove Ave","oz":"N"},"geometry":{"type":"Point","coordinates":[-88.283878,42.036441]}},{"type":"Feature","properties":{"id":"aAA0W000000hD0k","address":"32 S Grove Ave","oz":"N"},"geometry":{"type":"Point","coordinates":[-88.283867,42.036424]}},{"type":"Feature","properties":{"id":"aAA0W000000hD0l","address":"36 S Grove Ave","oz":"N"},"geometry":{"type":"Point","coordinates":[-88.283849,42.036395]}},{"type":"Feature","properties":{"id":"aAA0W000000hD4o","address":"38 S Grove Ave","oz":"N"},"geometry":{"type":"Point","coordinates":[-88.283811,42.036348]}},{"type":"Feature","properties":{"id":"aAA0W000000h7tJ","address":"6 S Grove Ave","oz":"N"},"geometry":{"type":"Point","coordinates":[-88.284532,42.037027]}},{"type":"Feature","properties":{"id":"aAA0W000000h7tK","address":"20 S Grove Ave","oz":"N"},"geometry":{"type":"Point","coordinates":[-88.284264,42.036661]}},{"type":"Feature","properties":{"id":"aAA0W000000hDWl","address":"79 S Grove Ave Unit A","oz":"N"},"geometry":{"type":"Point","coordinates":[-88.28272,42.035574]}},{"type":"Feature","properties":{"id":"aAA0W000000hCed","address":"172 N Spring St","oz":"N"},"geometry":{"type":"Point","coordinates":[-88.282795,42.040256]}},{"type":"Feature","properties":{"id":"aAA0W000000hCee","address":"2 Kimball St","oz":"N"},"geometry":{"type":"Point","coordinates":[-88.288738,42.042031]}},{"type":"Feature","properties":{"id":"aAA0W000000hCef","address":"123 Dexter Ct","oz":"N"},"geometry":{"type":"Point","coordinates":[-88.284496,42.039274]}},{"type":"Feature","properties":{"id":"aAA0W000000hCeh","address":"195 E Chicago St","oz":"N"},"geometry":{"type":"Point","coordinates":[-88.282696,42.037099]}},{"type":"Feature","properties":{"id":"aAA0W000000h5mp","address":"213 N Spring St","oz":"N"},"geometry":{"type":"Point","coordinates":[-88.282274,42.040893]}},{"type":"Feature","properties":{"id":"aAA0W000000hCej","address":"8 S Grove Ave","oz":"N"},"geometry":{"type":"Point","coordinates":[-88.284444,42.036914]}},{"type":"Feature","properties":{"id":"aAA0W000000hDR5","address":"11 Villa Ct","oz":"N"},"geometry":{"type":"Point","coordinates":[-88.280857,42.036912]}},{"type":"Feature","properties":{"id":"aAA0W000000h8w9","address":"164 Dawson Dr","oz":"N"},"geometry":{"type":"Point","coordinates":[-88.279321,42.033168]}},{"type":"Feature","properties":{"id":"aAA0W000000h8wA","address":"169 S Grove Ave","oz":"N"},"geometry":{"type":"Point","coordinates":[-88.280576,42.033394]}},{"type":"Feature","properties":{"id":"aAA0W000000h4om","address":"156 River Walk Ct","oz":"N"},"geometry":{"type":"Point","coordinates":[-88.28055,42.033475]}},{"type":"Feature","properties":{"id":"aAA0W000000hFdj","address":"130 Dawson Dr","oz":"N"},"geometry":{"type":"Point","coordinates":[-88.280365,42.034139]}},{"type":"Feature","properties":{"id":"aAA0W000000hD64","address":"1460 Dundee Ave","oz":"N"},"geometry":{"type":"Point","coordinates":[-88.267594,42.064472]}},{"type":"Feature","properties":{"id":"aAA0W000000hCei","address":"54 Riverside Dr","oz":"N"},"geometry":{"type":"Point","coordinates":[-88.284067,42.035772]}},{"type":"Feature","properties":{"id":"aAA0W000000hCeY","address":"100 Lawrence Ave","oz":"N"},"geometry":{"type":"Point","coordinates":[-88.290872,42.041643]}},{"type":"Feature","properties":{"id":"aAA0W000000hIUd","address":"54 N State St","oz":"N"},"geometry":{"type":"Point","coordinates":[-88.288392,42.037357]}},{"type":"Feature","properties":{"id":"aAA0W000000hDgO","address":"119 N State St","oz":"N"},"geometry":{"type":"Point","coordinates":[-88.288723,42.038868]}},{"type":"Feature","properties":{"id":"aAA0W000000hCeZ","address":"51 N State St","oz":"N"},"geometry":{"type":"Point","coordinates":[-88.287784,42.037633]}},{"type":"Feature","properties":{"id":"aAA0W000000h61o","address":"118 Ludeka Pl","oz":"N"},"geometry":{"type":"Point","coordinates":[-88.289723,42.038315]}},{"type":"Feature","properties":{"id":"aAA0W000000h5WX","address":"10 1/2 N State St","oz":"Y"},"geometry":{"type":"Point","coordinates":[-88.287754,42.036654]}},{"type":"Feature","properties":{"id":"aAA0W000000hCeb","address":"110 Kimball St","oz":"N"},"geometry":{"type":"Point","coordinates":[-88.284905,42.041986]}},{"type":"Feature","properties":{"id":"aAA0W000000hAue","address":"407 Brook St","oz":"N"},"geometry":{"type":"Point","coordinates":[-88.285085,42.044984]}},{"type":"Feature","properties":{"id":"aAA0W000000h78K","address":"75 S Grove Ave Unit A","oz":"N"},"geometry":{"type":"Point","coordinates":[-88.282743,42.035642]}},{"type":"Feature","properties":{"id":"aAA0W000000h6lm","address":"164 Ludeka Pl","oz":"N"},"geometry":{"type":"Point","coordinates":[-88.290205,42.038972]}},{"type":"Feature","properties":{"id":"aAA0W000000h6ng","address":"55 Cherry St","oz":"N"},"geometry":{"type":"Point","coordinates":[-88.286561,42.044422]}},{"type":"Feature","properties":{"id":"aAA0W000000hBOH","address":"1 Times Sq","oz":"N"},"geometry":{"type":"Point","coordinates":[-88.275566,42.028161]}},{"type":"Feature","properties":{"id":"aAA0W000000hAfB","address":"223 E Chicago St","oz":"N"},"geometry":{"type":"Point","coordinates":[-88.281504,42.037123]}},{"type":"Feature","properties":{"id":"aAA0W000000h4vH","address":"203 E Chicago St","oz":"N"},"geometry":{"type":"Point","coordinates":[-88.2823,42.037127]}},{"type":"Feature","properties":{"id":"aAA0W000000hC1F","address":"274 N Spring St","hd_name":"Spring-Douglas","oz":"N"},"geometry":{"type":"Point","coordinates":[-88.282764,42.042722]}},{"type":"Feature","properties":{"id":"aAA0W000000h4vI","address":"17 1/2 N Grove Ave","oz":"N"},"geometry":{"type":"Point","coordinates":[-88.284567,42.037802]}},{"type":"Feature","properties":{"id":"aAA0W000000hFnb","address":"506 Wellington Ave","hd_name":"Elgin National Watch","oz":"N"},"geometry":{"type":"Point","coordinates":[-88.275137,42.026353]}},{"type":"Feature","properties":{"id":"aAA0W000000hFna","address":"542 Wellington Ave","hd_name":"Elgin National Watch","oz":"N"},"geometry":{"type":"Point","coordinates":[-88.274857,42.025059]}},{"type":"Feature","properties":{"id":"aAA0W000000hDJU","address":"85 S Crystal Ave","oz":"Y"},"geometry":{"type":"Point","coordinates":[-88.286563,42.034541]}},{"type":"Feature","properties":{"id":"aAA0W000000hF5d","address":"6 20 S State St","oz":"Y"},"geometry":{"type":"Point","coordinates":[-88.28729,42.035966]}},{"type":"Feature","properties":{"id":"aAA0W000000hA1Q","address":"71 81 Clock Tower Plz","oz":"N"},"geometry":{"type":"Point","coordinates":[-88.276889,42.030225]}},{"type":"Feature","properties":{"id":"aAA0W000000h74u","address":"40 S Spring St Unit 310","oz":"N"},"geometry":{"type":"Point","coordinates":[-88.282716,42.036705]}},{"type":"Feature","properties":{"id":"aAA0W000000hIVs","address":"260 National St Unit A","hd_name":"Elgin National Watch","oz":"N"},"geometry":{"type":"Point","coordinates":[-88.274937,42.031477]}},{"type":"Feature","properties":{"id":"aAA0W000000hIVt","address":"260 National St Unit B","hd_name":"Elgin National Watch","oz":"N"},"geometry":{"type":"Point","coordinates":[-88.274913,42.031489]}},{"type":"Feature","properties":{"id":"aAA0W000000hIVu","address":"260 National St Unit C","hd_name":"Elgin National Watch","oz":"N"},"geometry":{"type":"Point","coordinates":[-88.274963,42.031464]}},{"type":"Feature","properties":{"id":"aAA0W000000h74o","address":"270 N State St","oz":"N"},"geometry":{"type":"Point","coordinates":[-88.291256,42.041101]}},{"type":"Feature","properties":{"id":"aAA0W000000hGI1","address":"223 National St","hd_name":"Elgin National Watch","oz":"N"},"geometry":{"type":"Point","coordinates":[-88.27519,42.03092]}},{"type":"Feature","properties":{"id":"aAA0W000000h4C4","address":"220 Dexter Ave Unit 1","oz":"N"},"geometry":{"type":"Point","coordinates":[-88.28155,42.039687]}},{"type":"Feature","properties":{"id":"aAA0W000000h4C5","address":"220 Dexter Ave Unit 2","oz":"N"},"geometry":{"type":"Point","coordinates":[-88.28155,42.039707]}},{"type":"Feature","properties":{"id":"aAA0W000000h4C6","address":"220 Dexter Ave Unit 3","oz":"N"},"geometry":{"type":"Point","coordinates":[-88.281551,42.039727]}},{"type":"Feature","properties":{"id":"aAA0W000000h4C7","address":"220 Dexter Ave Unit 4","oz":"N"},"geometry":{"type":"Point","coordinates":[-88.281551,42.039748]}},{"type":"Feature","properties":{"id":"aAA0W000000h4C8","address":"122 N Spring St Unit 1","oz":"N"},"geometry":{"type":"Point","coordinates":[-88.282811,42.03946]}},{"type":"Feature","properties":{"id":"aAA0W000000h4C9","address":"122 N Spring St Unit 2","oz":"N"},"geometry":{"type":"Point","coordinates":[-88.282786,42.039461]}},{"type":"Feature","properties":{"id":"aAA0W000000hB1y","address":"122 N Spring St Unit 3","oz":"N"},"geometry":{"type":"Point","coordinates":[-88.282759,42.039461]}},{"type":"Feature","properties":{"id":"aAA0W000000hB1z","address":"122 N Spring St Unit 4","oz":"N"},"geometry":{"type":"Point","coordinates":[-88.282738,42.03946]}},{"type":"Feature","properties":{"id":"aAA0W000000hB20","address":"120 N Spring St Unit 1","oz":"N"},"geometry":{"type":"Point","coordinates":[-88.282773,42.039402]}},{"type":"Feature","properties":{"id":"aAA0W000000hB21","address":"120 N Spring St Unit 2","oz":"N"},"geometry":{"type":"Point","coordinates":[-88.282754,42.039402]}},{"type":"Feature","properties":{"id":"aAA0W000000hB22","address":"120 N Spring St Unit 3","oz":"N"},"geometry":{"type":"Point","coordinates":[-88.282725,42.039402]}},{"type":"Feature","properties":{"id":"aAA0W000000h4YX","address":"112 N Spring St Unit 1","oz":"N"},"geometry":{"type":"Point","coordinates":[-88.282751,42.039171]}},{"type":"Feature","properties":{"id":"aAA0W000000hAuf","address":"112 N Spring St Unit 2","oz":"N"},"geometry":{"type":"Point","coordinates":[-88.282721,42.039171]}},{"type":"Feature","properties":{"id":"aAA0W000000hAug","address":"112 N Spring St Unit 3","oz":"N"},"geometry":{"type":"Point","coordinates":[-88.28268,42.039168]}},{"type":"Feature","properties":{"id":"aAA0W000000hAuh","address":"112 N Spring St Unit 4","oz":"N"},"geometry":{"type":"Point","coordinates":[-88.282675,42.039183]}},{"type":"Feature","properties":{"id":"aAA0W000000hAui","address":"112 N Spring St Unit 5","oz":"N"},"geometry":{"type":"Point","coordinates":[-88.282721,42.039185]}},{"type":"Feature","properties":{"id":"aAA0W000000h6lv","address":"114 N Spring St Unit 1","oz":"N"},"geometry":{"type":"Point","coordinates":[-88.282741,42.039229]}},{"type":"Feature","properties":{"id":"aAA0W000000h6lw","address":"114 N Spring St Unit 2","oz":"N"},"geometry":{"type":"Point","coordinates":[-88.282703,42.03923]}},{"type":"Feature","properties":{"id":"aAA0W000000h6lx","address":"114 N Spring St Unit 3","oz":"N"},"geometry":{"type":"Point","coordinates":[-88.282667,42.03923]}},{"type":"Feature","properties":{"id":"aAA0W000000h6ly","address":"114 N Spring St Unit 4","oz":"N"},"geometry":{"type":"Point","coordinates":[-88.2827,42.039211]}},{"type":"Feature","properties":{"id":"aAA0W000000h6lz","address":"114 N Spring St Unit 5","oz":"N"},"geometry":{"type":"Point","coordinates":[-88.282736,42.039207]}},{"type":"Feature","properties":{"id":"aAA0W000000hCR1","address":"118 Center St Unit 3","oz":"N"},"geometry":{"type":"Point","coordinates":[-88.281281,42.039404]}},{"type":"Feature","properties":{"id":"aAA0W000000hCR2","address":"118 Center St Unit 4","oz":"N"},"geometry":{"type":"Point","coordinates":[-88.281244,42.039406]}},{"type":"Feature","properties":{"id":"aAA0W000000hCR3","address":"118 Center St Unit 5","oz":"N"},"geometry":{"type":"Point","coordinates":[-88.281327,42.039461]}},{"type":"Feature","properties":{"id":"aAA0W000000hB2C","address":"268 Douglas Ave Unit 1","hd_name":"Spring-Douglas","oz":"N"},"geometry":{"type":"Point","coordinates":[-88.284349,42.04242]}},{"type":"Feature","properties":{"id":"aAA0W000000hB2D","address":"268 Douglas Ave Unit 2","hd_name":"Spring-Douglas","oz":"N"},"geometry":{"type":"Point","coordinates":[-88.284254,42.042421]}},{"type":"Feature","properties":{"id":"aAA0W000000hIaW","address":"268 Douglas Ave Unit 3","hd_name":"Spring-Douglas","oz":"N"},"geometry":{"type":"Point","coordinates":[-88.284348,42.042457]}},{"type":"Feature","properties":{"id":"aAA0W000000hIaX","address":"268 Douglas Ave Unit 4","hd_name":"Spring-Douglas","oz":"N"},"geometry":{"type":"Point","coordinates":[-88.284258,42.042462]}},{"type":"Feature","properties":{"id":"aAA0W000000hIaY","address":"268 Douglas Ave Unit 5","hd_name":"Spring-Douglas","oz":"N"},"geometry":{"type":"Point","coordinates":[-88.284333,42.042488]}},{"type":"Feature","properties":{"id":"aAA0W000000hIaZ","address":"268 Douglas Ave Unit 6","hd_name":"Spring-Douglas","oz":"N"},"geometry":{"type":"Point","coordinates":[-88.284255,42.042489]}},{"type":"Feature","properties":{"id":"aAA0W000000hEjA","address":"292 Villa St Unit 1","hd_name":"Elgin National Watch","oz":"N"},"geometry":{"type":"Point","coordinates":[-88.274136,42.031984]}},{"type":"Feature","properties":{"id":"aAA0W000000hEjB","address":"292 Villa St Unit 2","hd_name":"Elgin National Watch","oz":"N"},"geometry":{"type":"Point","coordinates":[-88.274085,42.031962]}},{"type":"Feature","properties":{"id":"aAA0W000000hEjC","address":"292 Villa St Unit 3","hd_name":"Elgin National Watch","oz":"N"},"geometry":{"type":"Point","coordinates":[-88.274184,42.031942]}},{"type":"Feature","properties":{"id":"aAA0W000000hEjD","address":"292 Villa St Unit 4","hd_name":"Elgin National Watch","oz":"N"},"geometry":{"type":"Point","coordinates":[-88.274124,42.031911]}},{"type":"Feature","properties":{"id":"aAA0W000000hEjE","address":"292 Villa St Unit 5","hd_name":"Elgin National Watch","oz":"N"},"geometry":{"type":"Point","coordinates":[-88.274202,42.031886]}},{"type":"Feature","properties":{"id":"aAA0W000000hEjF","address":"292 Villa St Unit 6","hd_name":"Elgin National Watch","oz":"N"},"geometry":{"type":"Point","coordinates":[-88.27416,42.031862]}},{"type":"Feature","properties":{"id":"aAA0W000000hFh8","address":"342 Raymond St Unit 1","hd_name":"Elgin National Watch","oz":"N"},"geometry":{"type":"Point","coordinates":[-88.274491,42.029965]}},{"type":"Feature","properties":{"id":"aAA0W000000hFhB","address":"344 Raymond St Unit 1","hd_name":"Elgin National Watch","oz":"N"},"geometry":{"type":"Point","coordinates":[-88.274473,42.029935]}},{"type":"Feature","properties":{"id":"aAA0W000000hFh9","address":"342 Raymond St Unit 2","hd_name":"Elgin National Watch","oz":"N"},"geometry":{"type":"Point","coordinates":[-88.274436,42.029979]}},{"type":"Feature","properties":{"id":"aAA0W000000hFhC","address":"344 Raymond St Unit 2","hd_name":"Elgin National Watch","oz":"N"},"geometry":{"type":"Point","coordinates":[-88.274424,42.029951]}},{"type":"Feature","properties":{"id":"aAA0W000000hFhA","address":"342 Raymond St Unit 3","hd_name":"Elgin National Watch","oz":"N"},"geometry":{"type":"Point","coordinates":[-88.274392,42.02998]}},{"type":"Feature","properties":{"id":"aAA0W000000hGBU","address":"288 Villa St Unit 1","hd_name":"Elgin National Watch","oz":"N"},"geometry":{"type":"Point","coordinates":[-88.274302,42.032068]}},{"type":"Feature","properties":{"id":"aAA0W000000hGBV","address":"288 Villa St Unit 2","hd_name":"Elgin National Watch","oz":"N"},"geometry":{"type":"Point","coordinates":[-88.274239,42.032046]}},{"type":"Feature","properties":{"id":"aAA0W000000hGBW","address":"288 Villa St Unit 3","hd_name":"Elgin National Watch","oz":"N"},"geometry":{"type":"Point","coordinates":[-88.274334,42.032043]}},{"type":"Feature","properties":{"id":"aAA0W000000hEiU","address":"288 Villa St Unit 4","hd_name":"Elgin National Watch","oz":"N"},"geometry":{"type":"Point","coordinates":[-88.27426,42.032008]}},{"type":"Feature","properties":{"id":"aAA0W000000hEiV","address":"288 Villa St Unit 5","hd_name":"Elgin National Watch","oz":"N"},"geometry":{"type":"Point","coordinates":[-88.274321,42.031996]}},{"type":"Feature","properties":{"id":"aAA0W000000hEiW","address":"211 Michigan St Unit 1","hd_name":"Elgin National Watch","oz":"N"},"geometry":{"type":"Point","coordinates":[-88.277966,42.033271]}},{"type":"Feature","properties":{"id":"aAA0W000000hEiX","address":"211 Michigan St Unit 2","hd_name":"Elgin National Watch","oz":"N"},"geometry":{"type":"Point","coordinates":[-88.277932,42.033256]}},{"type":"Feature","properties":{"id":"aAA0W000000hEiY","address":"211 Michigan St Unit 3","hd_name":"Elgin National Watch","oz":"N"},"geometry":{"type":"Point","coordinates":[-88.277898,42.033248]}},{"type":"Feature","properties":{"id":"aAA0W000000hEiZ","address":"211 Michigan St Unit 4","hd_name":"Elgin National Watch","oz":"N"},"geometry":{"type":"Point","coordinates":[-88.278003,42.033224]}},{"type":"Feature","properties":{"id":"aAA0W000000h3zN","address":"326 Raymond St Unit Lower","hd_name":"Elgin National Watch","oz":"N"},"geometry":{"type":"Point","coordinates":[-88.27503,42.030306]}},{"type":"Feature","properties":{"id":"aAA0W000000h3zO","address":"326 Raymond St Unit Upper","hd_name":"Elgin National Watch","oz":"N"},"geometry":{"type":"Point","coordinates":[-88.274957,42.030335]}},{"type":"Feature","properties":{"id":"aAA0W000000hFhH","address":"334 Raymond St Unit 2","hd_name":"Elgin National Watch","oz":"N"},"geometry":{"type":"Point","coordinates":[-88.274638,42.030178]}},{"type":"Feature","properties":{"id":"aAA0W000000hFhI","address":"334 Raymond St Unit 3","hd_name":"Elgin National Watch","oz":"N"},"geometry":{"type":"Point","coordinates":[-88.274622,42.030154]}},{"type":"Feature","properties":{"id":"aAA0W000000h3zP","address":"330 Raymond St Unit 1E","hd_name":"Elgin National Watch","oz":"N"},"geometry":{"type":"Point","coordinates":[-88.274889,42.030141]}},{"type":"Feature","properties":{"id":"aAA0W000000h3zQ","address":"330 Raymond St Unit 1W","hd_name":"Elgin National Watch","oz":"N"},"geometry":{"type":"Point","coordinates":[-88.274831,42.030143]}},{"type":"Feature","properties":{"id":"aAA0W000000h3zR","address":"330 Raymond St Unit 2E","hd_name":"Elgin National Watch","oz":"N"},"geometry":{"type":"Point","coordinates":[-88.27489,42.030093]}},{"type":"Feature","properties":{"id":"aAA0W000000h3zS","address":"330 Raymond St Unit 2W","hd_name":"Elgin National Watch","oz":"N"},"geometry":{"type":"Point","coordinates":[-88.274824,42.030095]}},{"type":"Feature","properties":{"id":"aAA0W000000h3zT","address":"332 Raymond St Unit 1","hd_name":"Elgin National Watch","oz":"N"},"geometry":{"type":"Point","coordinates":[-88.274733,42.030165]}},{"type":"Feature","properties":{"id":"aAA0W000000h4SS","address":"332 Raymond St Unit 2","hd_name":"Elgin National Watch","oz":"N"},"geometry":{"type":"Point","coordinates":[-88.274693,42.030167]}},{"type":"Feature","properties":{"id":"aAA0W000000hFFy","address":"25 Daniels Ave Unit 1","oz":"N"},"geometry":{"type":"Point","coordinates":[-88.287942,42.04748]}},{"type":"Feature","properties":{"id":"aAA0W000000h8aT","address":"25 Daniels Ave Unit 2","oz":"N"},"geometry":{"type":"Point","coordinates":[-88.287948,42.047427]}},{"type":"Feature","properties":{"id":"aAA0W000000h8aU","address":"25 Daniels Ave Unit 3","oz":"N"},"geometry":{"type":"Point","coordinates":[-88.287948,42.047377]}},{"type":"Feature","properties":{"id":"aAA0W000000hEil","address":"317 Park St Unit 1","hd_name":"Elgin","oz":"N"},"geometry":{"type":"Point","coordinates":[-88.279306,42.040617]}},{"type":"Feature","properties":{"id":"aAA0W000000hEim","address":"317 Park St Unit 2","hd_name":"Elgin","oz":"N"},"geometry":{"type":"Point","coordinates":[-88.279235,42.040619]}},{"type":"Feature","properties":{"id":"aAA0W000000hEin","address":"317 Park St Unit 3","hd_name":"Elgin","oz":"N"},"geometry":{"type":"Point","coordinates":[-88.279271,42.040597]}},{"type":"Feature","properties":{"id":"aAA0W000000h6ZG","address":"317 Park St Unit 4","hd_name":"Elgin","oz":"N"},"geometry":{"type":"Point","coordinates":[-88.279312,42.040543]}},{"type":"Feature","properties":{"id":"aAA0W000000h6ZH","address":"317 Park St Unit 5","hd_name":"Elgin","oz":"N"},"geometry":{"type":"Point","coordinates":[-88.279236,42.040546]}},{"type":"Feature","properties":{"id":"aAA0W000000h6ZI","address":"271 North St Unit Lwr East","hd_name":"Elgin","oz":"N"},"geometry":{"type":"Point","coordinates":[-88.280147,42.039954]}},{"type":"Feature","properties":{"id":"aAA0W000000h6ZJ","address":"271 North St Unit Lwr West","hd_name":"Elgin","oz":"N"},"geometry":{"type":"Point","coordinates":[-88.280097,42.039958]}},{"type":"Feature","properties":{"id":"aAA0W000000h6ZK","address":"271 North St Unit Up East","hd_name":"Elgin","oz":"N"},"geometry":{"type":"Point","coordinates":[-88.280147,42.039896]}},{"type":"Feature","properties":{"id":"aAA0W000000h6ZL","address":"271 North St Unit Up West","hd_name":"Elgin","oz":"N"},"geometry":{"type":"Point","coordinates":[-88.280114,42.039901]}},{"type":"Feature","properties":{"id":"aAA0W000000h6ZM","address":"119 Tennyson Ct Unit 1","hd_name":"Elgin","oz":"N"},"geometry":{"type":"Point","coordinates":[-88.278735,42.039469]}},{"type":"Feature","properties":{"id":"aAA0W000000h6ZN","address":"119 Tennyson Ct Unit 2","hd_name":"Elgin","oz":"N"},"geometry":{"type":"Point","coordinates":[-88.278602,42.039468]}},{"type":"Feature","properties":{"id":"aAA0W000000h6ZO","address":"119 Tennyson Ct Unit 3","hd_name":"Elgin","oz":"N"},"geometry":{"type":"Point","coordinates":[-88.278753,42.039378]}},{"type":"Feature","properties":{"id":"aAA0W000000h6ZQ","address":"140 College St Unit 1","hd_name":"Elgin","oz":"N"},"geometry":{"type":"Point","coordinates":[-88.278053,42.039996]}},{"type":"Feature","properties":{"id":"aAA0W000000h3yl","address":"140 College St Unit 2","hd_name":"Elgin","oz":"N"},"geometry":{"type":"Point","coordinates":[-88.278001,42.039997]}},{"type":"Feature","properties":{"id":"aAA0W000000h3ym","address":"140 College St Unit 3","hd_name":"Elgin","oz":"N"},"geometry":{"type":"Point","coordinates":[-88.278083,42.039935]}},{"type":"Feature","properties":{"id":"aAA0W000000h3yn","address":"140 College St Unit 4","hd_name":"Elgin","oz":"N"},"geometry":{"type":"Point","coordinates":[-88.277986,42.039935]}},{"type":"Feature","properties":{"id":"aAA0W000000h3yo","address":"116 College St Unit 1","hd_name":"Elgin","oz":"N"},"geometry":{"type":"Point","coordinates":[-88.278192,42.039474]}},{"type":"Feature","properties":{"id":"aAA0W000000h3yp","address":"116 College St Unit 2","hd_name":"Elgin","oz":"N"},"geometry":{"type":"Point","coordinates":[-88.278073,42.039479]}},{"type":"Feature","properties":{"id":"aAA0W000000h3yq","address":"116 College St Unit 3","hd_name":"Elgin","oz":"N"},"geometry":{"type":"Point","coordinates":[-88.278193,42.039437]}},{"type":"Feature","properties":{"id":"aAA0W000000h3yr","address":"116 College St Unit 4","hd_name":"Elgin","oz":"N"},"geometry":{"type":"Point","coordinates":[-88.278093,42.039438]}},{"type":"Feature","properties":{"id":"aAA0W000000h8U0","address":"169 Ann St Unit 1","hd_name":"Spring-Douglas","oz":"N"},"geometry":{"type":"Point","coordinates":[-88.283131,42.043628]}},{"type":"Feature","properties":{"id":"aAA0W000000h8U1","address":"169 Ann St Unit 2","hd_name":"Spring-Douglas","oz":"N"},"geometry":{"type":"Point","coordinates":[-88.283128,42.043574]}},{"type":"Feature","properties":{"id":"aAA0W000000h8U2","address":"171 Ann St Unit 1","hd_name":"Spring-Douglas","oz":"N"},"geometry":{"type":"Point","coordinates":[-88.283051,42.043633]}},{"type":"Feature","properties":{"id":"aAA0W000000h8U3","address":"171 Ann St Unit 2","hd_name":"Spring-Douglas","oz":"N"},"geometry":{"type":"Point","coordinates":[-88.283049,42.043573]}},{"type":"Feature","properties":{"id":"aAA0W000000h8U4","address":"319 Brook St Unit 1","oz":"N"},"geometry":{"type":"Point","coordinates":[-88.285167,42.043571]}},{"type":"Feature","properties":{"id":"aAA0W000000h8U5","address":"319 Brook St Unit 2","oz":"N"},"geometry":{"type":"Point","coordinates":[-88.285082,42.043574]}},{"type":"Feature","properties":{"id":"aAA0W000000h8U6","address":"319 Brook St Unit 3","oz":"N"},"geometry":{"type":"Point","coordinates":[-88.285156,42.043536]}},{"type":"Feature","properties":{"id":"aAA0W000000h8U7","address":"319 Brook St Unit 4","oz":"N"},"geometry":{"type":"Point","coordinates":[-88.285066,42.043542]}},{"type":"Feature","properties":{"id":"aAA0W000000h8U8","address":"319 Brook St Unit 5","oz":"N"},"geometry":{"type":"Point","coordinates":[-88.285119,42.043496]}},{"type":"Feature","properties":{"id":"aAA0W000000h8h5","address":"269 Raymond St Unit 1","hd_name":"Elgin National Watch","oz":"N"},"geometry":{"type":"Point","coordinates":[-88.275684,42.031956]}},{"type":"Feature","properties":{"id":"aAA0W000000h8h6","address":"269 Raymond St Unit 2","hd_name":"Elgin National Watch","oz":"N"},"geometry":{"type":"Point","coordinates":[-88.27559,42.032012]}},{"type":"Feature","properties":{"id":"aAA0W000000h8h7","address":"271 Raymond St Unit 1","hd_name":"Elgin National Watch","oz":"N"},"geometry":{"type":"Point","coordinates":[-88.275637,42.031916]}},{"type":"Feature","properties":{"id":"aAA0W000000h8q8","address":"271 Raymond St Unit 2","hd_name":"Elgin National Watch","oz":"N"},"geometry":{"type":"Point","coordinates":[-88.275546,42.031971]}},{"type":"Feature","properties":{"id":"aAA0W000000hEje","address":"628 Wellington Ave Unit 1","oz":"N"},"geometry":{"type":"Point","coordinates":[-88.274145,42.023243]}},{"type":"Feature","properties":{"id":"aAA0W000000hEjf","address":"628 Wellington Ave Unit 2","oz":"N"},"geometry":{"type":"Point","coordinates":[-88.274147,42.023205]}},{"type":"Feature","properties":{"id":"aAA0W000000hEjg","address":"628 Wellington Ave Unit 3","oz":"N"},"geometry":{"type":"Point","coordinates":[-88.274081,42.023195]}},{"type":"Feature","properties":{"id":"aAA0W000000hFTj","address":"271 Lessenden Pl Unit A","hd_name":"Elgin National Watch","oz":"N"},"geometry":{"type":"Point","coordinates":[-88.274986,42.025532]}},{"type":"Feature","properties":{"id":"aAA0W000000hFTk","address":"271 Lessenden Pl Unit B","hd_name":"Elgin National Watch","oz":"N"},"geometry":{"type":"Point","coordinates":[-88.274909,42.02554]}},{"type":"Feature","properties":{"id":"aAA0W000000hFTl","address":"271 Lessenden Pl Unit C","hd_name":"Elgin National Watch","oz":"N"},"geometry":{"type":"Point","coordinates":[-88.274938,42.025471]}},{"type":"Feature","properties":{"id":"aAA0W000000h3ZN","address":"47 Julian Pl Unit Lower Front","oz":"N"},"geometry":{"type":"Point","coordinates":[-88.287129,42.048673]}},{"type":"Feature","properties":{"id":"aAA0W000000h3ZO","address":"47 Julian Pl Unit Lower Rear","oz":"N"},"geometry":{"type":"Point","coordinates":[-88.287072,42.048669]}},{"type":"Feature","properties":{"id":"aAA0W000000h3ZP","address":"47 Julian Pl Unit Upper","oz":"N"},"geometry":{"type":"Point","coordinates":[-88.287012,42.048683]}},{"type":"Feature","properties":{"id":"aAA0W000000hFJ4","address":"114 Cherry St Unit 1","oz":"N"},"geometry":{"type":"Point","coordinates":[-88.284685,42.044881]}},{"type":"Feature","properties":{"id":"aAA0W000000hFJ5","address":"114 Cherry St Unit 2","oz":"N"},"geometry":{"type":"Point","coordinates":[-88.284685,42.044821]}},{"type":"Feature","properties":{"id":"aAA0W000000h6cP","address":"114 Cherry St Unit 3","oz":"N"},"geometry":{"type":"Point","coordinates":[-88.284642,42.044778]}},{"type":"Feature","properties":{"id":"aAA0W000000h74p","address":"282 National St","hd_name":"Elgin National Watch","oz":"N"},"geometry":{"type":"Point","coordinates":[-88.273938,42.031822]}},{"type":"Feature","properties":{"id":"aAA0W000000h74q","address":"296 Villa St Unit Lower","hd_name":"Elgin National Watch","oz":"N"},"geometry":{"type":"Point","coordinates":[-88.273888,42.031892]}},{"type":"Feature","properties":{"id":"aAA0W000000h74r","address":"296 Villa St Unit Upper","hd_name":"Elgin National Watch","oz":"N"},"geometry":{"type":"Point","coordinates":[-88.273938,42.031911]}},{"type":"Feature","properties":{"id":"aAA0W000000h77f","address":"268 National St Unit 1","hd_name":"Elgin National Watch","oz":"N"},"geometry":{"type":"Point","coordinates":[-88.274594,42.031699]}},{"type":"Feature","properties":{"id":"aAA0W000000h77g","address":"268 National St Unit 2E","hd_name":"Elgin National Watch","oz":"N"},"geometry":{"type":"Point","coordinates":[-88.274557,42.031651]}},{"type":"Feature","properties":{"id":"aAA0W000000h77h","address":"268 National St Unit 2W","hd_name":"Elgin National Watch","oz":"N"},"geometry":{"type":"Point","coordinates":[-88.274489,42.031647]}},{"type":"Feature","properties":{"id":"aAA0W000000hFTr","address":"107 Tennyson Ct Unit Upper","hd_name":"Elgin","oz":"N"},"geometry":{"type":"Point","coordinates":[-88.278712,42.038991]}},{"type":"Feature","properties":{"id":"aAA0W000000hFTs","address":"107 Tennyson Ct Unit Right","hd_name":"Elgin","oz":"N"},"geometry":{"type":"Point","coordinates":[-88.278638,42.038991]}},{"type":"Feature","properties":{"id":"aAA0W000000hFTt","address":"117 Tennyson Ct Unit 1","hd_name":"Elgin","oz":"N"},"geometry":{"type":"Point","coordinates":[-88.278622,42.039291]}},{"type":"Feature","properties":{"id":"aAA0W000000hFTu","address":"117 Tennyson Ct Unit 2","hd_name":"Elgin","oz":"N"},"geometry":{"type":"Point","coordinates":[-88.27867,42.039267]}},{"type":"Feature","properties":{"id":"aAA0W000000hFTv","address":"117 Tennyson Ct Unit 3","hd_name":"Elgin","oz":"N"},"geometry":{"type":"Point","coordinates":[-88.278667,42.039205]}},{"type":"Feature","properties":{"id":"aAA0W000000hFTz","address":"132 College St Unit B","hd_name":"Elgin","oz":"N"},"geometry":{"type":"Point","coordinates":[-88.278057,42.039789]}},{"type":"Feature","properties":{"id":"aAA0W000000h7xE","address":"351 Brook St Unit 1","oz":"N"},"geometry":{"type":"Point","coordinates":[-88.285186,42.043939]}},{"type":"Feature","properties":{"id":"aAA0W000000h7xF","address":"351 Brook St Unit 2","oz":"N"},"geometry":{"type":"Point","coordinates":[-88.285099,42.04394]}},{"type":"Feature","properties":{"id":"aAA0W000000h7xG","address":"351 Brook St Unit 3","oz":"N"},"geometry":{"type":"Point","coordinates":[-88.285133,42.043879]}},{"type":"Feature","properties":{"id":"aAA0W000000h8sg","address":"159 Ann St","hd_name":"Spring-Douglas","oz":"N"},"geometry":{"type":"Point","coordinates":[-88.283648,42.043632]}},{"type":"Feature","properties":{"id":"aAA0W000000h7xH","address":"321 Douglas Ave Unit 1","hd_name":"Spring-Douglas","oz":"N"},"geometry":{"type":"Point","coordinates":[-88.283719,42.043619]}},{"type":"Feature","properties":{"id":"aAA0W000000h7xI","address":"321 Douglas Ave Unit 2","hd_name":"Spring-Douglas","oz":"N"},"geometry":{"type":"Point","coordinates":[-88.28372,42.04358]}},{"type":"Feature","properties":{"id":"aAA0W000000hIW4","address":"6 S Geneva St","hd_name":"Elgin","oz":"N"},"geometry":{"type":"Point","coordinates":[-88.279823,42.036971]}},{"type":"Feature","properties":{"id":"aAA0W000000hFU4","address":"103 Standish Ct Unit Left","oz":"N"},"geometry":{"type":"Point","coordinates":[-88.282524,42.03023]}},{"type":"Feature","properties":{"id":"aAA0W000000hFU5","address":"103 Standish Ct Unit Right","oz":"N"},"geometry":{"type":"Point","coordinates":[-88.282467,42.03025]}},{"type":"Feature","properties":{"id":"aAA0W000000hFU6","address":"20 National St Unit 1","oz":"N"},"geometry":{"type":"Point","coordinates":[-88.282237,42.02957]}},{"type":"Feature","properties":{"id":"aAA0W000000hFU7","address":"20 National St Unit 2","oz":"N"},"geometry":{"type":"Point","coordinates":[-88.282179,42.02951]}},{"type":"Feature","properties":{"id":"aAA0W000000h3U4","address":"40 National St Unit Lower","oz":"N"},"geometry":{"type":"Point","coordinates":[-88.282033,42.029667]}},{"type":"Feature","properties":{"id":"aAA0W000000h3U5","address":"40 National St Unit Upper","oz":"N"},"geometry":{"type":"Point","coordinates":[-88.28199,42.029615]}},{"type":"Feature","properties":{"id":"aAA0W000000hISj","address":"51 S Spring St Unit 101A","oz":"N"},"geometry":{"type":"Point","coordinates":[-88.282007,42.035674]}},{"type":"Feature","properties":{"id":"aAA0W000000h4pV","address":"51 S Spring St Unit 101B","oz":"N"},"geometry":{"type":"Point","coordinates":[-88.282108,42.035674]}},{"type":"Feature","properties":{"id":"aAA0W000000h5hd","address":"312 North St Unit 1","hd_name":"Elgin","oz":"N"},"geometry":{"type":"Point","coordinates":[-88.278967,42.04034]}},{"type":"Feature","properties":{"id":"aAA0W000000h89M","address":"312 North St Unit 2","hd_name":"Elgin","oz":"N"},"geometry":{"type":"Point","coordinates":[-88.278944,42.040283]}},{"type":"Feature","properties":{"id":"aAA0W000000h89N","address":"318 North St Unit 1","hd_name":"Elgin","oz":"N"},"geometry":{"type":"Point","coordinates":[-88.278704,42.04034]}},{"type":"Feature","properties":{"id":"aAA0W000000h89O","address":"318 North St Unit 2","hd_name":"Elgin","oz":"N"},"geometry":{"type":"Point","coordinates":[-88.278696,42.040276]}},{"type":"Feature","properties":{"id":"aAA0W000000hGNu","address":"265 Brook St Unit Lower","oz":"N"},"geometry":{"type":"Point","coordinates":[-88.285188,42.042385]}},{"type":"Feature","properties":{"id":"aAA0W000000hGNv","address":"265 Brook St Unit Upper","oz":"N"},"geometry":{"type":"Point","coordinates":[-88.28517,42.042339]}},{"type":"Feature","properties":{"id":"aAA0W000000hGNw","address":"420 Brook St Unit Lower","oz":"N"},"geometry":{"type":"Point","coordinates":[-88.285631,42.045403]}},{"type":"Feature","properties":{"id":"aAA0W000000hGNx","address":"420 Brook St Unit Upper","oz":"N"},"geometry":{"type":"Point","coordinates":[-88.285583,42.045366]}},{"type":"Feature","properties":{"id":"aAA0W000000h4Ee","address":"160 Franklin St Unit 1","hd_name":"Spring-Douglas","oz":"N"},"geometry":{"type":"Point","coordinates":[-88.283437,42.043084]}},{"type":"Feature","properties":{"id":"aAA0W000000h4Ef","address":"160 Franklin St Unit 2","hd_name":"Spring-Douglas","oz":"N"},"geometry":{"type":"Point","coordinates":[-88.283429,42.043044]}},{"type":"Feature","properties":{"id":"aAA0W000000h4Eg","address":"162 Franklin St Unit 1","hd_name":"Spring-Douglas","oz":"N"},"geometry":{"type":"Point","coordinates":[-88.283273,42.043068]}},{"type":"Feature","properties":{"id":"aAA0W000000h4Eh","address":"162 Franklin St Unit 2","hd_name":"Spring-Douglas","oz":"N"},"geometry":{"type":"Point","coordinates":[-88.283286,42.043031]}},{"type":"Feature","properties":{"id":"aAA0W000000h5Rq","address":"31 Jefferson Ave Unit Lower","oz":"N"},"geometry":{"type":"Point","coordinates":[-88.287624,42.047947]}},{"type":"Feature","properties":{"id":"aAA0W000000h5Rr","address":"31 Jefferson Ave Unit Upper","oz":"N"},"geometry":{"type":"Point","coordinates":[-88.287635,42.047987]}},{"type":"Feature","properties":{"id":"aAA0W000000hAHm","address":"168 Kimball St","hd_name":"Spring-Douglas","oz":"N"},"geometry":{"type":"Point","coordinates":[-88.283309,42.042051]}},{"type":"Feature","properties":{"id":"aAA0W000000h9uH","address":"22 Jefferson Ave Unit Lower","oz":"N"},"geometry":{"type":"Point","coordinates":[-88.288075,42.048291]}},{"type":"Feature","properties":{"id":"aAA0W000000h9uI","address":"22 Jefferson Ave Unit Upper","oz":"N"},"geometry":{"type":"Point","coordinates":[-88.288084,42.048404]}},{"type":"Feature","properties":{"id":"aAA0W000000h9uO","address":"106 Cherry St Unit Lower","oz":"N"},"geometry":{"type":"Point","coordinates":[-88.284886,42.044851]}},{"type":"Feature","properties":{"id":"aAA0W000000h9uP","address":"106 Cherry St Unit Upper","oz":"N"},"geometry":{"type":"Point","coordinates":[-88.284882,42.044805]}},{"type":"Feature","properties":{"id":"aAA0W000000h9v0","address":"114 Ann St Unit Lower","oz":"N"},"geometry":{"type":"Point","coordinates":[-88.284604,42.043947]}},{"type":"Feature","properties":{"id":"aAA0W000000h9v1","address":"114 Ann St Unit Upper","oz":"N"},"geometry":{"type":"Point","coordinates":[-88.284551,42.043902]}},{"type":"Feature","properties":{"id":"aAA0W000000h9v5","address":"118 Tennyson Ct Unit 1","hd_name":"Elgin","oz":"N"},"geometry":{"type":"Point","coordinates":[-88.279018,42.039234]}},{"type":"Feature","properties":{"id":"aAA0W000000h9v6","address":"118 Tennyson Ct Unit 2","hd_name":"Elgin","oz":"N"},"geometry":{"type":"Point","coordinates":[-88.279016,42.039284]}},{"type":"Feature","properties":{"id":"aAA0W000000h9v9","address":"12 Villa Ct Unit 1","oz":"N"},"geometry":{"type":"Point","coordinates":[-88.281338,42.036819]}},{"type":"Feature","properties":{"id":"aAA0W000000h4vz","address":"12 Villa Ct Unit 2","oz":"N"},"geometry":{"type":"Point","coordinates":[-88.281289,42.036839]}},{"type":"Feature","properties":{"id":"aAA0W000000h5Ev","address":"130 Tennyson Ct Unit Lower","hd_name":"Elgin","oz":"N"},"geometry":{"type":"Point","coordinates":[-88.279117,42.039712]}},{"type":"Feature","properties":{"id":"aAA0W000000h5Ew","address":"130 Tennyson Ct Unit Upper","hd_name":"Elgin","oz":"N"},"geometry":{"type":"Point","coordinates":[-88.279027,42.039708]}},{"type":"Feature","properties":{"id":"aAA0W000000h5SC","address":"172 Villa St Unit Lower","oz":"N"},"geometry":{"type":"Point","coordinates":[-88.278582,42.033824]}},{"type":"Feature","properties":{"id":"aAA0W000000h5SD","address":"172 Villa St Unit Upper","oz":"N"},"geometry":{"type":"Point","coordinates":[-88.278531,42.033903]}},{"type":"Feature","properties":{"id":"aAA0W000000h8Vu","address":"210 Villa St Unit Lower","hd_name":"Elgin National Watch","oz":"N"},"geometry":{"type":"Point","coordinates":[-88.277756,42.03351]}},{"type":"Feature","properties":{"id":"aAA0W000000h8Vv","address":"210 Villa St Unit Upper","hd_name":"Elgin National Watch","oz":"N"},"geometry":{"type":"Point","coordinates":[-88.277714,42.033579]}},{"type":"Feature","properties":{"id":"aAA0W000000h8Vy","address":"22 Daniels Ave Unit Lower","oz":"N"},"geometry":{"type":"Point","coordinates":[-88.288072,42.047729]}},{"type":"Feature","properties":{"id":"aAA0W000000h8Vz","address":"22 Daniels Ave Unit Upper","oz":"N"},"geometry":{"type":"Point","coordinates":[-88.288073,42.047773]}},{"type":"Feature","properties":{"id":"aAA0W000000hCws","address":"226 Mountain St Unit 1","oz":"N"},"geometry":{"type":"Point","coordinates":[-88.289494,42.037757]}},{"type":"Feature","properties":{"id":"aAA0W000000h6O1","address":"226 Mountain St Unit 2","oz":"N"},"geometry":{"type":"Point","coordinates":[-88.289483,42.037806]}},{"type":"Feature","properties":{"id":"aAA0W000000h6O5","address":"246 Villa St Unit Lower","hd_name":"Elgin National Watch","oz":"N"},"geometry":{"type":"Point","coordinates":[-88.276238,42.032825]}},{"type":"Feature","properties":{"id":"aAA0W000000h9CC","address":"246 Villa St Unit Upper","hd_name":"Elgin National Watch","oz":"N"},"geometry":{"type":"Point","coordinates":[-88.276216,42.032885]}},{"type":"Feature","properties":{"id":"aAA0W000000h5F7","address":"263 Raymond St Unit 1","hd_name":"Elgin National Watch","oz":"N"},"geometry":{"type":"Point","coordinates":[-88.275804,42.032123]}},{"type":"Feature","properties":{"id":"aAA0W000000h5F8","address":"263 Raymond St Unit 2","hd_name":"Elgin National Watch","oz":"N"},"geometry":{"type":"Point","coordinates":[-88.275757,42.032156]}},{"type":"Feature","properties":{"id":"aAA0W000000hCji","address":"264 Villa St Unit Lower","hd_name":"Elgin National Watch","oz":"N"},"geometry":{"type":"Point","coordinates":[-88.275337,42.032451]}},{"type":"Feature","properties":{"id":"aAA0W000000hEki","address":"264 Villa St Unit Upper","hd_name":"Elgin National Watch","oz":"N"},"geometry":{"type":"Point","coordinates":[-88.275308,42.032518]}},{"type":"Feature","properties":{"id":"aAA0W000000h5ih","address":"278 Villa St Unit Front","hd_name":"Elgin National Watch","oz":"N"},"geometry":{"type":"Point","coordinates":[-88.274752,42.032244]}},{"type":"Feature","properties":{"id":"aAA0W000000h5ii","address":"278 Villa St Unit Rear","hd_name":"Elgin National Watch","oz":"N"},"geometry":{"type":"Point","coordinates":[-88.274819,42.032157]}},{"type":"Feature","properties":{"id":"aAA0W000000hFzw","address":"275 Raymond St Unit Lower","hd_name":"Elgin National Watch","oz":"N"},"geometry":{"type":"Point","coordinates":[-88.275474,42.031823]}},{"type":"Feature","properties":{"id":"aAA0W000000hGBb","address":"275 Raymond St Unit Upper","hd_name":"Elgin National Watch","oz":"N"},"geometry":{"type":"Point","coordinates":[-88.27541,42.031877]}},{"type":"Feature","properties":{"id":"aAA0W000000h9dm","address":"283 North St Unit 1","hd_name":"Elgin","oz":"N"},"geometry":{"type":"Point","coordinates":[-88.279597,42.039858]}},{"type":"Feature","properties":{"id":"aAA0W000000h9dn","address":"283 North St Unit 2","hd_name":"Elgin","oz":"N"},"geometry":{"type":"Point","coordinates":[-88.279587,42.039936]}},{"type":"Feature","properties":{"id":"aAA0W000000h9do","address":"284 Gifford Pl Unit Lower","hd_name":"Elgin National Watch","oz":"N"},"geometry":{"type":"Point","coordinates":[-88.276382,42.03272]}},{"type":"Feature","properties":{"id":"aAA0W000000h9dp","address":"284 Gifford Pl Unit Upper","hd_name":"Elgin National Watch","oz":"N"},"geometry":{"type":"Point","coordinates":[-88.276297,42.03268]}},{"type":"Feature","properties":{"id":"aAA0W000000h8VK","address":"326 Mountain St","oz":"N"},"geometry":{"type":"Point","coordinates":[-88.290786,42.037305]}},{"type":"Feature","properties":{"id":"aAA0W000000h6dP","address":"510 Wellington Ave Unit North","hd_name":"Elgin National Watch","oz":"N"},"geometry":{"type":"Point","coordinates":[-88.274637,42.02635]}},{"type":"Feature","properties":{"id":"aAA0W000000h6dQ","address":"510 Wellington Ave Unit South","hd_name":"Elgin National Watch","oz":"N"},"geometry":{"type":"Point","coordinates":[-88.274607,42.026283]}},{"type":"Feature","properties":{"id":"aAA0W000000h9eH","address":"58 S Geneva St Unit 1","hd_name":"Elgin","oz":"N"},"geometry":{"type":"Point","coordinates":[-88.279827,42.035888]}},{"type":"Feature","properties":{"id":"aAA0W000000h9eI","address":"58 S Geneva St Unit 2","hd_name":"Elgin","oz":"N"},"geometry":{"type":"Point","coordinates":[-88.279775,42.035911]}},{"type":"Feature","properties":{"id":"aAA0W000000h9jO","address":"600 Wellington Ave Unit Lower","oz":"N"},"geometry":{"type":"Point","coordinates":[-88.27411,42.024165]}},{"type":"Feature","properties":{"id":"aAA0W000000h9jP","address":"600 Wellington Ave Unit Upper","oz":"N"},"geometry":{"type":"Point","coordinates":[-88.274041,42.024167]}},{"type":"Feature","properties":{"id":"aAA0W000000h3lW","address":"606 Mcbride St Unit Lower","oz":"N"},"geometry":{"type":"Point","coordinates":[-88.289363,42.048421]}},{"type":"Feature","properties":{"id":"aAA0W000000h3lX","address":"606 Mcbride St Unit Upper","oz":"N"},"geometry":{"type":"Point","coordinates":[-88.289264,42.048422]}},{"type":"Feature","properties":{"id":"aAA0W000000h5RF","address":"62 S Geneva St Unit Lower","hd_name":"Elgin","oz":"N"},"geometry":{"type":"Point","coordinates":[-88.27983,42.035779]}},{"type":"Feature","properties":{"id":"aAA0W000000h5RG","address":"62 S Geneva St Unit Upper","hd_name":"Elgin","oz":"N"},"geometry":{"type":"Point","coordinates":[-88.279794,42.035816]}},{"type":"Feature","properties":{"id":"aAA0W000000h9eW","address":"69 S Crystal Ave Unit Lower","oz":"Y"},"geometry":{"type":"Point","coordinates":[-88.287205,42.034662]}},{"type":"Feature","properties":{"id":"aAA0W000000h9vP","address":"69 S Crystal Ave Unit Upper","oz":"Y"},"geometry":{"type":"Point","coordinates":[-88.287131,42.034625]}},{"type":"Feature","properties":{"id":"aAA0W000000h77o","address":"9 Slade Ave Unit Lower","hd_name":"DC Cook-Lovell","oz":"N"},"geometry":{"type":"Point","coordinates":[-88.288703,42.053589]}},{"type":"Feature","properties":{"id":"aAA0W000000h7UJ","address":"9 Slade Ave Unit Upper","hd_name":"DC Cook-Lovell","oz":"N"},"geometry":{"type":"Point","coordinates":[-88.288715,42.053557]}},{"type":"Feature","properties":{"id":"aAA0W000000h69r","address":"238 Villa St Unit Lower","hd_name":"Elgin National Watch","oz":"N"},"geometry":{"type":"Point","coordinates":[-88.276535,42.032939]}},{"type":"Feature","properties":{"id":"aAA0W000000h9vG","address":"238 Villa St Unit Upper","hd_name":"Elgin National Watch","oz":"N"},"geometry":{"type":"Point","coordinates":[-88.276492,42.033015]}},{"type":"Feature","properties":{"id":"aAA0W000000hGLP","address":"307 Douglas Ave Unit Lower","hd_name":"Spring-Douglas","oz":"N"},"geometry":{"type":"Point","coordinates":[-88.283688,42.043211]}},{"type":"Feature","properties":{"id":"aAA0W000000hGLQ","address":"307 Douglas Ave Unit Upper","hd_name":"Spring-Douglas","oz":"N"},"geometry":{"type":"Point","coordinates":[-88.2836,42.043199]}},{"type":"Feature","properties":{"id":"aAA0W000000hG0z","address":"35 Lovell St Unit Lower","oz":"N"},"geometry":{"type":"Point","coordinates":[-88.287638,42.049726]}},{"type":"Feature","properties":{"id":"aAA0W000000hG10","address":"35 Lovell St Unit Upper","oz":"N"},"geometry":{"type":"Point","coordinates":[-88.287637,42.049647]}},{"type":"Feature","properties":{"id":"aAA0W000000h8hz","address":"421 Brook St Unit Lower","oz":"N"},"geometry":{"type":"Point","coordinates":[-88.285159,42.045415]}},{"type":"Feature","properties":{"id":"aAA0W000000h8i0","address":"421 Brook St Unit Upper","oz":"N"},"geometry":{"type":"Point","coordinates":[-88.285036,42.045418]}},{"type":"Feature","properties":{"id":"aAA0W000000hG0a","address":"282 Villa St Unit Lower","hd_name":"Elgin National Watch","oz":"N"},"geometry":{"type":"Point","coordinates":[-88.274688,42.032104]}},{"type":"Feature","properties":{"id":"aAA0W000000hG0b","address":"282 Villa St Unit Upper","hd_name":"Elgin National Watch","oz":"N"},"geometry":{"type":"Point","coordinates":[-88.274599,42.03217]}},{"type":"Feature","properties":{"id":"aAA0W000000hIaq","address":"700 N Grove Ave Unit Lower","oz":"N"},"geometry":{"type":"Point","coordinates":[-88.2872,42.050138]}},{"type":"Feature","properties":{"id":"aAA0W000000hIar","address":"700 N Grove Ave Unit Upper","oz":"N"},"geometry":{"type":"Point","coordinates":[-88.287058,42.050093]}},{"type":"Feature","properties":{"id":"aAA0W000000hEj8","address":"110 Ludeka Pl Unit Lower","oz":"N"},"geometry":{"type":"Point","coordinates":[-88.289634,42.038113]}},{"type":"Feature","properties":{"id":"aAA0W000000hEws","address":"110 Ludeka Pl Unit Upper","oz":"N"},"geometry":{"type":"Point","coordinates":[-88.289547,42.038164]}},{"type":"Feature","properties":{"id":"aAA0W000000hG0m","address":"250 Michigan St Unit Lower","hd_name":"Elgin National Watch","oz":"N"},"geometry":{"type":"Point","coordinates":[-88.277388,42.032176]}},{"type":"Feature","properties":{"id":"aAA0W000000hGLu","address":"250 Michigan St Unit Upper","hd_name":"Elgin National Watch","oz":"N"},"geometry":{"type":"Point","coordinates":[-88.277398,42.032159]}},{"type":"Feature","properties":{"id":"aAA0W000000h71e","address":"714 N Grove Ave","oz":"N"},"geometry":{"type":"Point","coordinates":[-88.287156,42.050517]}},{"type":"Feature","properties":{"id":"aAA0W000000h71q","address":"306 North St Unit Lower","hd_name":"Elgin","oz":"N"},"geometry":{"type":"Point","coordinates":[-88.279138,42.040292]}},{"type":"Feature","properties":{"id":"aAA0W000000h71r","address":"306 North St Unit Upper","hd_name":"Elgin","oz":"N"},"geometry":{"type":"Point","coordinates":[-88.279135,42.040214]}},{"type":"Feature","properties":{"id":"aAA0W000000h9O7","address":"636 N Grove Ave Unit Lower","oz":"N"},"geometry":{"type":"Point","coordinates":[-88.287134,42.049344]}},{"type":"Feature","properties":{"id":"aAA0W000000h9O8","address":"636 N Grove Ave Unit Upper","oz":"N"},"geometry":{"type":"Point","coordinates":[-88.287035,42.049351]}},{"type":"Feature","properties":{"id":"aAA0W000000h71z","address":"534 N Grove Ave Unit Lower","oz":"N"},"geometry":{"type":"Point","coordinates":[-88.28716,42.047484]}},{"type":"Feature","properties":{"id":"aAA0W000000h720","address":"534 N Grove Ave Unit Upper","oz":"N"},"geometry":{"type":"Point","coordinates":[-88.287079,42.047469]}},{"type":"Feature","properties":{"id":"aAA0W000000hB2R","address":"30 National St Unit 2","oz":"N"},"geometry":{"type":"Point","coordinates":[-88.282101,42.029593]}},{"type":"Feature","properties":{"id":"aAA0W000000h7x2","address":"373 Brook St Unit 2","oz":"N"},"geometry":{"type":"Point","coordinates":[-88.285053,42.044491]}},{"type":"Feature","properties":{"id":"aAA0W000000h724","address":"278 Douglas Ave Unit 2","hd_name":"Spring-Douglas","oz":"N"},"geometry":{"type":"Point","coordinates":[-88.284398,42.042695]}},{"type":"Feature","properties":{"id":"aAA0W000000hGTB","address":"278 Douglas Ave Unit 3","hd_name":"Spring-Douglas","oz":"N"},"geometry":{"type":"Point","coordinates":[-88.284354,42.042695]}},{"type":"Feature","properties":{"id":"aAA0W000000hC66","address":"279 Douglas Ave Unit 1","hd_name":"Spring-Douglas","oz":"N"},"geometry":{"type":"Point","coordinates":[-88.283717,42.04274]}},{"type":"Feature","properties":{"id":"aAA0W000000hCLb","address":"160 Kimball St Unit 67","hd_name":"Spring-Douglas","oz":"N"},"geometry":{"type":"Point","coordinates":[-88.283429,42.042013]}},{"type":"Feature","properties":{"id":"aAA0W000000hCLe","address":"160 Kimbal St Unit 69","hd_name":"Spring-Douglas","oz":"N"},"geometry":{"type":"Point","coordinates":[-88.283394,42.042013]}},{"type":"Feature","properties":{"id":"aAA0W000000hCLc","address":"160 Kimballst Unit 78","hd_name":"Spring-Douglas","oz":"N"},"geometry":{"type":"Point","coordinates":[-88.283426,42.041955]}},{"type":"Feature","properties":{"id":"aAA0W000000hCLd","address":"160 Kimball St Unit 81","hd_name":"Spring-Douglas","oz":"N"},"geometry":{"type":"Point","coordinates":[-88.283392,42.041953]}},{"type":"Feature","properties":{"id":"aAA0W000000hEcp","address":"251 Douglas Ave","hd_name":"Spring-Douglas","oz":"N"},"geometry":{"type":"Point","coordinates":[-88.283706,42.042038]}},{"type":"Feature","properties":{"id":"aAA0W000000hEcr","address":"253 Douglas Ave","hd_name":"Spring-Douglas","oz":"N"},"geometry":{"type":"Point","coordinates":[-88.283686,42.042007]}},{"type":"Feature","properties":{"id":"aAA0W000000hEcq","address":"255 Douglas Ave","hd_name":"Spring-Douglas","oz":"N"},"geometry":{"type":"Point","coordinates":[-88.283662,42.04204]}},{"type":"Feature","properties":{"id":"aAA0W000000hFID","address":"203 1/2 E Chicago St Unit A","oz":"N"},"geometry":{"type":"Point","coordinates":[-88.282302,42.037123]}},{"type":"Feature","properties":{"id":"aAA0W000000hFIE","address":"203 1/2 E Chicago St Unit B","oz":"N"},"geometry":{"type":"Point","coordinates":[-88.282296,42.037123]}},{"type":"Feature","properties":{"id":"aAA0W000000hGM6","address":"203 1/2 E Chicago St Unit C","oz":"N"},"geometry":{"type":"Point","coordinates":[-88.282302,42.03712]}},{"type":"Feature","properties":{"id":"aAA0W000000hGM7","address":"203 1/2 E Chicago St Unit D","oz":"N"},"geometry":{"type":"Point","coordinates":[-88.282296,42.03712]}},{"type":"Feature","properties":{"id":"aAA0W000000hGM8","address":"203 1/2 E Chicago St Unit E","oz":"N"},"geometry":{"type":"Point","coordinates":[-88.282302,42.037115]}},{"type":"Feature","properties":{"id":"aAA0W000000hGM9","address":"203 1/2 E Chicago St Unit F","oz":"N"},"geometry":{"type":"Point","coordinates":[-88.282294,42.037115]}},{"type":"Feature","properties":{"id":"aAA0W000000hF6e","address":"156 Division St Unit 1A","oz":"N"},"geometry":{"type":"Point","coordinates":[-88.283509,42.039075]}},{"type":"Feature","properties":{"id":"aAA0W000000hF6f","address":"156 Division St Unit 1B","oz":"N"},"geometry":{"type":"Point","coordinates":[-88.283435,42.039077]}},{"type":"Feature","properties":{"id":"aAA0W000000hF6g","address":"156 Division St Unit 1C","oz":"N"},"geometry":{"type":"Point","coordinates":[-88.283513,42.039035]}},{"type":"Feature","properties":{"id":"aAA0W000000hF6h","address":"156 Division St Unit 1D","oz":"N"},"geometry":{"type":"Point","coordinates":[-88.283433,42.039039]}},{"type":"Feature","properties":{"id":"aAA0W000000hF6i","address":"156 Division St Unit 1E","oz":"N"},"geometry":{"type":"Point","coordinates":[-88.283511,42.038989]}},{"type":"Feature","properties":{"id":"aAA0W000000hF6j","address":"156 Division St Unit 1F","oz":"N"},"geometry":{"type":"Point","coordinates":[-88.283429,42.038991]}},{"type":"Feature","properties":{"id":"aAA0W000000hF6k","address":"156 Division St Unit 201","oz":"N"},"geometry":{"type":"Point","coordinates":[-88.283511,42.038961]}},{"type":"Feature","properties":{"id":"aAA0W000000hF6l","address":"156 Division St Unit 202","oz":"N"},"geometry":{"type":"Point","coordinates":[-88.283431,42.038961]}},{"type":"Feature","properties":{"id":"aAA0W000000hF6m","address":"156 Division St Unit 203","oz":"N"},"geometry":{"type":"Point","coordinates":[-88.283511,42.038922]}},{"type":"Feature","properties":{"id":"aAA0W000000hF6n","address":"156 Division St Unit 204","oz":"N"},"geometry":{"type":"Point","coordinates":[-88.283427,42.038922]}},{"type":"Feature","properties":{"id":"aAA0W000000hF6o","address":"156 Division St Unit 205","oz":"N"},"geometry":{"type":"Point","coordinates":[-88.283511,42.038889]}},{"type":"Feature","properties":{"id":"aAA0W000000hF6p","address":"156 Division St Unit 206","oz":"N"},"geometry":{"type":"Point","coordinates":[-88.283425,42.038889]}},{"type":"Feature","properties":{"id":"aAA0W000000h8LR","address":"156 Division St Unit 207","oz":"N"},"geometry":{"type":"Point","coordinates":[-88.283699,42.038935]}},{"type":"Feature","properties":{"id":"aAA0W000000h8LS","address":"156 Division St Unit 208","oz":"N"},"geometry":{"type":"Point","coordinates":[-88.283793,42.038928]}},{"type":"Feature","properties":{"id":"aAA0W000000h8LT","address":"156 Division St Unit 209","oz":"N"},"geometry":{"type":"Point","coordinates":[-88.283782,42.038895]}},{"type":"Feature","properties":{"id":"aAA0W000000h8LU","address":"156 Division St Unit 210","oz":"N"},"geometry":{"type":"Point","coordinates":[-88.283695,42.038898]}},{"type":"Feature","properties":{"id":"aAA0W000000h8LV","address":"156 Division St Unit 211","oz":"N"},"geometry":{"type":"Point","coordinates":[-88.283753,42.038864]}},{"type":"Feature","properties":{"id":"aAA0W000000h8LW","address":"156 Division St Unit 212","oz":"N"},"geometry":{"type":"Point","coordinates":[-88.283676,42.038864]}},{"type":"Feature","properties":{"id":"aAA0W000000h8LX","address":"156 Division St Unit 213","oz":"N"},"geometry":{"type":"Point","coordinates":[-88.283586,42.038861]}},{"type":"Feature","properties":{"id":"aAA0W000000h8LY","address":"156 Division St Unit 301","oz":"N"},"geometry":{"type":"Point","coordinates":[-88.2835,42.038861]}},{"type":"Feature","properties":{"id":"aAA0W000000h8LZ","address":"156 Division St Unit 302","oz":"N"},"geometry":{"type":"Point","coordinates":[-88.283423,42.038861]}},{"type":"Feature","properties":{"id":"aAA0W000000h8La","address":"156 Division St Unit 303","oz":"N"},"geometry":{"type":"Point","coordinates":[-88.283745,42.038827]}},{"type":"Feature","properties":{"id":"aAA0W000000h8Lb","address":"156 Division St Unit 304","oz":"N"},"geometry":{"type":"Point","coordinates":[-88.283667,42.038825]}},{"type":"Feature","properties":{"id":"aAA0W000000h8Lc","address":"156 Division St Unit 305","oz":"N"},"geometry":{"type":"Point","coordinates":[-88.283588,42.038827]}},{"type":"Feature","properties":{"id":"aAA0W000000h7wL","address":"156 Division St Unit 306","oz":"N"},"geometry":{"type":"Point","coordinates":[-88.283508,42.038829]}},{"type":"Feature","properties":{"id":"aAA0W000000h7wM","address":"156 Division St Unit 307","oz":"N"},"geometry":{"type":"Point","coordinates":[-88.283431,42.038829]}},{"type":"Feature","properties":{"id":"aAA0W000000h7wN","address":"156 Division St Unit 308","oz":"N"},"geometry":{"type":"Point","coordinates":[-88.283377,42.038825]}},{"type":"Feature","properties":{"id":"aAA0W000000h8zS","address":"156 Division St Unit 309","oz":"N"},"geometry":{"type":"Point","coordinates":[-88.28372,42.038792]}},{"type":"Feature","properties":{"id":"aAA0W000000h8zT","address":"156 Division St Unit 310","oz":"N"},"geometry":{"type":"Point","coordinates":[-88.283655,42.038789]}},{"type":"Feature","properties":{"id":"aAA0W000000h8zU","address":"156 Division St Unit 311","oz":"N"},"geometry":{"type":"Point","coordinates":[-88.283565,42.038789]}},{"type":"Feature","properties":{"id":"aAA0W000000h8zV","address":"156 Division St Unit 312","oz":"N"},"geometry":{"type":"Point","coordinates":[-88.283492,42.038789]}},{"type":"Feature","properties":{"id":"aAA0W000000h8zX","address":"156 Division St Unit 401","oz":"N"},"geometry":{"type":"Point","coordinates":[-88.283423,42.038789]}},{"type":"Feature","properties":{"id":"aAA0W000000h8zY","address":"156 Division St Unit 402","oz":"N"},"geometry":{"type":"Point","coordinates":[-88.283373,42.038788]}},{"type":"Feature","properties":{"id":"aAA0W000000h8zZ","address":"156 Division St Unit 403","oz":"N"},"geometry":{"type":"Point","coordinates":[-88.283467,42.039047]}},{"type":"Feature","properties":{"id":"aAA0W000000h8za","address":"156 Division St Unit 404","oz":"N"},"geometry":{"type":"Point","coordinates":[-88.283469,42.038994]}},{"type":"Feature","properties":{"id":"aAA0W000000hAqK","address":"156 Division St Unit 405","oz":"N"},"geometry":{"type":"Point","coordinates":[-88.283469,42.038944]}},{"type":"Feature","properties":{"id":"aAA0W000000hAqL","address":"156 Division St Unit 406","oz":"N"},"geometry":{"type":"Point","coordinates":[-88.283467,42.038898]}},{"type":"Feature","properties":{"id":"aAA0W000000hAqM","address":"156 Division St Unit 407","oz":"N"},"geometry":{"type":"Point","coordinates":[-88.283465,42.038805]}},{"type":"Feature","properties":{"id":"aAA0W000000hAqN","address":"156 Division St Unit 408","oz":"N"},"geometry":{"type":"Point","coordinates":[-88.283638,42.038847]}},{"type":"Feature","properties":{"id":"aAA0W000000hAqO","address":"156 Division St Unit 409","oz":"N"},"geometry":{"type":"Point","coordinates":[-88.283548,42.038845]}},{"type":"Feature","properties":{"id":"aAA0W000000hAqP","address":"156 Division St Unit 410","oz":"N"},"geometry":{"type":"Point","coordinates":[-88.28354,42.038808]}},{"type":"Feature","properties":{"id":"aAA0W000000hAqQ","address":"156 Division St Unit 411","oz":"N"},"geometry":{"type":"Point","coordinates":[-88.283619,42.038807]}},{"type":"Feature","properties":{"id":"aAA0W000000hAqR","address":"156 Division St Unit 412","oz":"N"},"geometry":{"type":"Point","coordinates":[-88.283728,42.03889]}},{"type":"Feature","properties":{"id":"aAA0W000000hAqS","address":"156 Division St Unit 413","oz":"N"},"geometry":{"type":"Point","coordinates":[-88.283743,42.038925]}},{"type":"Feature","properties":{"id":"aAA0W000000h8zW","address":"156 Division St Unit 313","oz":"N"},"geometry":{"type":"Point","coordinates":[-88.283523,42.038787]}},{"type":"Feature","properties":{"id":"aAA0W000000hGMA","address":"25 S Grove Ave Unit 305","oz":"N"},"geometry":{"type":"Point","coordinates":[-88.28355,42.03666]}},{"type":"Feature","properties":{"id":"aAA0W000000hFII","address":"217 National St Unit 2","hd_name":"Elgin National Watch","oz":"N"},"geometry":{"type":"Point","coordinates":[-88.275508,42.030855]}},{"type":"Feature","properties":{"id":"aAA0W000000hFIH","address":"217 National St Unit 3","hd_name":"Elgin National Watch","oz":"N"},"geometry":{"type":"Point","coordinates":[-88.275497,42.030841]}},{"type":"Feature","properties":{"id":"aAA0W000000hFIJ","address":"229 National St Unit A","hd_name":"Elgin National Watch","oz":"N"},"geometry":{"type":"Point","coordinates":[-88.275177,42.031003]}},{"type":"Feature","properties":{"id":"aAA0W000000hFDg","address":"229 National St Unit B","hd_name":"Elgin National Watch","oz":"N"},"geometry":{"type":"Point","coordinates":[-88.275158,42.030981]}},{"type":"Feature","properties":{"id":"aAA0W000000hFDh","address":"229 National St Unit C","hd_name":"Elgin National Watch","oz":"N"},"geometry":{"type":"Point","coordinates":[-88.275139,42.030961]}},{"type":"Feature","properties":{"id":"aAA0W000000hFDi","address":"229 National St Unit D","hd_name":"Elgin National Watch","oz":"N"},"geometry":{"type":"Point","coordinates":[-88.27513,42.030948]}},{"type":"Feature","properties":{"id":"aAA0W000000hFDj","address":"221 National St Unit E","hd_name":"Elgin National Watch","oz":"N"},"geometry":{"type":"Point","coordinates":[-88.275349,42.030925]}},{"type":"Feature","properties":{"id":"aAA0W000000hFDk","address":"221 National St Unit F","hd_name":"Elgin National Watch","oz":"N"},"geometry":{"type":"Point","coordinates":[-88.275335,42.030909]}},{"type":"Feature","properties":{"id":"aAA0W000000hFDl","address":"221 National St Unit G","hd_name":"Elgin National Watch","oz":"N"},"geometry":{"type":"Point","coordinates":[-88.275322,42.030894]}},{"type":"Feature","properties":{"id":"aAA0W000000hFDm","address":"221 National St Unit H","hd_name":"Elgin National Watch","oz":"N"},"geometry":{"type":"Point","coordinates":[-88.275315,42.030882]}},{"type":"Feature","properties":{"id":"aAA0W000000hGMG","address":"203 National St Unit B","hd_name":"Elgin National Watch","oz":"N"},"geometry":{"type":"Point","coordinates":[-88.276039,42.030698]}},{"type":"Feature","properties":{"id":"aAA0W000000hGMF","address":"203 National St Unit M","hd_name":"Elgin National Watch","oz":"N"},"geometry":{"type":"Point","coordinates":[-88.276045,42.03071]}},{"type":"Feature","properties":{"id":"aAA0W000000hGMH","address":"205 National St Unit B","hd_name":"Elgin National Watch","oz":"N"},"geometry":{"type":"Point","coordinates":[-88.275962,42.030716]}},{"type":"Feature","properties":{"id":"aAA0W000000hGMI","address":"205 National St Unit M","hd_name":"Elgin National Watch","oz":"N"},"geometry":{"type":"Point","coordinates":[-88.27597,42.030728]}},{"type":"Feature","properties":{"id":"aAA0W000000hGMJ","address":"205 National St Unit T","hd_name":"Elgin National Watch","oz":"N"},"geometry":{"type":"Point","coordinates":[-88.275977,42.030738]}},{"type":"Feature","properties":{"id":"aAA0W000000hGMK","address":"207 National St Unit B","hd_name":"Elgin National Watch","oz":"N"},"geometry":{"type":"Point","coordinates":[-88.275897,42.030741]}},{"type":"Feature","properties":{"id":"aAA0W000000hGML","address":"207 National St Unit M","hd_name":"Elgin National Watch","oz":"N"},"geometry":{"type":"Point","coordinates":[-88.275906,42.030753]}},{"type":"Feature","properties":{"id":"aAA0W000000hGMM","address":"207 National St Unit T","hd_name":"Elgin National Watch","oz":"N"},"geometry":{"type":"Point","coordinates":[-88.275913,42.030763]}},{"type":"Feature","properties":{"id":"aAA0W000000hGMN","address":"209 National St Unit B","hd_name":"Elgin National Watch","oz":"N"},"geometry":{"type":"Point","coordinates":[-88.275829,42.030763]}},{"type":"Feature","properties":{"id":"aAA0W000000hGMO","address":"209 National St Unit M","hd_name":"Elgin National Watch","oz":"N"},"geometry":{"type":"Point","coordinates":[-88.275839,42.030776]}},{"type":"Feature","properties":{"id":"aAA0W000000hGMP","address":"209 National St Unit T","hd_name":"Elgin National Watch","oz":"N"},"geometry":{"type":"Point","coordinates":[-88.275844,42.030785]}},{"type":"Feature","properties":{"id":"aAA0W000000h3Wv","address":"215 National St Unit 1","hd_name":"Elgin National Watch","oz":"N"},"geometry":{"type":"Point","coordinates":[-88.275603,42.030858]}},{"type":"Feature","properties":{"id":"aAA0W000000h3Ww","address":"215 National St Unit 2","hd_name":"Elgin National Watch","oz":"N"},"geometry":{"type":"Point","coordinates":[-88.275576,42.030826]}},{"type":"Feature","properties":{"id":"aAA0W000000h9jW","address":"6 National St Unit Lower","oz":"N"},"geometry":{"type":"Point","coordinates":[-88.282504,42.029339]}},{"type":"Feature","properties":{"id":"aAA0W000000h9jV","address":"6 National St Unit Upper","oz":"N"},"geometry":{"type":"Point","coordinates":[-88.282434,42.029367]}},{"type":"Feature","properties":{"id":"aAA0W000000h3ya","address":"160 Symphony Way Unit 6","oz":"N"},"geometry":{"type":"Point","coordinates":[-88.283342,42.040555]}},{"type":"Feature","properties":{"id":"aAA0W000000h9jX","address":"160 Symphony Way Unit 7","oz":"N"},"geometry":{"type":"Point","coordinates":[-88.283289,42.040555]}},{"type":"Feature","properties":{"id":"aAA0W000000h9gN","address":"160 Symphony Way Unit 8","oz":"N"},"geometry":{"type":"Point","coordinates":[-88.283334,42.040581]}},{"type":"Feature","properties":{"id":"aAA0W000000h9jY","address":"11 N State St Unit Upper","oz":"N"},"geometry":{"type":"Point","coordinates":[-88.287202,42.036942]}},{"type":"Feature","properties":{"id":"aAA0W000000h9jZ","address":"7 N State St Unit Upper","oz":"N"},"geometry":{"type":"Point","coordinates":[-88.287127,42.036841]}},{"type":"Feature","properties":{"id":"aAA0W000000hFIK","address":"17 N State St Unit 1","oz":"N"},"geometry":{"type":"Point","coordinates":[-88.287395,42.037094]}},{"type":"Feature","properties":{"id":"aAA0W000000hFIL","address":"17 N State St Unit 2","oz":"N"},"geometry":{"type":"Point","coordinates":[-88.287357,42.03711]}},{"type":"Feature","properties":{"id":"aAA0W000000hFIM","address":"17 N State St Unit 3","oz":"N"},"geometry":{"type":"Point","coordinates":[-88.28726,42.03715]}},{"type":"Feature","properties":{"id":"aAA0W000000hFIN","address":"17 N State St Unit 4","oz":"N"},"geometry":{"type":"Point","coordinates":[-88.287375,42.03707]}},{"type":"Feature","properties":{"id":"aAA0W000000hFIO","address":"17 N State St Unit 5","oz":"N"},"geometry":{"type":"Point","coordinates":[-88.28733,42.03709]}},{"type":"Feature","properties":{"id":"aAA0W000000hFIP","address":"17 N State St Unit 6","oz":"N"},"geometry":{"type":"Point","coordinates":[-88.287298,42.037108]}},{"type":"Feature","properties":{"id":"aAA0W000000hFIQ","address":"17 N State St Unit 7","oz":"N"},"geometry":{"type":"Point","coordinates":[-88.287245,42.03713]}},{"type":"Feature","properties":{"id":"aAA0W000000hFIR","address":"118 W Chicago St Unit W1","oz":"N"},"geometry":{"type":"Point","coordinates":[-88.287093,42.036785]}},{"type":"Feature","properties":{"id":"aAA0W000000hFIS","address":"118 W Chicago St Unit W2","oz":"N"},"geometry":{"type":"Point","coordinates":[-88.287069,42.036795]}},{"type":"Feature","properties":{"id":"aAA0W000000hFQp","address":"118 W Chicago St Unit W3","oz":"N"},"geometry":{"type":"Point","coordinates":[-88.287075,42.036762]}},{"type":"Feature","properties":{"id":"aAA0W000000hFQq","address":"118 W Chicago St Unit W4","oz":"N"},"geometry":{"type":"Point","coordinates":[-88.287051,42.036772]}},{"type":"Feature","properties":{"id":"aAA0W000000hFQr","address":"118 W Chicago St Unit E1","oz":"N"},"geometry":{"type":"Point","coordinates":[-88.287055,42.036731]}},{"type":"Feature","properties":{"id":"aAA0W000000hGMQ","address":"118 W Chicago St Unit E2","oz":"N"},"geometry":{"type":"Point","coordinates":[-88.287029,42.036744]}},{"type":"Feature","properties":{"id":"aAA0W000000hGMR","address":"118 W Chicago St Unit E3","oz":"N"},"geometry":{"type":"Point","coordinates":[-88.28703,42.036695]}},{"type":"Feature","properties":{"id":"aAA0W000000hGMS","address":"118 W Chicago St Unit E4","oz":"N"},"geometry":{"type":"Point","coordinates":[-88.287002,42.036708]}},{"type":"Feature","properties":{"id":"aAA0W000000hGMT","address":"118 W Chicago St Unit E5","oz":"N"},"geometry":{"type":"Point","coordinates":[-88.287,42.036685]}},{"type":"Feature","properties":{"id":"aAA0W000000hGMU","address":"51 Center St Unit 1","hd_name":"Elgin","oz":"N"},"geometry":{"type":"Point","coordinates":[-88.280884,42.038313]}},{"type":"Feature","properties":{"id":"aAA0W000000hGMV","address":"51 Center St Unit 2","hd_name":"Elgin","oz":"N"},"geometry":{"type":"Point","coordinates":[-88.280799,42.038311]}},{"type":"Feature","properties":{"id":"aAA0W000000hGMW","address":"51 Center St Unit 3","hd_name":"Elgin","oz":"N"},"geometry":{"type":"Point","coordinates":[-88.280706,42.038313]}},{"type":"Feature","properties":{"id":"aAA0W000000hGMX","address":"51 Center St Unit 4","hd_name":"Elgin","oz":"N"},"geometry":{"type":"Point","coordinates":[-88.280884,42.038272]}},{"type":"Feature","properties":{"id":"aAA0W000000hGMY","address":"51 Center St Unit 5","hd_name":"Elgin","oz":"N"},"geometry":{"type":"Point","coordinates":[-88.280794,42.03827]}},{"type":"Feature","properties":{"id":"aAA0W000000hGMZ","address":"51 Center St Unit 6","hd_name":"Elgin","oz":"N"},"geometry":{"type":"Point","coordinates":[-88.280702,42.038273]}},{"type":"Feature","properties":{"id":"aAA0W000000hGMa","address":"13 S Spring St","oz":"N"},"geometry":{"type":"Point","coordinates":[-88.282369,42.036801]}},{"type":"Feature","properties":{"id":"aAA0W000000h9ja","address":"213 1/2 E Chicago St","oz":"N"},"geometry":{"type":"Point","coordinates":[-88.281893,42.037079]}},{"type":"Feature","properties":{"id":"aAA0W000000h9vW","address":"214 E Chicago St Unit 1","oz":"N"},"geometry":{"type":"Point","coordinates":[-88.281832,42.037608]}},{"type":"Feature","properties":{"id":"aAA0W000000h9vX","address":"214 E Chicago St Unit 2","oz":"N"},"geometry":{"type":"Point","coordinates":[-88.281832,42.037579]}},{"type":"Feature","properties":{"id":"aAA0W000000h9vY","address":"214 E Chicago St Unit 3","oz":"N"},"geometry":{"type":"Point","coordinates":[-88.281832,42.037553]}},{"type":"Feature","properties":{"id":"aAA0W000000h9vZ","address":"214 E Chicago St Unit 4","oz":"N"},"geometry":{"type":"Point","coordinates":[-88.281832,42.037526]}},{"type":"Feature","properties":{"id":"aAA0W000000h9va","address":"214 E Chicago St Unit 5","oz":"N"},"geometry":{"type":"Point","coordinates":[-88.281834,42.03749]}},{"type":"Feature","properties":{"id":"aAA0W000000h9vb","address":"8 Douglas Ave Unit Upper","oz":"N"},"geometry":{"type":"Point","coordinates":[-88.284267,42.03758]}},{"type":"Feature","properties":{"id":"aAA0W000000h9vc","address":"162 E Highland Ave Unit A","oz":"N"},"geometry":{"type":"Point","coordinates":[-88.2833,42.038325]}},{"type":"Feature","properties":{"id":"aAA0W000000h9vd","address":"162 E Highland Ave Unit B","oz":"N"},"geometry":{"type":"Point","coordinates":[-88.283301,42.038296]}},{"type":"Feature","properties":{"id":"aAA0W000000hFQs","address":"212 Dupage St Unit A","oz":"N"},"geometry":{"type":"Point","coordinates":[-88.281972,42.036554]}},{"type":"Feature","properties":{"id":"aAA0W000000hFQt","address":"212 Dupage St Unit B","oz":"N"},"geometry":{"type":"Point","coordinates":[-88.281972,42.036506]}},{"type":"Feature","properties":{"id":"aAA0W000000hFQu","address":"212 Dupage St Unit C","oz":"N"},"geometry":{"type":"Point","coordinates":[-88.281976,42.036468]}},{"type":"Feature","properties":{"id":"aAA0W000000h9ve","address":"214 Dupage St Unit D","oz":"N"},"geometry":{"type":"Point","coordinates":[-88.28187,42.036568]}},{"type":"Feature","properties":{"id":"aAA0W000000h9vf","address":"214 Dupage St Unit E","oz":"N"},"geometry":{"type":"Point","coordinates":[-88.28187,42.036535]}},{"type":"Feature","properties":{"id":"aAA0W000000h9vg","address":"214 Dupage St Unit F","oz":"N"},"geometry":{"type":"Point","coordinates":[-88.281869,42.036489]}},{"type":"Feature","properties":{"id":"aAA0W000000h9vh","address":"214 Dupage St Unit G","oz":"N"},"geometry":{"type":"Point","coordinates":[-88.28187,42.036459]}},{"type":"Feature","properties":{"id":"aAA0W000000hA5c","address":"80 National St","oz":"N"},"geometry":{"type":"Point","coordinates":[-88.280497,42.029581]}},{"type":"Feature","properties":{"id":"aAA0W000000hA5k","address":"2 N State St Unit Upper","oz":"Y"},"geometry":{"type":"Point","coordinates":[-88.287561,42.036441]}},{"type":"Feature","properties":{"id":"aAA0W000000hA5l","address":"208 Dexter Ave Unit Lower","oz":"N"},"geometry":{"type":"Point","coordinates":[-88.282086,42.039739]}},{"type":"Feature","properties":{"id":"aAA0W000000hA5m","address":"208 Dexter Ave Unit Upper","oz":"N"},"geometry":{"type":"Point","coordinates":[-88.28209,42.039786]}},{"type":"Feature","properties":{"id":"aAA0W000000hEjj","address":"210 Dexter Ave Unit Lower","oz":"N"},"geometry":{"type":"Point","coordinates":[-88.281998,42.039786]}},{"type":"Feature","properties":{"id":"aAA0W000000hEjk","address":"210 Dexter Ave Unit Upper","oz":"N"},"geometry":{"type":"Point","coordinates":[-88.281995,42.039736]}},{"type":"Feature","properties":{"id":"aAA0W000000hEjl","address":"212 W Chicago St Unit A","oz":"Y"},"geometry":{"type":"Point","coordinates":[-88.288205,42.036489]}},{"type":"Feature","properties":{"id":"aAA0W000000hEjm","address":"212 W Chicago St Unit B","oz":"Y"},"geometry":{"type":"Point","coordinates":[-88.288107,42.036536]}},{"type":"Feature","properties":{"id":"aAA0W000000hAfA","address":"215 E Chicago St Unit Upper","oz":"N"},"geometry":{"type":"Point","coordinates":[-88.281818,42.037099]}},{"type":"Feature","properties":{"id":"aAA0W000000hAfC","address":"223 E Chicago St Unit 1","oz":"N"},"geometry":{"type":"Point","coordinates":[-88.281503,42.037105]}},{"type":"Feature","properties":{"id":"aAA0W000000hAfD","address":"223 E Chicago St Unit 2","oz":"N"},"geometry":{"type":"Point","coordinates":[-88.281503,42.037085]}},{"type":"Feature","properties":{"id":"aAA0W000000hAfE","address":"223 E Chicago St Unit 3","oz":"N"},"geometry":{"type":"Point","coordinates":[-88.281504,42.037063]}},{"type":"Feature","properties":{"id":"aAA0W000000hAfF","address":"223 E Chicago St Unit 4","oz":"N"},"geometry":{"type":"Point","coordinates":[-88.281504,42.037041]}},{"type":"Feature","properties":{"id":"aAA0W000000hAfG","address":"223 E Chicago St Unit 5","oz":"N"},"geometry":{"type":"Point","coordinates":[-88.281503,42.037019]}},{"type":"Feature","properties":{"id":"aAA0W000000hAfH","address":"223 E Chicago St Unit 6","oz":"N"},"geometry":{"type":"Point","coordinates":[-88.281503,42.036994]}},{"type":"Feature","properties":{"id":"aAA0W000000hCQZ","address":"227 E Chicago St Unit 1","oz":"N"},"geometry":{"type":"Point","coordinates":[-88.281317,42.037117]}},{"type":"Feature","properties":{"id":"aAA0W000000hCQa","address":"227 E Chicago St Unit 2","oz":"N"},"geometry":{"type":"Point","coordinates":[-88.281315,42.037102]}},{"type":"Feature","properties":{"id":"aAA0W000000hCQb","address":"227 E Chicago St Unit 3","oz":"N"},"geometry":{"type":"Point","coordinates":[-88.281315,42.037085]}},{"type":"Feature","properties":{"id":"aAA0W000000hCQc","address":"227 E Chicago St Unit 4","oz":"N"},"geometry":{"type":"Point","coordinates":[-88.281314,42.037073]}},{"type":"Feature","properties":{"id":"aAA0W000000hCQd","address":"227 E Chicago St Unit 5","oz":"N"},"geometry":{"type":"Point","coordinates":[-88.281313,42.037058]}},{"type":"Feature","properties":{"id":"aAA0W000000hCQe","address":"227 E Chicago St Unit 6","oz":"N"},"geometry":{"type":"Point","coordinates":[-88.281313,42.037045]}},{"type":"Feature","properties":{"id":"aAA0W000000hCQf","address":"227 E Chicago St Unit 7","oz":"N"},"geometry":{"type":"Point","coordinates":[-88.281315,42.037031]}},{"type":"Feature","properties":{"id":"aAA0W000000hAfL","address":"273 E Chicago St Unit Upper","hd_name":"Elgin","oz":"N"},"geometry":{"type":"Point","coordinates":[-88.279975,42.037048]}},{"type":"Feature","properties":{"id":"aAA0W000000hAfT","address":"63 Villa St Unit Lower","hd_name":"Elgin","oz":"N"},"geometry":{"type":"Point","coordinates":[-88.280473,42.036016]}},{"type":"Feature","properties":{"id":"aAA0W000000hAfU","address":"63 Villa St Unit Upper","hd_name":"Elgin","oz":"N"},"geometry":{"type":"Point","coordinates":[-88.280378,42.03602]}},{"type":"Feature","properties":{"id":"aAA0W000000hAd5","address":"6 N State St Unit Upper West","oz":"Y"},"geometry":{"type":"Point","coordinates":[-88.287724,42.036512]}},{"type":"Feature","properties":{"id":"aAA0W000000hAd4","address":"6 N State St Unit Upper East","oz":"Y"},"geometry":{"type":"Point","coordinates":[-88.287593,42.036564]}},{"type":"Feature","properties":{"id":"aAA0W000000hAQj","address":"68 S Grove Ave","oz":"N"},"geometry":{"type":"Point","coordinates":[-88.283301,42.035558]}},{"type":"Feature","properties":{"id":"aAA0W000000hACW","address":"15 Clock Tower Plz","oz":"N"},"geometry":{"type":"Point","coordinates":[-88.276169,42.028783]}},{"type":"Feature","properties":{"id":"aAA0W000000h4Ei","address":"452 N Grove Ave Unit 1","oz":"N"},"geometry":{"type":"Point","coordinates":[-88.287373,42.045662]}},{"type":"Feature","properties":{"id":"aAA0W000000h4Ej","address":"452 N Grove Ave Unit 2","oz":"N"},"geometry":{"type":"Point","coordinates":[-88.287294,42.04566]}},{"type":"Feature","properties":{"id":"aAA0W000000h4Ek","address":"452 N Grove Ave Unit 3","oz":"N"},"geometry":{"type":"Point","coordinates":[-88.287215,42.045662]}},{"type":"Feature","properties":{"id":"aAA0W000000h4El","address":"452 N Grove Ave Unit 4","oz":"N"},"geometry":{"type":"Point","coordinates":[-88.28712,42.045664]}},{"type":"Feature","properties":{"id":"aAA0W000000h4Em","address":"452 N Grove Ave Unit 5","oz":"N"},"geometry":{"type":"Point","coordinates":[-88.28702,42.045664]}},{"type":"Feature","properties":{"id":"aAA0W000000h4Oj","address":"51 S Spring St Unit 101C","oz":"N"},"geometry":{"type":"Point","coordinates":[-88.282211,42.035673]}},{"type":"Feature","properties":{"id":"aAA0W000000h7vu","address":"51 S Spring St Unit 101D","oz":"N"},"geometry":{"type":"Point","coordinates":[-88.282273,42.0356]}},{"type":"Feature","properties":{"id":"aAA0W000000h4Ol","address":"51 S Spring St Unit 125D","oz":"N"},"geometry":{"type":"Point","coordinates":[-88.282404,42.035623]}},{"type":"Feature","properties":{"id":"aAA0W000000h4Ok","address":"51 S Spring St Unit 125C","oz":"N"},"geometry":{"type":"Point","coordinates":[-88.28241,42.035687]}},{"type":"Feature","properties":{"id":"aAA0W000000h7vv","address":"51 S Spring St Unit 125B","oz":"N"},"geometry":{"type":"Point","coordinates":[-88.28241,42.035958]}},{"type":"Feature","properties":{"id":"aAA0W000000hCTe","address":"260 Villa St Unit Lower","hd_name":"Elgin National Watch","oz":"N"},"geometry":{"type":"Point","coordinates":[-88.275549,42.032513]}},{"type":"Feature","properties":{"id":"aAA0W000000hCTf","address":"260 Villa St Unit Upper","hd_name":"Elgin National Watch","oz":"N"},"geometry":{"type":"Point","coordinates":[-88.275534,42.032536]}},{"type":"Feature","properties":{"id":"aAA0W000000h4Me","address":"266 Brook St","oz":"N"},"geometry":{"type":"Point","coordinates":[-88.285618,42.042506]}},{"type":"Feature","properties":{"id":"aAA0W000000h4Mg","address":"110 W Chicago St","oz":"N"},"geometry":{"type":"Point","coordinates":[-88.286719,42.036829]}},{"type":"Feature","properties":{"id":"aAA0W000000h3U2","address":"161 Dexter Ave","oz":"N"},"geometry":{"type":"Point","coordinates":[-88.283595,42.039317]}},{"type":"Feature","properties":{"id":"aAA0W000000hCeB","address":"23 N State St","oz":"N"},"geometry":{"type":"Point","coordinates":[-88.287501,42.037166]}},{"type":"Feature","properties":{"id":"aAA0W000000h4P6","address":"220 W Chicago St","oz":"Y"},"geometry":{"type":"Point","coordinates":[-88.288403,42.036216]}},{"type":"Feature","properties":{"id":"aAA0W000000h3XE","address":"55 National St","oz":"N"},"geometry":{"type":"Point","coordinates":[-88.281786,42.029351]}},{"type":"Feature","properties":{"id":"aAA0W000000hCU9","address":"222 Locust St","oz":"Y"},"geometry":{"type":"Point","coordinates":[-88.285972,42.03413]}},{"type":"Feature","properties":{"id":"aAA0W000000h6Sb","address":"61 S Grove Ave","oz":"N"},"geometry":{"type":"Point","coordinates":[-88.283005,42.035947]}},{"type":"Feature","properties":{"id":"aAA0W000000hD0o","address":"218 Prairie St","oz":"N"},"geometry":{"type":"Point","coordinates":[-88.281091,42.034776]}},{"type":"Feature","properties":{"id":"aAA0W000000h3XF","address":"300 N State St","oz":"N"},"geometry":{"type":"Point","coordinates":[-88.291671,42.041736]}},{"type":"Feature","properties":{"id":"aAA0W000000hC5q","address":"164 Division St Unit 509","oz":"N"},"geometry":{"type":"Point","coordinates":[-88.283235,42.038954]}},{"type":"Feature","properties":{"id":"aAA0W000000hC5p","address":"164 Division St Unit 108","oz":"N"},"geometry":{"type":"Point","coordinates":[-88.283221,42.038792]}},{"type":"Feature","properties":{"id":"aAA0W000000h66D","address":"100 E Chicago St Unit 603","oz":"N"},"geometry":{"type":"Point","coordinates":[-88.284225,42.037472]}},{"type":"Feature","properties":{"id":"aAA0W000000h66E","address":"100 E Chicago St Unit 701","oz":"N"},"geometry":{"type":"Point","coordinates":[-88.284216,42.037451]}},{"type":"Feature","properties":{"id":"aAA0W000000h66F","address":"100 E Chicago St Unit 702","oz":"N"},"geometry":{"type":"Point","coordinates":[-88.284206,42.037435]}},{"type":"Feature","properties":{"id":"aAA0W000000h66G","address":"100 E Chicago St Unit 703","oz":"N"},"geometry":{"type":"Point","coordinates":[-88.284211,42.037412]}},{"type":"Feature","properties":{"id":"aAA0W000000h66H","address":"100 E Chicago St Unit 802","oz":"N"},"geometry":{"type":"Point","coordinates":[-88.284227,42.037423]}},{"type":"Feature","properties":{"id":"aAA0W000000h66I","address":"100 E Chicago St Unit 903","oz":"N"},"geometry":{"type":"Point","coordinates":[-88.284204,42.037401]}},{"type":"Feature","properties":{"id":"aAA0W000000h66J","address":"100 E Chicago St Unit 1001","oz":"N"},"geometry":{"type":"Point","coordinates":[-88.284181,42.037403]}},{"type":"Feature","properties":{"id":"aAA0W000000h66K","address":"100 E Chicago St Unit 1002","oz":"N"},"geometry":{"type":"Point","coordinates":[-88.284199,42.037392]}},{"type":"Feature","properties":{"id":"aAA0W000000h66L","address":"100 E Chicago St Unit 1003","oz":"N"},"geometry":{"type":"Point","coordinates":[-88.28417,42.037415]}},{"type":"Feature","properties":{"id":"aAA0W000000h66M","address":"100 E Chicago St Unit 1102","oz":"N"},"geometry":{"type":"Point","coordinates":[-88.28416,42.037478]}},{"type":"Feature","properties":{"id":"aAA0W000000h66N","address":"100 E Chicago St Unit 1103","oz":"N"},"geometry":{"type":"Point","coordinates":[-88.284211,42.037494]}},{"type":"Feature","properties":{"id":"aAA0W000000h66O","address":"100 E Chicago St Unit 1201","oz":"N"},"geometry":{"type":"Point","coordinates":[-88.284273,42.037496]}},{"type":"Feature","properties":{"id":"aAA0W000000h66P","address":"100 E Chicago St Unit 1202","oz":"N"},"geometry":{"type":"Point","coordinates":[-88.284239,42.037499]}},{"type":"Feature","properties":{"id":"aAA0W000000h66Q","address":"100 E Chicago St Unit 1302","oz":"N"},"geometry":{"type":"Point","coordinates":[-88.284307,42.037494]}},{"type":"Feature","properties":{"id":"aAA0W000000h65w","address":"100 E Chicago St Unit 101","oz":"N"},"geometry":{"type":"Point","coordinates":[-88.284341,42.037494]}},{"type":"Feature","properties":{"id":"aAA0W000000h65x","address":"100 E Chicago St Unit 102","oz":"N"},"geometry":{"type":"Point","coordinates":[-88.284381,42.03749]}},{"type":"Feature","properties":{"id":"aAA0W000000h65y","address":"100 E Chicago St Unit 103","oz":"N"},"geometry":{"type":"Point","coordinates":[-88.284386,42.037466]}},{"type":"Feature","properties":{"id":"aAA0W000000h65z","address":"100 E Chicago St Unit 104","oz":"N"},"geometry":{"type":"Point","coordinates":[-88.284394,42.037473]}},{"type":"Feature","properties":{"id":"aAA0W000000h661","address":"100 E Chicago St Unit 105","oz":"N"},"geometry":{"type":"Point","coordinates":[-88.284346,42.037515]}},{"type":"Feature","properties":{"id":"aAA0W000000h662","address":"100 E Chicago St Unit 201","oz":"N"},"geometry":{"type":"Point","coordinates":[-88.284314,42.037515]}},{"type":"Feature","properties":{"id":"aAA0W000000h660","address":"100 E Chicago St Unit 202","oz":"N"},"geometry":{"type":"Point","coordinates":[-88.284277,42.037515]}},{"type":"Feature","properties":{"id":"aAA0W000000h663","address":"100 E Chicago St Unit 203","oz":"N"},"geometry":{"type":"Point","coordinates":[-88.284231,42.037511]}},{"type":"Feature","properties":{"id":"aAA0W000000h664","address":"100 E Chicago St Unit 204","oz":"N"},"geometry":{"type":"Point","coordinates":[-88.284197,42.037498]}},{"type":"Feature","properties":{"id":"aAA0W000000h665","address":"100 E Chicago St Unit 205","oz":"N"},"geometry":{"type":"Point","coordinates":[-88.284186,42.037466]}},{"type":"Feature","properties":{"id":"aAA0W000000h666","address":"100 E Chicago St Unit 206","oz":"N"},"geometry":{"type":"Point","coordinates":[-88.28417,42.037447]}},{"type":"Feature","properties":{"id":"aAA0W000000h667","address":"100 E Chicago St Unit 207","oz":"N"},"geometry":{"type":"Point","coordinates":[-88.284155,42.037434]}},{"type":"Feature","properties":{"id":"aAA0W000000h668","address":"100 E Chicago St Unit 301","oz":"N"},"geometry":{"type":"Point","coordinates":[-88.284162,42.037501]}},{"type":"Feature","properties":{"id":"aAA0W000000h669","address":"100 E Chicago St Unit 302","oz":"N"},"geometry":{"type":"Point","coordinates":[-88.284194,42.037449]}},{"type":"Feature","properties":{"id":"aAA0W000000h66A","address":"100 E Chicago St Unit 402","oz":"N"},"geometry":{"type":"Point","coordinates":[-88.284373,42.037513]}},{"type":"Feature","properties":{"id":"aAA0W000000h66B","address":"100 E Chicago St Unit 403","oz":"N"},"geometry":{"type":"Point","coordinates":[-88.284407,42.037496]}},{"type":"Feature","properties":{"id":"aAA0W000000h66C","address":"100 E Chicago St Unit 501","oz":"N"},"geometry":{"type":"Point","coordinates":[-88.284187,42.037484]}},{"type":"Feature","properties":{"id":"aAA0W000000hC3t","address":"164 Division St Unit 204","oz":"N"},"geometry":{"type":"Point","coordinates":[-88.28322,42.038775]}},{"type":"Feature","properties":{"id":"aAA0W000000hC3u","address":"164 Division St Unit 103","oz":"N"},"geometry":{"type":"Point","coordinates":[-88.283222,42.038762]}},{"type":"Feature","properties":{"id":"aAA0W000000h3UP","address":"11 Douglas Ave Unit 2 Fl","oz":"N"},"geometry":{"type":"Point","coordinates":[-88.283784,42.037711]}},{"type":"Feature","properties":{"id":"aAA0W000000hCUk","address":"164 Division St Unit 411","oz":"N"},"geometry":{"type":"Point","coordinates":[-88.283222,42.038747]}},{"type":"Feature","properties":{"id":"aAA0W000000h6Eg","address":"150 N State St","oz":"N"},"geometry":{"type":"Point","coordinates":[-88.289561,42.038927]}},{"type":"Feature","properties":{"id":"aAA0W000000hDgT","address":"219 W Highland Ave","oz":"Y"},"geometry":{"type":"Point","coordinates":[-88.288548,42.036723]}},{"type":"Feature","properties":{"id":"aAA0W000000h4Jh","address":"219 Douglas Ave","oz":"N"},"geometry":{"type":"Point","coordinates":[-88.283511,42.041211]}},{"type":"Feature","properties":{"id":"aAA0W000000h4K3","address":"77 Riverside Dr Unit 300","oz":"N"},"geometry":{"type":"Point","coordinates":[-88.283421,42.035166]}},{"type":"Feature","properties":{"id":"aAA0W000000h4K2","address":"77 Riverside Dr Unit 2A","oz":"N"},"geometry":{"type":"Point","coordinates":[-88.283425,42.035205]}},{"type":"Feature","properties":{"id":"aAA0W000000h4K5","address":"164 E Chicago St Unit 100","oz":"N"},"geometry":{"type":"Point","coordinates":[-88.283161,42.037445]}},{"type":"Feature","properties":{"id":"aAA0W000000hC3v","address":"164 Division St Unit 604","oz":"N"},"geometry":{"type":"Point","coordinates":[-88.283236,42.038982]}},{"type":"Feature","properties":{"id":"aAA0W000000hCOq","address":"225 E Chicago St Unit A","oz":"N"},"geometry":{"type":"Point","coordinates":[-88.281394,42.03711]}},{"type":"Feature","properties":{"id":"aAA0W000000hCOr","address":"225 E Chicago St Unit B","oz":"N"},"geometry":{"type":"Point","coordinates":[-88.281396,42.037089]}},{"type":"Feature","properties":{"id":"aAA0W000000hCF4","address":"164 Division St Unit 105","oz":"N"},"geometry":{"type":"Point","coordinates":[-88.283223,42.0388]}},{"type":"Feature","properties":{"id":"aAA0W000000h4KV","address":"18 E Chicago St","oz":"N"},"geometry":{"type":"Point","coordinates":[-88.284847,42.037367]}},{"type":"Feature","properties":{"id":"aAA0W000000hDNT","address":"204 Dupage St","oz":"N"},"geometry":{"type":"Point","coordinates":[-88.282285,42.036434]}},{"type":"Feature","properties":{"id":"aAA0W000000h9Aa","address":"100 E Chicago St Unit 1402","oz":"N"},"geometry":{"type":"Point","coordinates":[-88.284338,42.037461]}},{"type":"Feature","properties":{"id":"aAA0W000000h9AW","address":"100 E Chicago St Unit 1403","oz":"N"},"geometry":{"type":"Point","coordinates":[-88.284316,42.037461]}},{"type":"Feature","properties":{"id":"aAA0W000000h9AU","address":"100 E Chicago St Unit 2NDFLR","oz":"N"},"geometry":{"type":"Point","coordinates":[-88.284342,42.037455]}},{"type":"Feature","properties":{"id":"aAA0W000000h8Te","address":"100 E Chicago St Unit A","oz":"N"},"geometry":{"type":"Point","coordinates":[-88.284347,42.03745]}},{"type":"Feature","properties":{"id":"aAA0W000000hBZq","address":"212 Washington St","oz":"N"},"geometry":{"type":"Point","coordinates":[-88.290083,42.038674]}},{"type":"Feature","properties":{"id":"aAA0W000000hC4S","address":"164 Division St Unit 301","oz":"N"},"geometry":{"type":"Point","coordinates":[-88.283223,42.038836]}},{"type":"Feature","properties":{"id":"aAA0W000000hCwA","address":"203 Symphony Way Unit Lower","oz":"N"},"geometry":{"type":"Point","coordinates":[-88.282292,42.040232]}},{"type":"Feature","properties":{"id":"aAA0W000000h7kI","address":"203 Symphony Way Unit Upper","oz":"N"},"geometry":{"type":"Point","coordinates":[-88.282248,42.040231]}},{"type":"Feature","properties":{"id":"aAA0W000000h61M","address":"40 Ann St","oz":"N"},"geometry":{"type":"Point","coordinates":[-88.287087,42.043968]}},{"type":"Feature","properties":{"id":"aAA0W000000hCCX","address":"273 Raymond St","hd_name":"Elgin National Watch","oz":"N"},"geometry":{"type":"Point","coordinates":[-88.275487,42.03184]}},{"type":"Feature","properties":{"id":"aAA0W000000hCzM","address":"50 S Grove Ave Unit A","oz":"N"},"geometry":{"type":"Point","coordinates":[-88.283714,42.036247]}},{"type":"Feature","properties":{"id":"aAA0W000000hCzN","address":"50 S Grove Ave Unit B","oz":"N"},"geometry":{"type":"Point","coordinates":[-88.283685,42.036217]}},{"type":"Feature","properties":{"id":"aAA0W000000hCzO","address":"50 S Grove Ave Unit C","oz":"N"},"geometry":{"type":"Point","coordinates":[-88.283653,42.036177]}},{"type":"Feature","properties":{"id":"aAA0W000000hCzP","address":"50 S Grove Ave Unit D","oz":"N"},"geometry":{"type":"Point","coordinates":[-88.28362,42.036143]}},{"type":"Feature","properties":{"id":"aAA0W000000hIbC","address":"464 Mcbride St","oz":"N"},"geometry":{"type":"Point","coordinates":[-88.288777,42.046402]}},{"type":"Feature","properties":{"id":"aAA0W000000hIce","address":"126 Tennyson Ct Unit Lower","hd_name":"Elgin","oz":"N"},"geometry":{"type":"Point","coordinates":[-88.279114,42.03957]}},{"type":"Feature","properties":{"id":"aAA0W000000hIcj","address":"126 Tennyson Ct Unit Upper","hd_name":"Elgin","oz":"N"},"geometry":{"type":"Point","coordinates":[-88.279079,42.039567]}},{"type":"Feature","properties":{"id":"aAA0W000000hIfJ","address":"278 Villa Pl Unit 1","hd_name":"Elgin National Watch","oz":"N"},"geometry":{"type":"Point","coordinates":[-88.277081,42.03277]}},{"type":"Feature","properties":{"id":"aAA0W000000hIfO","address":"278 Villa Pl Unit 2","hd_name":"Elgin National Watch","oz":"N"},"geometry":{"type":"Point","coordinates":[-88.27701,42.03274]}},{"type":"Feature","properties":{"id":"aAA0W000000hIfT","address":"278 Villa Pl Unit 3","hd_name":"Elgin National Watch","oz":"N"},"geometry":{"type":"Point","coordinates":[-88.277005,42.032702]}},{"type":"Feature","properties":{"id":"aAA0W000000hIgC","address":"370 Douglas Ave Unit Lower","hd_name":"Spring-Douglas","oz":"N"},"geometry":{"type":"Point","coordinates":[-88.284301,42.044434]}},{"type":"Feature","properties":{"id":"aAA0W000000hIgH","address":"370 Douglas Ave Unit Upper","hd_name":"Spring-Douglas","oz":"N"},"geometry":{"type":"Point","coordinates":[-88.284215,42.044443]}},{"type":"Feature","properties":{"id":"aAA0W000000hIiD","address":"5 Times Sq Unit 312","oz":"N"},"geometry":{"type":"Point","coordinates":[-88.274652,42.027006]}},{"type":"Feature","properties":{"id":"aAA0W000000hImo","address":"21 Daniels Ave Unit Lower","oz":"N"},"geometry":{"type":"Point","coordinates":[-88.288098,42.047429]}},{"type":"Feature","properties":{"id":"aAA0W000000hImt","address":"21 Daniels Ave Unit Upper","oz":"N"},"geometry":{"type":"Point","coordinates":[-88.288064,42.047408]}},{"type":"Feature","properties":{"id":"aAA0W0000019Z37","address":"31 S Grove Ave Unit 100","oz":"N"},"geometry":{"type":"Point","coordinates":[-88.283533,42.036555]}},{"type":"Feature","properties":{"id":"aAA0W000000oO2V","address":"167 N Spring St","oz":"N"},"geometry":{"type":"Point","coordinates":[-88.282145,42.040071]}},{"type":"Feature","properties":{"id":"aAA0W000000oSex","address":"13 Douglas Ave Unit 1 Flr","oz":"N"},"geometry":{"type":"Point","coordinates":[-88.283783,42.037745]}},{"type":"Feature","properties":{"id":"aAA0W000000oSf2","address":"13 Douglas Ave Unit 2 Flr","oz":"N"},"geometry":{"type":"Point","coordinates":[-88.283781,42.037769]}},{"type":"Feature","properties":{"id":"aAA0W000000oSf7","address":"15 1/2 Ziegler Ct","oz":"N"},"geometry":{"type":"Point","coordinates":[-88.282219,42.036681]}},{"type":"Feature","properties":{"id":"aAA0W000000oSfW","address":"29 S Grove Ave","oz":"N"},"geometry":{"type":"Point","coordinates":[-88.283565,42.036615]}},{"type":"Feature","properties":{"id":"aAA0W000000oSgF","address":"122 Center St","oz":"N"},"geometry":{"type":"Point","coordinates":[-88.281256,42.039459]}},{"type":"Feature","properties":{"id":"aAA0W000000oSgK","address":"202 Mountain St","oz":"N"},"geometry":{"type":"Point","coordinates":[-88.288965,42.037954]}},{"type":"Feature","properties":{"id":"aAA0W000000oSge","address":"225 National St","hd_name":"Elgin National Watch","oz":"N"},"geometry":{"type":"Point","coordinates":[-88.275173,42.030902]}},{"type":"Feature","properties":{"id":"aAA0W000000oSh3","address":"256 National St","hd_name":"Elgin National Watch","oz":"N"},"geometry":{"type":"Point","coordinates":[-88.275093,42.031436]}},{"type":"Feature","properties":{"id":"aAA0W000000oSh8","address":"258 National St","hd_name":"Elgin National Watch","oz":"N"},"geometry":{"type":"Point","coordinates":[-88.275057,42.031454]}},{"type":"Feature","properties":{"id":"aAA0W000000oeN0","address":"25 S Grove Ave Unit 201","oz":"N"},"geometry":{"type":"Point","coordinates":[-88.283593,42.036645]}},{"type":"Feature","properties":{"id":"aAA0W000000sh5R","address":"25 S Grove Ave Unit 401","oz":"N"},"geometry":{"type":"Point","coordinates":[-88.283533,42.036666]}},{"type":"Feature","properties":{"id":"aAA0W000000sj62","address":"241 S State St Unit 1","oz":"N"},"geometry":{"type":"Point","coordinates":[-88.282909,42.030138]}},{"type":"Feature","properties":{"id":"aAA0W0000015ICi","address":"151 National St","oz":"N"},"geometry":{"type":"Point","coordinates":[-88.277103,42.030359]}},{"type":"Feature","properties":{"id":"aAA0W0000015IrM","address":"300 N State St Unit 201","oz":"N"},"geometry":{"type":"Point","coordinates":[-88.292143,42.041888]}},{"type":"Feature","properties":{"id":"aAA0W0000015Irb","address":"300 N State St Unit 202","oz":"N"},"geometry":{"type":"Point","coordinates":[-88.292079,42.041911]}},{"type":"Feature","properties":{"id":"aAA0W0000015Irg","address":"300 N State St Unit 203","oz":"N"},"geometry":{"type":"Point","coordinates":[-88.291981,42.041933]}},{"type":"Feature","properties":{"id":"aAA0W0000015Irl","address":"300 N State St Unit 204","oz":"N"},"geometry":{"type":"Point","coordinates":[-88.291907,42.041966]}},{"type":"Feature","properties":{"id":"aAA0W0000015Irq","address":"300 N State St Unit 205","oz":"N"},"geometry":{"type":"Point","coordinates":[-88.292109,42.041832]}},{"type":"Feature","properties":{"id":"aAA0W0000015Irv","address":"300 N State St Unit 206","oz":"N"},"geometry":{"type":"Point","coordinates":[-88.292033,42.041859]}},{"type":"Feature","properties":{"id":"aAA0W0000015Is0","address":"300 N State St Unit 207","oz":"N"},"geometry":{"type":"Point","coordinates":[-88.291946,42.041884]}},{"type":"Feature","properties":{"id":"aAA0W0000015Is5","address":"300 N State St Unit 208","oz":"N"},"geometry":{"type":"Point","coordinates":[-88.291854,42.041909]}},{"type":"Feature","properties":{"id":"aAA0W0000015IsA","address":"300 N State St Unit 209","oz":"N"},"geometry":{"type":"Point","coordinates":[-88.291867,42.041825]}},{"type":"Feature","properties":{"id":"aAA0W0000015IsK","address":"300 N State St Unit 210","oz":"N"},"geometry":{"type":"Point","coordinates":[-88.291785,42.041853]}},{"type":"Feature","properties":{"id":"aAA0W0000015IsP","address":"300 N State St Unit 211","oz":"N"},"geometry":{"type":"Point","coordinates":[-88.291826,42.041773]}},{"type":"Feature","properties":{"id":"aAA0W0000015IsZ","address":"300 N State St Unit 212","oz":"N"},"geometry":{"type":"Point","coordinates":[-88.291751,42.041806]}},{"type":"Feature","properties":{"id":"aAA0W0000015Ise","address":"300 N State St Unit 213","oz":"N"},"geometry":{"type":"Point","coordinates":[-88.29179,42.04171]}},{"type":"Feature","properties":{"id":"aAA0W0000015Isj","address":"300 N State St Unit 214","oz":"N"},"geometry":{"type":"Point","coordinates":[-88.291723,42.04175]}},{"type":"Feature","properties":{"id":"aAA0W0000015Iso","address":"300 N State St Unit 215","oz":"N"},"geometry":{"type":"Point","coordinates":[-88.291759,42.041657]}},{"type":"Feature","properties":{"id":"aAA0W0000015Ist","address":"300 N State St Unit 216","oz":"N"},"geometry":{"type":"Point","coordinates":[-88.291672,42.041695]}},{"type":"Feature","properties":{"id":"aAA0W0000015Isy","address":"300 N State St Unit 217","oz":"N"},"geometry":{"type":"Point","coordinates":[-88.291736,42.041611]}},{"type":"Feature","properties":{"id":"aAA0W0000015It8","address":"300 N State St Unit 218","oz":"N"},"geometry":{"type":"Point","coordinates":[-88.291639,42.041647]}},{"type":"Feature","properties":{"id":"aAA0W0000015Isu","address":"300 N State St Unit 219","oz":"N"},"geometry":{"type":"Point","coordinates":[-88.291701,42.041552]}},{"type":"Feature","properties":{"id":"aAA0W0000015ItD","address":"300 N State St Unit 301","oz":"N"},"geometry":{"type":"Point","coordinates":[-88.291601,42.041588]}},{"type":"Feature","properties":{"id":"aAA0W0000015ItI","address":"300 N State St Unit 302","oz":"N"},"geometry":{"type":"Point","coordinates":[-88.29189,42.041436]}},{"type":"Feature","properties":{"id":"aAA0W0000015ItN","address":"300 N State St Unit 303","oz":"N"},"geometry":{"type":"Point","coordinates":[-88.291798,42.041472]}},{"type":"Feature","properties":{"id":"aAA0W0000015ItS","address":"300 N State St Unit 304","oz":"N"},"geometry":{"type":"Point","coordinates":[-88.291698,42.041501]}},{"type":"Feature","properties":{"id":"aAA0W0000015ItX","address":"300 N State St Unit 305","oz":"N"},"geometry":{"type":"Point","coordinates":[-88.291578,42.041544]}},{"type":"Feature","properties":{"id":"aAA0W0000015Itc","address":"300 N State St Unit 306","oz":"N"},"geometry":{"type":"Point","coordinates":[-88.291851,42.041373]}},{"type":"Feature","properties":{"id":"aAA0W0000015Ith","address":"300 N State St Unit 307","oz":"N"},"geometry":{"type":"Point","coordinates":[-88.291757,42.041417]}},{"type":"Feature","properties":{"id":"aAA0W0000015Itm","address":"300 N State St Unit 308","oz":"N"},"geometry":{"type":"Point","coordinates":[-88.291667,42.041461]}},{"type":"Feature","properties":{"id":"aAA0W0000015Itr","address":"300 N State St Unit 309","oz":"N"},"geometry":{"type":"Point","coordinates":[-88.291545,42.041497]}},{"type":"Feature","properties":{"id":"aAA0W0000015Itw","address":"300 N State St Unit 310","oz":"N"},"geometry":{"type":"Point","coordinates":[-88.291811,42.041329]}},{"type":"Feature","properties":{"id":"aAA0W0000015Iu1","address":"300 N State St Unit 311","oz":"N"},"geometry":{"type":"Point","coordinates":[-88.291708,42.041373]}},{"type":"Feature","properties":{"id":"aAA0W0000015IuB","address":"300 N State St Unit 312","oz":"N"},"geometry":{"type":"Point","coordinates":[-88.291603,42.041417]}},{"type":"Feature","properties":{"id":"aAA0W0000015IuL","address":"300 N State St Unit 313","oz":"N"},"geometry":{"type":"Point","coordinates":[-88.291527,42.041455]}},{"type":"Feature","properties":{"id":"aAA0W0000015IuQ","address":"300 N State St Unit 314","oz":"N"},"geometry":{"type":"Point","coordinates":[-88.29216,42.041922]}},{"type":"Feature","properties":{"id":"aAA0W0000015IuV","address":"300 N State St Unit 315","oz":"N"},"geometry":{"type":"Point","coordinates":[-88.292089,42.041954]}},{"type":"Feature","properties":{"id":"aAA0W0000015Iua","address":"300 N State St Unit 316","oz":"N"},"geometry":{"type":"Point","coordinates":[-88.291997,42.041981]}},{"type":"Feature","properties":{"id":"aAA0W0000015Iuf","address":"300 N State St Unit 317","oz":"N"},"geometry":{"type":"Point","coordinates":[-88.291907,42.042017]}},{"type":"Feature","properties":{"id":"aAA0W0000015Iuk","address":"300 N State St Unit 318","oz":"N"},"geometry":{"type":"Point","coordinates":[-88.291915,42.041926]}},{"type":"Feature","properties":{"id":"aAA0W0000015Iuu","address":"300 N State St Unit 319","oz":"N"},"geometry":{"type":"Point","coordinates":[-88.292015,42.041899]}},{"type":"Feature","properties":{"id":"aAA0W0000015Iuz","address":"300 N State St Unit 320","oz":"N"},"geometry":{"type":"Point","coordinates":[-88.29204,42.041949]}},{"type":"Feature","properties":{"id":"aAA0W0000015Iv4","address":"300 N State St Unit 321","oz":"N"},"geometry":{"type":"Point","coordinates":[-88.291813,42.041825]}},{"type":"Feature","properties":{"id":"aAA0W0000015Iv9","address":"300 N State St Unit 322","oz":"N"},"geometry":{"type":"Point","coordinates":[-88.291734,42.041691]}},{"type":"Feature","properties":{"id":"aAA0W0000015IvE","address":"300 N State St Unit 401","oz":"N"},"geometry":{"type":"Point","coordinates":[-88.291675,42.041606]}},{"type":"Feature","properties":{"id":"aAA0W0000015IuM","address":"300 N State St Unit 402","oz":"N"},"geometry":{"type":"Point","coordinates":[-88.291614,42.04151]}},{"type":"Feature","properties":{"id":"aAA0W0000015IvJ","address":"300 N State St Unit 403","oz":"N"},"geometry":{"type":"Point","coordinates":[-88.291729,42.041466]}},{"type":"Feature","properties":{"id":"aAA0W0000015IvO","address":"300 N State St Unit 404","oz":"N"},"geometry":{"type":"Point","coordinates":[-88.291688,42.041407]}},{"type":"Feature","properties":{"id":"aAA0W0000015IvT","address":"300 N State St Unit 405","oz":"N"},"geometry":{"type":"Point","coordinates":[-88.291834,42.04144]}},{"type":"Feature","properties":{"id":"aAA0W0000015IvY","address":"300 N State St Unit 406","oz":"N"},"geometry":{"type":"Point","coordinates":[-88.29178,42.041365]}},{"type":"Feature","properties":{"id":"aAA0W0000015Ivd","address":"300 N State St Unit 407","oz":"N"},"geometry":{"type":"Point","coordinates":[-88.291586,42.04147]}},{"type":"Feature","properties":{"id":"aAA0W0000015Ivi","address":"300 N State St Unit 408","oz":"N"},"geometry":{"type":"Point","coordinates":[-88.291846,42.041951]}},{"type":"Feature","properties":{"id":"aAA0W0000015Ivn","address":"300 N State St Unit 409","oz":"N"},"geometry":{"type":"Point","coordinates":[-88.291884,42.041865]}},{"type":"Feature","properties":{"id":"aAA0W0000015Itn","address":"300 N State St Unit 410","oz":"N"},"geometry":{"type":"Point","coordinates":[-88.291805,42.04189]}},{"type":"Feature","properties":{"id":"aAA0W0000015Ivs","address":"300 N State St Unit 411","oz":"N"},"geometry":{"type":"Point","coordinates":[-88.292051,42.041823]}},{"type":"Feature","properties":{"id":"aAA0W0000015Ivx","address":"300 N State St Unit 412","oz":"N"},"geometry":{"type":"Point","coordinates":[-88.292081,42.041876]}},{"type":"Feature","properties":{"id":"aAA0W0000015Iw2","address":"300 N State St Unit 413","oz":"N"},"geometry":{"type":"Point","coordinates":[-88.291953,42.041983]}},{"type":"Feature","properties":{"id":"aAA0W0000015Iw7","address":"300 N State St Unit 414","oz":"N"},"geometry":{"type":"Point","coordinates":[-88.291649,42.041556]}},{"type":"Feature","properties":{"id":"aAA0W0000015IwC","address":"300 N State St Unit 415","oz":"N"},"geometry":{"type":"Point","coordinates":[-88.291706,42.041649]}},{"type":"Feature","properties":{"id":"aAA0W0000015IwH","address":"300 N State St Unit 416","oz":"N"},"geometry":{"type":"Point","coordinates":[-88.291764,42.041506]}},{"type":"Feature","properties":{"id":"aAA0W0000015IwM","address":"300 N State St Unit 417","oz":"N"},"geometry":{"type":"Point","coordinates":[-88.291486,42.041468]}},{"type":"Feature","properties":{"id":"aAA0W0000015IwR","address":"300 N State St Unit 418","oz":"N"},"geometry":{"type":"Point","coordinates":[-88.291813,42.041405]}},{"type":"Feature","properties":{"id":"aAA0W0000015IwW","address":"300 N State St Unit 419","oz":"N"},"geometry":{"type":"Point","coordinates":[-88.291775,42.041764]}},{"type":"Feature","properties":{"id":"aAA0W00000111xL","address":"164 Division St Unit 407","oz":"N"},"geometry":{"type":"Point","coordinates":[-88.283238,42.039002]}},{"type":"Feature","properties":{"id":"aAA0W00000116Cj","address":"215 Dupage St","oz":"N"},"geometry":{"type":"Point","coordinates":[-88.281719,42.036181]}},{"type":"Feature","properties":{"id":"aAA0W00000117Vr","address":"221 E Chicago St Unit 101","oz":"N"},"geometry":{"type":"Point","coordinates":[-88.281568,42.037104]}},{"type":"Feature","properties":{"id":"aAA0W00000117Vw","address":"221 E Chicago St Unit 102","oz":"N"},"geometry":{"type":"Point","coordinates":[-88.281567,42.037085]}},{"type":"Feature","properties":{"id":"aAA0W00000117W6","address":"221 E Chicago St Unit 103","oz":"N"},"geometry":{"type":"Point","coordinates":[-88.281566,42.03706]}},{"type":"Feature","properties":{"id":"aAA0W00000117WB","address":"221 E Chicago St Unit 104","oz":"N"},"geometry":{"type":"Point","coordinates":[-88.281567,42.037038]}},{"type":"Feature","properties":{"id":"aAA0W00000117WB","address":"221 E Chicago St Unit 105","oz":"N"},"geometry":{"type":"Point","coordinates":[-88.281565,42.037015]}},{"type":"Feature","properties":{"id":"aAA0W00000117WG","address":"221 E Chicago St Unit 106","oz":"N"},"geometry":{"type":"Point","coordinates":[-88.281563,42.036993]}},{"type":"Feature","properties":{"id":"aAA0W00000118hF","address":"21 Douglas Ave Unit B","oz":"N"},"geometry":{"type":"Point","coordinates":[-88.283707,42.037936]}},{"type":"Feature","properties":{"id":"aAA0W00000118hA","address":"19 Douglas Ave Unit B","oz":"N"},"geometry":{"type":"Point","coordinates":[-88.283686,42.037877]}},{"type":"Feature","properties":{"id":"aAA0W00000118rK","address":"8 1/2 N State St","oz":"Y"},"geometry":{"type":"Point","coordinates":[-88.287721,42.036608]}},{"type":"Feature","properties":{"id":"aAA0W00000119RN","address":"168 E Highland Ave Unit 3RD Flr","oz":"N"},"geometry":{"type":"Point","coordinates":[-88.283115,42.038338]}},{"type":"Feature","properties":{"id":"aAA0W0000011Bhd","address":"320 Douglas Ave","hd_name":"Spring-Douglas","oz":"N"},"geometry":{"type":"Point","coordinates":[-88.284272,42.043932]}},{"type":"Feature","properties":{"id":"aAA0W0000011BoF","address":"25 S Grove Ave Unit 205","oz":"N"},"geometry":{"type":"Point","coordinates":[-88.283578,42.03665]}},{"type":"Feature","properties":{"id":"aAA0W0000011FBR","address":"162 E Chicago St Unit 100","oz":"N"},"geometry":{"type":"Point","coordinates":[-88.283312,42.037481]}},{"type":"Feature","properties":{"id":"aAA0W0000011FBW","address":"162 E Chicago St Unit 101","oz":"N"},"geometry":{"type":"Point","coordinates":[-88.283312,42.037461]}},{"type":"Feature","properties":{"id":"aAA0W0000011FBb","address":"162 E Chicago St Unit 102","oz":"N"},"geometry":{"type":"Point","coordinates":[-88.283311,42.037409]}},{"type":"Feature","properties":{"id":"aAA0W0000011FBg","address":"162 E Chicago St Unit 103","oz":"N"},"geometry":{"type":"Point","coordinates":[-88.28331,42.037383]}},{"type":"Feature","properties":{"id":"aAA0W0000011FBl","address":"162 E Chicago St Unit 104","oz":"N"},"geometry":{"type":"Point","coordinates":[-88.283309,42.037358]}},{"type":"Feature","properties":{"id":"aAA0W0000011H3F","address":"205 E Chicago St Unit A","oz":"N"},"geometry":{"type":"Point","coordinates":[-88.28223,42.037105]}},{"type":"Feature","properties":{"id":"aAA0W0000011H3G","address":"205 E Chicago St Unit B","oz":"N"},"geometry":{"type":"Point","coordinates":[-88.28223,42.037095]}},{"type":"Feature","properties":{"id":"aAA0W0000011JtD","address":"11 N Grove Ave Unit 1","oz":"N"},"geometry":{"type":"Point","coordinates":[-88.284513,42.037622]}},{"type":"Feature","properties":{"id":"aAA0W0000011JtI","address":"11 N Grove Ave Unit 2","oz":"N"},"geometry":{"type":"Point","coordinates":[-88.284486,42.037635]}},{"type":"Feature","properties":{"id":"aAA0W0000011JtN","address":"11 N Grove Ave Unit 3","oz":"N"},"geometry":{"type":"Point","coordinates":[-88.284461,42.037664]}},{"type":"Feature","properties":{"id":"aAA0W0000011Jth","address":"15 N Grove Ave Unit 4","oz":"N"},"geometry":{"type":"Point","coordinates":[-88.28459,42.03773]}},{"type":"Feature","properties":{"id":"aAA0W0000011Jtr","address":"15 N Grove Ave Unit 5","oz":"N"},"geometry":{"type":"Point","coordinates":[-88.284559,42.037742]}},{"type":"Feature","properties":{"id":"aAA0W0000011N3L","address":"25 S Grove Ave Unit 500","oz":"N"},"geometry":{"type":"Point","coordinates":[-88.283563,42.036676]}},{"type":"Feature","properties":{"id":"aAA0W0000011O2x","address":"25 S Grove Ave Unit 502","oz":"N"},"geometry":{"type":"Point","coordinates":[-88.283548,42.03668]}},{"type":"Feature","properties":{"id":"aAA0W0000011PoO","address":"975 Mabel St","oz":"N"},"geometry":{"type":"Point","coordinates":[-88.290928,42.055915]}},{"type":"Feature","properties":{"id":"aAA0W0000011QFy","address":"55 S Crystal Ave","oz":"Y"},"geometry":{"type":"Point","coordinates":[-88.287589,42.035064]}},{"type":"Feature","properties":{"id":"aAA0W0000011T0S","address":"63 Douglas Ave Unit 305","oz":"N"},"geometry":{"type":"Point","coordinates":[-88.283794,42.03857]}},{"type":"Feature","properties":{"id":"aAA0W0000011WZQ","address":"169 Dexter Ave","oz":"N"},"geometry":{"type":"Point","coordinates":[-88.283224,42.039335]}},{"type":"Feature","properties":{"id":"aAA0W0000011Wdc","address":"150 E Highland Ave","oz":"N"},"geometry":{"type":"Point","coordinates":[-88.283607,42.038267]}},{"type":"Feature","properties":{"id":"aAA0W0000011ejT","address":"212 W Highland Ave","oz":"N"},"geometry":{"type":"Point","coordinates":[-88.288579,42.037195]}},{"type":"Feature","properties":{"id":"aAA0W0000011f4W","address":"411 N State St","oz":"N"},"geometry":{"type":"Point","coordinates":[-88.293004,42.044876]}},{"type":"Feature","properties":{"id":"aAA0W0000011f4g","address":"414 Mcbride St","oz":"N"},"geometry":{"type":"Point","coordinates":[-88.288289,42.044572]}},{"type":"Feature","properties":{"id":"aAA0W0000011f5F","address":"499 Mcbride St","oz":"N"},"geometry":{"type":"Point","coordinates":[-88.28851,42.047312]}},{"type":"Feature","properties":{"id":"aAA0W0000011fBI","address":"211 Douglas Ave","oz":"N"},"geometry":{"type":"Point","coordinates":[-88.283531,42.040787]}},{"type":"Feature","properties":{"id":"aAA0W0000011fML","address":"204 Ball St","oz":"N"},"geometry":{"type":"Point","coordinates":[-88.290206,42.039555]}},{"type":"Feature","properties":{"id":"aAA0W0000011fCB","address":"202 N State St","oz":"N"},"geometry":{"type":"Point","coordinates":[-88.290027,42.039637]}},{"type":"Feature","properties":{"id":"aAA0W0000011fCL","address":"22 N Grove Ave","oz":"N"},"geometry":{"type":"Point","coordinates":[-88.285142,42.037772]}},{"type":"Feature","properties":{"id":"aAA0W0000011fCa","address":"23 N Grove Ave","oz":"N"},"geometry":{"type":"Point","coordinates":[-88.28475,42.037944]}},{"type":"Feature","properties":{"id":"aAA0W0000011fCz","address":"100 S Grove Ave","oz":"N"},"geometry":{"type":"Point","coordinates":[-88.283085,42.035011]}},{"type":"Feature","properties":{"id":"aAA0W0000011iKr","address":"77 Riverside Dr Unit 2B","oz":"N"},"geometry":{"type":"Point","coordinates":[-88.283455,42.035248]}},{"type":"Feature","properties":{"id":"aAA0W0000011iKw","address":"77 Riverside Dr Unit 2C","oz":"N"},"geometry":{"type":"Point","coordinates":[-88.283437,42.035228]}},{"type":"Feature","properties":{"id":"aAA0W0000011iL1","address":"77 Riverside Dr Unit 2D","oz":"N"},"geometry":{"type":"Point","coordinates":[-88.283493,42.035224]}},{"type":"Feature","properties":{"id":"aAA0W0000011iL6","address":"77 Riverside Dr Unit 2E","oz":"N"},"geometry":{"type":"Point","coordinates":[-88.283455,42.035153]}},{"type":"Feature","properties":{"id":"aAA0W0000011iLB","address":"77 Riverside Dr Unit 2F","oz":"N"},"geometry":{"type":"Point","coordinates":[-88.283451,42.035208]}},{"type":"Feature","properties":{"id":"aAA0W0000011iLG","address":"77 Riverside Dr Unit 2G","oz":"N"},"geometry":{"type":"Point","coordinates":[-88.283512,42.035204]}},{"type":"Feature","properties":{"id":"aAA0W0000011iLL","address":"77 Riverside Dr Unit 2H","oz":"N"},"geometry":{"type":"Point","coordinates":[-88.283384,42.035185]}},{"type":"Feature","properties":{"id":"aAA0W0000011iLQ","address":"77 Riverside Dr Unit 2I","oz":"N"},"geometry":{"type":"Point","coordinates":[-88.28345,42.035178]}},{"type":"Feature","properties":{"id":"aAA0W0000011ipG","address":"66 S Grove Ave Unit 100","oz":"N"},"geometry":{"type":"Point","coordinates":[-88.283239,42.035711]}},{"type":"Feature","properties":{"id":"aAA0W0000011ipQ","address":"66 S Grove Ave Unit 101","oz":"N"},"geometry":{"type":"Point","coordinates":[-88.28321,42.035677]}},{"type":"Feature","properties":{"id":"aAA0W0000011ipV","address":"66 S Grove Ave Unit 102","oz":"N"},"geometry":{"type":"Point","coordinates":[-88.283281,42.035689]}},{"type":"Feature","properties":{"id":"aAA0W0000011ipa","address":"66 S Grove Ave Unit 103","oz":"N"},"geometry":{"type":"Point","coordinates":[-88.283257,42.03566]}},{"type":"Feature","properties":{"id":"aAA0W0000011ipf","address":"66 S Grove Ave Unit 105","oz":"N"},"geometry":{"type":"Point","coordinates":[-88.283322,42.035674]}},{"type":"Feature","properties":{"id":"aAA0W0000011ipk","address":"66 S Grove Ave Unit 106","oz":"N"},"geometry":{"type":"Point","coordinates":[-88.283288,42.035639]}},{"type":"Feature","properties":{"id":"aAA0W0000011ipp","address":"66 S Grove Ave Unit 107","oz":"N"},"geometry":{"type":"Point","coordinates":[-88.283368,42.035651]}},{"type":"Feature","properties":{"id":"aAA0W0000011ipu","address":"66 S Grove Ave Unit 108","oz":"N"},"geometry":{"type":"Point","coordinates":[-88.283337,42.035615]}},{"type":"Feature","properties":{"id":"aAA0W0000011ipz","address":"66 S Grove Ave Unit 110","oz":"N"},"geometry":{"type":"Point","coordinates":[-88.283404,42.03564]}},{"type":"Feature","properties":{"id":"aAA0W0000011iq4","address":"66 S Grove Ave Unit 200","oz":"N"},"geometry":{"type":"Point","coordinates":[-88.283372,42.035601]}},{"type":"Feature","properties":{"id":"aAA0W0000011iq9","address":"66 S Grove Ave Unit 203","oz":"N"},"geometry":{"type":"Point","coordinates":[-88.283437,42.03562]}},{"type":"Feature","properties":{"id":"aAA0W0000011iqE","address":"66 S Grove Ave Unit 206","oz":"N"},"geometry":{"type":"Point","coordinates":[-88.283403,42.035586]}},{"type":"Feature","properties":{"id":"aAA0W0000011iqJ","address":"66 S Grove Ave Unit 207","oz":"N"},"geometry":{"type":"Point","coordinates":[-88.283467,42.035606]}},{"type":"Feature","properties":{"id":"aAA0W0000011iqO","address":"66 S Grove Ave Unit 210","oz":"N"},"geometry":{"type":"Point","coordinates":[-88.283436,42.035574]}},{"type":"Feature","properties":{"id":"aAA0W0000011iqT","address":"66 S Grove Ave Unit 211","oz":"N"},"geometry":{"type":"Point","coordinates":[-88.283476,42.03557]}},{"type":"Feature","properties":{"id":"aAA0W0000011lGi","address":"25 S Grove Ave Unit 501","oz":"N"},"geometry":{"type":"Point","coordinates":[-88.283553,42.036679]}},{"type":"Feature","properties":{"id":"aAA0W0000011lGs","address":"25 S Grove Ave Unit 503","oz":"N"},"geometry":{"type":"Point","coordinates":[-88.283539,42.036684]}},{"type":"Feature","properties":{"id":"aAA0W0000011lGx","address":"25 S Grove Ave Unit 504","oz":"N"},"geometry":{"type":"Point","coordinates":[-88.283528,42.036687]}},{"type":"Feature","properties":{"id":"aAA0W000000wpQl","address":"6 Douglas Ave","oz":"N"},"geometry":{"type":"Point","coordinates":[-88.284169,42.037535]}},{"type":"Feature","properties":{"id":"aAA0W000000wwAa","address":"77 Riverside Dr Unit 1","oz":"N"},"geometry":{"type":"Point","coordinates":[-88.28338,42.035222]}},{"type":"Feature","properties":{"id":"aAA6T000001UJCj","address":"164 Division St Unit 716","oz":"N"},"geometry":{"type":"Point","coordinates":[-88.283237,42.039025]}},{"type":"Feature","properties":{"id":"aAA6T000001UJDS","address":"10 N Spring St Unit 2NDFLR","oz":"N"},"geometry":{"type":"Point","coordinates":[-88.282723,42.03751]}},{"type":"Feature","properties":{"id":"aAA6T000001UJEG","address":"115 S Grove Ave Unit 210","oz":"N"},"geometry":{"type":"Point","coordinates":[-88.282209,42.034987]}},{"type":"Feature","properties":{"id":"aAA6T000001UJEL","address":"115 S Grove Ave Unit 211","oz":"N"},"geometry":{"type":"Point","coordinates":[-88.282188,42.034968]}},{"type":"Feature","properties":{"id":"aAA6T000001UJEk","address":"520 Mcbride St","oz":"N"},"geometry":{"type":"Point","coordinates":[-88.289383,42.047607]}},{"type":"Feature","properties":{"id":"aAA6T000001UJIN","address":"28 N Grove Ave Unit 10","oz":"N"},"geometry":{"type":"Point","coordinates":[-88.285509,42.037865]}},{"type":"Feature","properties":{"id":"aAA6T000001UJIS","address":"28 N Grove Ave Unit 100","oz":"N"},"geometry":{"type":"Point","coordinates":[-88.285451,42.037897]}},{"type":"Feature","properties":{"id":"aAA6T000001UJIX","address":"28 N Grove Ave Unit 20","oz":"N"},"geometry":{"type":"Point","coordinates":[-88.285261,42.037941]}},{"type":"Feature","properties":{"id":"aAA6T000001UJIc","address":"28 N Grove Ave Unit 200","oz":"N"},"geometry":{"type":"Point","coordinates":[-88.285231,42.037902]}},{"type":"Feature","properties":{"id":"aAA6T000001YVby","address":"15 S Spring St","oz":"N"},"geometry":{"type":"Point","coordinates":[-88.282405,42.036607]}},{"type":"Feature","properties":{"id":"aAA6T000001UJHF","address":"18 N State St Unit 1-1","oz":"Y"},"geometry":{"type":"Point","coordinates":[-88.287904,42.036761]}},{"type":"Feature","properties":{"id":"aAA6T000001UJH5","address":"18 N State St Unit 1-2","oz":"Y"},"geometry":{"type":"Point","coordinates":[-88.287881,42.036763]}},{"type":"Feature","properties":{"id":"aAA6T000001UJHK","address":"18 N State St Unit 2-2","oz":"Y"},"geometry":{"type":"Point","coordinates":[-88.287913,42.036774]}},{"type":"Feature","properties":{"id":"aAA6T000001UJHA","address":"18 N State St Unit 1-3","oz":"Y"},"geometry":{"type":"Point","coordinates":[-88.287889,42.036755]}},{"type":"Feature","properties":{"id":"aAA6T000001UJH0","address":"18 N State St Unit 2-1","oz":"Y"},"geometry":{"type":"Point","coordinates":[-88.287913,42.036783]}},{"type":"Feature","properties":{"id":"aAA6T000001UJHP","address":"18 N State St Unit 3-1","oz":"Y"},"geometry":{"type":"Point","coordinates":[-88.287912,42.036788]}},{"type":"Feature","properties":{"id":"aAA6T000001UJHU","address":"18 N State St Unit 3-2","oz":"Y"},"geometry":{"type":"Point","coordinates":[-88.287903,42.036792]}},{"type":"Feature","properties":{"id":"aAA6T000001UJHZ","address":"18 N State St Unit 4-1","oz":"Y"},"geometry":{"type":"Point","coordinates":[-88.287909,42.036804]}},{"type":"Feature","properties":{"id":"aAA6T000001UJHe","address":"18 N State St Unit Bsmt","oz":"Y"},"geometry":{"type":"Point","coordinates":[-88.287845,42.036778]}},{"type":"Feature","properties":{"id":"aAA6T000001YVMP","address":"176 E Chicago St Unit 1","oz":"N"},"geometry":{"type":"Point","coordinates":[-88.282787,42.037356]}},{"type":"Feature","properties":{"id":"aAA6T000001YVMU","address":"176 E Chicago St Unit 2","oz":"N"},"geometry":{"type":"Point","coordinates":[-88.282704,42.037353]}},{"type":"Feature","properties":{"id":"aAA6T000001YVMF","address":"14 Douglas Ave Unit B","oz":"N"},"geometry":{"type":"Point","coordinates":[-88.284221,42.037695]}},{"type":"Feature","properties":{"id":"aAA6T000001UJMo","address":"115 S Grove Ave Unit 203","oz":"N"},"geometry":{"type":"Point","coordinates":[-88.282029,42.035038]}},{"type":"Feature","properties":{"id":"aAA6T000001UJMt","address":"115 S Grove Ave Unit 204","oz":"N"},"geometry":{"type":"Point","coordinates":[-88.282015,42.035004]}},{"type":"Feature","properties":{"id":"aAA6T000001UJMy","address":"115 S Grove Ave Unit 205","oz":"N"},"geometry":{"type":"Point","coordinates":[-88.281997,42.034983]}},{"type":"Feature","properties":{"id":"aAA6T000001UJN3","address":"115 S Grove Ave Unit 206","oz":"N"},"geometry":{"type":"Point","coordinates":[-88.281896,42.035039]}},{"type":"Feature","properties":{"id":"aAA6T000001UJN8","address":"115 S Grove Ave Unit 207","oz":"N"},"geometry":{"type":"Point","coordinates":[-88.281887,42.03501]}},{"type":"Feature","properties":{"id":"aAA6T000001UJND","address":"115 S Grove Ave Unit 209","oz":"N"},"geometry":{"type":"Point","coordinates":[-88.281874,42.034985]}},{"type":"Feature","properties":{"id":"aAA6T000001YVQH","address":"348 N State St Unit 1 & 2","oz":"N"},"geometry":{"type":"Point","coordinates":[-88.292489,42.042282]}},{"type":"Feature","properties":{"id":"aAA6T000001YVQM","address":"348 N State St Unit 3 & 4","oz":"N"},"geometry":{"type":"Point","coordinates":[-88.292166,42.042364]}},{"type":"Feature","properties":{"id":"aAA6T000001YVQR","address":"163 E Chicago St Unit 100","oz":"N"},"geometry":{"type":"Point","coordinates":[-88.283358,42.037086]}},{"type":"Feature","properties":{"id":"aAA6T000001YVQW","address":"163 E Chicago St Unit 201","oz":"N"},"geometry":{"type":"Point","coordinates":[-88.283356,42.037058]}},{"type":"Feature","properties":{"id":"aAA6T000001YVQb","address":"163 E Chicago St Unit 202","oz":"N"},"geometry":{"type":"Point","coordinates":[-88.283358,42.037028]}},{"type":"Feature","properties":{"id":"aAA0W000000hBnF","address":"163 E Chicago St Unit 205","oz":"N"},"geometry":{"type":"Point","coordinates":[-88.283356,42.036941]}},{"type":"Feature","properties":{"id":"aAA6T000001YVQg","address":"163 E Chicago St Unit 207","oz":"N"},"geometry":{"type":"Point","coordinates":[-88.283356,42.036913]}},{"type":"Feature","properties":{"id":"aAA6T000001YVQl","address":"163 E Chicago St Unit R","oz":"N"},"geometry":{"type":"Point","coordinates":[-88.283354,42.036873]}},{"type":"Feature","properties":{"id":"aAA6T000001YVQv","address":"54 S Grove Ave Unit Upper","oz":"N"},"geometry":{"type":"Point","coordinates":[-88.283582,42.035997]}},{"type":"Feature","properties":{"id":"aAA6T000001YVTL","address":"60 S Grove Ave Unit 2","oz":"N"},"geometry":{"type":"Point","coordinates":[-88.28354,42.035806]}},{"type":"Feature","properties":{"id":"aAA6T000001YVTk","address":"164 E Chicago St Unit 300","oz":"N"},"geometry":{"type":"Point","coordinates":[-88.283158,42.037389]}},{"type":"Feature","properties":{"id":"aAA6T000001YVTf","address":"164 E Chicago St Unit 200","oz":"N"},"geometry":{"type":"Point","coordinates":[-88.283158,42.037409]}},{"type":"Feature","properties":{"id":"aAA6T000001YVTk","address":"164 E Chicago St Unit 50","oz":"N"},"geometry":{"type":"Point","coordinates":[-88.283158,42.037427]}},{"type":"Feature","properties":{"id":"aAA6T000001YVWP","address":"73 Riverside Dr Unit Lower","oz":"N"},"geometry":{"type":"Point","coordinates":[-88.283413,42.035329]}},{"type":"Feature","properties":{"id":"aAA6T000001YVWF","address":"73 Riverside Dr Unit 2","oz":"N"},"geometry":{"type":"Point","coordinates":[-88.283469,42.035352]}},{"type":"Feature","properties":{"id":"aAA6T000001YVWK","address":"73 Riverside Dr Unit 3RD Flr","oz":"N"},"geometry":{"type":"Point","coordinates":[-88.283405,42.035358]}},{"type":"Feature","properties":{"id":"aAA6T000001YVRZ","address":"107 E Highland Ave Unit 200","oz":"N"},"geometry":{"type":"Point","coordinates":[-88.284837,42.038044]}},{"type":"Feature","properties":{"id":"aAA6T000001YVZ4","address":"154 E Chicago St Unit A-1ST Flr","oz":"N"},"geometry":{"type":"Point","coordinates":[-88.283685,42.037451]}},{"type":"Feature","properties":{"id":"aAA6T000001YVZ9","address":"154 E Chicago St Unit B-Bsmt","oz":"N"},"geometry":{"type":"Point","coordinates":[-88.283688,42.037416]}},{"type":"Feature","properties":{"id":"aAA6T000001YVZY","address":"115 E Highland Ave","oz":"N"},"geometry":{"type":"Point","coordinates":[-88.284327,42.038021]}},{"type":"Feature","properties":{"id":"aAA6T000001YVbe","address":"402 N State St","oz":"N"},"geometry":{"type":"Point","coordinates":[-88.293043,42.04381]}},{"type":"Feature","properties":{"id":"aAA6T000001YVbo","address":"10 N Grove Ave","oz":"N"},"geometry":{"type":"Point","coordinates":[-88.284852,42.037567]}},{"type":"Feature","properties":{"id":"aAA6T000001YVcX","address":"205 1/2 E Chicago St","oz":"N"},"geometry":{"type":"Point","coordinates":[-88.282181,42.037119]}},{"type":"Feature","properties":{"id":"aAA6T000001YVfq","address":"25 Clock Tower Plz","oz":"N"},"geometry":{"type":"Point","coordinates":[-88.275849,42.029161]}},{"type":"Feature","properties":{"id":"aAA6T000001UJI3","address":"74 S Grove Ave Unit Bsmt","oz":"N"},"geometry":{"type":"Point","coordinates":[-88.283221,42.035449]}},{"type":"Feature","properties":{"id":"aAA6T000001YVg0","address":"40 S Spring St Unit 308","oz":"N"},"geometry":{"type":"Point","coordinates":[-88.282722,42.036593]}},{"type":"Feature","properties":{"id":"aAA6T000001YVg5","address":"40 S Spring St Unit 309","oz":"N"},"geometry":{"type":"Point","coordinates":[-88.282719,42.036655]}},{"type":"Feature","properties":{"id":"aAA6T000001YVgA","address":"40 S Spring St Unit 401","oz":"N"},"geometry":{"type":"Point","coordinates":[-88.282852,42.036754]}},{"type":"Feature","properties":{"id":"aAA6T000001YVgZ","address":"40 S Spring St Unit 408","oz":"N"},"geometry":{"type":"Point","coordinates":[-88.282722,42.03658]}},{"type":"Feature","properties":{"id":"aAA6T000001YVgU","address":"40 S Spring St Unit 406","oz":"N"},"geometry":{"type":"Point","coordinates":[-88.282838,42.036501]}},{"type":"Feature","properties":{"id":"aAA6T000001YVgF","address":"40 S Spring St Unit 403","oz":"N"},"geometry":{"type":"Point","coordinates":[-88.28285,42.036668]}},{"type":"Feature","properties":{"id":"aAA6T000001YVgK","address":"40 S Spring St Unit 404","oz":"N"},"geometry":{"type":"Point","coordinates":[-88.282855,42.036615]}},{"type":"Feature","properties":{"id":"aAA6T000001YVgP","address":"40 S Spring St Unit 405","oz":"N"},"geometry":{"type":"Point","coordinates":[-88.282853,42.036567]}},{"type":"Feature","properties":{"id":"aAA6T000001chVM","address":"164 Division St Unit 617","oz":"N"},"geometry":{"type":"Point","coordinates":[-88.283239,42.039043]}},{"type":"Feature","properties":{"id":"aAA6T000001ci7L","address":"164 Division St Unit 202","oz":"N"},"geometry":{"type":"Point","coordinates":[-88.28322,42.038785]}},{"type":"Feature","properties":{"id":"aAA6T000001ci7Q","address":"164 Division St Unit 502","oz":"N"},"geometry":{"type":"Point","coordinates":[-88.283236,42.03897]}},{"type":"Feature","properties":{"id":"aAA6T000001ci7V","address":"164 Division St Unit 503","oz":"N"},"geometry":{"type":"Point","coordinates":[-88.283235,42.038943]}},{"type":"Feature","properties":{"id":"aAA6T000001ciDT","address":"40 S Spring St","oz":"N"},"geometry":{"type":"Point","coordinates":[-88.282685,42.036731]}},{"type":"Feature","properties":{"id":"aAA6T000001ciDs","address":"40 S Spring St Unit 409","oz":"N"},"geometry":{"type":"Point","coordinates":[-88.282719,42.03664]}},{"type":"Feature","properties":{"id":"aAA6T000001ciDx","address":"40 S Spring St Unit 410","oz":"N"},"geometry":{"type":"Point","coordinates":[-88.282716,42.036693]}},{"type":"Feature","properties":{"id":"aAA6T000001ciE2","address":"40 S Spring St Unit 501","oz":"N"},"geometry":{"type":"Point","coordinates":[-88.282838,42.036741]}},{"type":"Feature","properties":{"id":"aAA6T000001ciE7","address":"40 S Spring St Unit 502","oz":"N"},"geometry":{"type":"Point","coordinates":[-88.282847,42.036707]}},{"type":"Feature","properties":{"id":"aAA6T000001ciEC","address":"40 S Spring St Unit 503","oz":"N"},"geometry":{"type":"Point","coordinates":[-88.282841,42.036655]}},{"type":"Feature","properties":{"id":"aAA6T000001ciEH","address":"40 S Spring St Unit 504","oz":"N"},"geometry":{"type":"Point","coordinates":[-88.282847,42.036602]}},{"type":"Feature","properties":{"id":"aAA6T000001ciEM","address":"40 S Spring St Unit 505","oz":"N"},"geometry":{"type":"Point","coordinates":[-88.282853,42.036553]}},{"type":"Feature","properties":{"id":"aAA6T000001ciER","address":"40 S Spring St Unit 506","oz":"N"},"geometry":{"type":"Point","coordinates":[-88.282826,42.036486]}},{"type":"Feature","properties":{"id":"aAA6T000001ciEW","address":"40 S Spring St Unit 507","oz":"N"},"geometry":{"type":"Point","coordinates":[-88.282738,42.036522]}},{"type":"Feature","properties":{"id":"aAA6T000001ciEb","address":"40 S Spring St Unit 508","oz":"N"},"geometry":{"type":"Point","coordinates":[-88.282708,42.036599]}},{"type":"Feature","properties":{"id":"aAA6T000001ciEg","address":"40 S Spring St Unit 509","oz":"N"},"geometry":{"type":"Point","coordinates":[-88.282729,42.036649]}},{"type":"Feature","properties":{"id":"aAA6T000001ciEl","address":"40 S Spring St Unit 510","oz":"N"},"geometry":{"type":"Point","coordinates":[-88.282705,42.036688]}},{"type":"Feature","properties":{"id":"aAA6T000001ciGN","address":"75 Clock Tower Plz","oz":"N"},"geometry":{"type":"Point","coordinates":[-88.276868,42.03019]}},{"type":"Feature","properties":{"id":"aAA6T000001ciGX","address":"30 Dupage Ct Unit 100","oz":"N"},"geometry":{"type":"Point","coordinates":[-88.28308,42.036488]}},{"type":"Feature","properties":{"id":"aAA6T000001ciGw","address":"105 S Grove Ave Unit 203","oz":"N"},"geometry":{"type":"Point","coordinates":[-88.282245,42.035168]}},{"type":"Feature","properties":{"id":"aAA6T000001ciH1","address":"164 Division St Unit 508","oz":"N"},"geometry":{"type":"Point","coordinates":[-88.283235,42.038963]}},{"type":"Feature","properties":{"id":"aAA6T000001Hn7T","address":"100 Standish Ct","oz":"N"},"geometry":{"type":"Point","coordinates":[-88.282335,42.030598]}},{"type":"Feature","properties":{"id":"aAA6T000001Hn8R","address":"164 Division St Unit 717","oz":"N"},"geometry":{"type":"Point","coordinates":[-88.283239,42.039066]}},{"type":"Feature","properties":{"id":"aAA6T0000019gBK","address":"70 National St","oz":"N"},"geometry":{"type":"Point","coordinates":[-88.281967,42.031016]}},{"type":"Feature","properties":{"id":"aAA6T000001MSrf","address":"77 Clock Tower Plz","oz":"N"},"geometry":{"type":"Point","coordinates":[-88.276919,42.030261]}},{"type":"Feature","properties":{"id":"aAA6T000000kHgz","address":"164 Division St Unit 201","oz":"N"},"geometry":{"type":"Point","coordinates":[-88.283224,42.038882]}},{"type":"Feature","properties":{"id":"aAA6T000000kHh4","address":"164 Division St Unit 203","oz":"N"},"geometry":{"type":"Point","coordinates":[-88.283224,42.038858]}},{"type":"Feature","properties":{"id":"aAA6T000000kHh9","address":"164 Division St Unit 205","oz":"N"},"geometry":{"type":"Point","coordinates":[-88.283222,42.038819]}},{"type":"Feature","properties":{"id":"aAA6T000000kHhE","address":"164 Division St Unit 206","oz":"N"},"geometry":{"type":"Point","coordinates":[-88.283228,42.038901]}},{"type":"Feature","properties":{"id":"aAA6T000000kHhJ","address":"164 Division St Unit 207","oz":"N"},"geometry":{"type":"Point","coordinates":[-88.283233,42.038923]}},{"type":"Feature","properties":{"id":"aAA6T000000kHhO","address":"164 Division St Unit 208","oz":"N"},"geometry":{"type":"Point","coordinates":[-88.283222,42.038754]}},{"type":"Feature","properties":{"id":"aAA6T000000kHhT","address":"164 Division St Unit 209","oz":"N"},"geometry":{"type":"Point","coordinates":[-88.283222,42.03874]}},{"type":"Feature","properties":{"id":"aAA6T000000kHhY","address":"164 Division St Unit 210","oz":"N"},"geometry":{"type":"Point","coordinates":[-88.283223,42.038875]}},{"type":"Feature","properties":{"id":"aAA6T000000kHhd","address":"164 Division St Unit 211","oz":"N"},"geometry":{"type":"Point","coordinates":[-88.283223,42.038769]}},{"type":"Feature","properties":{"id":"aAA6T000000kHkr","address":"42 S Spring St","oz":"N"},"geometry":{"type":"Point","coordinates":[-88.282678,42.036643]}},{"type":"Feature","properties":{"id":"aAA6T000000kHkw","address":"44 S Spring St","oz":"N"},"geometry":{"type":"Point","coordinates":[-88.282693,42.03655]}},{"type":"Feature","properties":{"id":"aAA6T000000kHl1","address":"46 S Spring St","oz":"N"},"geometry":{"type":"Point","coordinates":[-88.282695,42.036449]}},{"type":"Feature","properties":{"id":"aAA6T000000sq0J","address":"24 26 S Grove Ave","oz":"N"},"geometry":{"type":"Point","coordinates":[-88.284065,42.036534]}},{"type":"Feature","properties":{"id":"aAARm00000017Vh","address":"216 Dupage St","oz":"N"},"geometry":{"type":"Point","coordinates":[-88.281873,42.036649]}},{"type":"Feature","properties":{"id":"aAARm00000017Yv","address":"216 Dupage St Unit 200","oz":"N"},"geometry":{"type":"Point","coordinates":[-88.281904,42.03667]}},{"type":"Feature","properties":{"id":"aAARm00000017aX","address":"216 Dupage St Unit 201","oz":"N"},"geometry":{"type":"Point","coordinates":[-88.281868,42.0367]}},{"type":"Feature","properties":{"id":"aAARm00000017c9","address":"216 Dupage St Unit 300","oz":"N"},"geometry":{"type":"Point","coordinates":[-88.281828,42.036662]}},{"type":"Feature","properties":{"id":"aAARm00000017dl","address":"216 Dupage St Unit 400","oz":"N"},"geometry":{"type":"Point","coordinates":[-88.281903,42.036628]}},{"type":"Feature","properties":{"id":"aAARm00000017XJ","address":"216 Dupage St Unit 100","oz":"N"},"geometry":{"type":"Point","coordinates":[-88.281834,42.036629]}},{"type":"Feature","properties":{"id":"aAA6T000000kHeo","address":"51 Douglas Ave Unit 2ND Flr","oz":"N"},"geometry":{"type":"Point","coordinates":[-88.283837,42.03827]}},{"type":"Feature","properties":{"id":"pt2514","address":"164 Division St Unit 409","oz":"N"},"geometry":{"type":"Point","coordinates":[-88.283223,42.038887]}},{"type":"Feature","properties":{"id":"aAARm00000027evOAA","address":"330 Raymond St","hd_name":"Elgin National Watch","oz":"N"},"geometry":{"type":"Point","coordinates":[-88.274827,42.030119]}},{"type":"Feature","properties":{"id":"aAARm0000002Wv3OAE","address":"168 E Highland Ave Unit 101","oz":"N"},"geometry":{"type":"Point","coordinates":[-88.283085,42.038326]}},{"type":"Feature","properties":{"id":"aAARm0000002zXFOAY","address":"115 S Grove Ave Unit 210A","oz":"N"},"geometry":{"type":"Point","coordinates":[-88.282225,42.034992]}},{"type":"Feature","properties":{"id":"aAARm0000002zYrOAI","address":"115 S Grove Ave Unit 210B","oz":"N"},"geometry":{"type":"Point","coordinates":[-88.282196,42.034992]}},{"type":"Feature","properties":{"id":"aAARm0000002zaTOAQ","address":"115 S Grove Ave Unit 210C","oz":"N"},"geometry":{"type":"Point","coordinates":[-88.282218,42.034982]}},{"type":"Feature","properties":{"id":"aAARm0000002zc5OAA","address":"115 S Grove Ave Unit 210D","oz":"N"},"geometry":{"type":"Point","coordinates":[-88.282197,42.034982]}},{"type":"Feature","properties":{"id":"aAARm0000003kCnOAI","address":"87 95 Clock Tower Plz","oz":"N"},"geometry":{"type":"Point","coordinates":[-88.278059,42.029741]}},{"type":"Feature","properties":{"id":"aAARm0000005pDBOAY","address":"132 College St","hd_name":"Elgin","oz":"N"},"geometry":{"type":"Point","coordinates":[-88.278056,42.039771]}},{"type":"Feature","properties":{"id":"aAARm0000005wbFOAQ","address":"203 Symphony Way","oz":"N"},"geometry":{"type":"Point","coordinates":[-88.282271,42.040232]}}]}